,jupyter notebook,jupyter,jupyter-notebook,python,ipython,ipython-notebook
0,0.0,0.0,0.0,0.01053639846743295,0.0,0.0
1,0.0,0.0,0.0,0.02899628252788104,0.0,0.0
2,0.09410548086866598,0.0,0.0,0.18510858324715612,0.0,0.0
3,0.0,0.0,0.0,0.0,0.0,0.0
4,0.0,0.0,0.0,0.0,0.0,0.0
5,0.0,0.0,0.0,0.018304431599229287,0.0,0.0
6,0.0,0.0,0.0,0.07647058823529412,0.0,0.0
7,0.0759493670886076,0.0,0.0,0.006329113924050633,0.0,0.0
8,0.0,0.0,0.0,0.008645533141210375,0.0,0.0
9,0.0,0.0,0.0,0.062162162162162166,0.0,0.0
10,0.0,0.0,0.0,0.19922380336351875,0.0,0.0
11,0.0,0.0,0.0,0.4037735849056604,0.0,0.0
12,0.0,0.0,0.0,0.005751848808545604,0.0,0.0
13,0.0,0.0,0.0,0.0,0.0,0.0
14,0.0,0.0,0.0,0.0074836295603367626,0.0,0.0
15,0.0,0.0,0.0,0.0,0.0,0.0
16,0.0,0.0,0.0,0.03389830508474576,0.0,0.0
17,0.0,0.0,0.0,0.0,0.0,0.0
18,0.0,0.0,0.0,0.0,0.0,0.0
19,0.0,0.0,0.0,0.27631578947368424,0.0,0.0
20,0.0,0.0,0.0,0.02576687116564417,0.0,0.0
21,0.0,0.0,0.0,0.0,0.0,0.0
22,0.0,0.0,0.0,0.0,0.0,0.0
23,0.0,0.0,0.0,0.4709110867178925,0.0,0.0
24,0.0,0.0,0.0,0.0,0.0,0.0
25,0.0,0.0,0.0,0.0,0.0,0.0
26,0.025,0.0,0.0,0.15,0.0,0.0
27,0.0,0.0,0.0,0.0,0.0,0.0
28,0.0,0.0,0.0,0.021359223300970873,0.0,0.0
29,0.0,0.0,0.0,0.0,0.0,0.0
30,0.0,0.0,0.0,0.0,0.0,0.0
31,0.0,0.0,0.0,0.010054844606946984,0.0,0.0
32,0.0,0.0,0.0,0.0,0.0,0.0
33,0.0,0.0,0.0,0.0,0.0,0.0
34,0.0,0.0,0.0,0.03218727139722019,0.0,0.0
35,0.0,0.0,0.0,0.226027397260274,0.0,0.0
36,0.0,0.0,0.0,0.09826589595375723,0.0,0.0
37,0.0,0.0,0.0,0.3216957605985037,0.0,0.0
38,0.0,0.0,0.0,0.0,0.0,0.0
39,0.0,0.0,0.0,0.0,0.0,0.0
40,0.0,0.0,0.0,0.0,0.0,0.0
41,0.0,0.0,0.0,0.0,0.0,0.0
42,0.0,0.0,0.0,0.0,0.0,0.0
43,0.0,0.0,0.0,0.018444266238973536,0.0,0.0
44,0.0,0.0,0.0,0.0,0.0,0.0
45,0.0,0.0,0.0,0.0,0.0,0.0
46,0.0,0.0,0.0,0.128698224852071,0.0,0.0
47,0.0,0.0,0.0,0.0,0.0,0.0
48,0.0,0.0,0.0,0.0,0.0,0.0
49,0.0,0.0,0.0,0.0,0.0,0.0
50,0.0,0.0,0.0,0.0,0.0,0.0
51,0.0,0.0,0.0,0.0,0.0,0.0
52,0.0,0.0,0.0,0.0,0.0,0.0
53,0.0,0.0,0.0,0.2353515625,0.0,0.0
54,0.0,0.0,0.0,0.1195219123505976,0.0,0.0
55,0.0,0.0,0.0,0.0,0.0,0.0
56,0.0,0.0,0.0,0.024311183144246355,0.0,0.0
57,0.0,0.0,0.0,0.07559055118110236,0.0,0.0
58,0.0,0.0,0.0,0.0,0.0,0.0
59,0.0,0.0,0.0,0.03770491803278689,0.0,0.0
60,0.0,0.0,0.0,0.011441647597254004,0.0,0.0
61,0.0,0.0,0.0,0.0,0.0,0.0
62,0.0,0.0,0.0,0.0,0.0,0.0
63,0.0,0.0,0.0,0.0,0.0,0.0
64,0.0,0.0,0.0,0.0,0.0,0.0
65,0.0,0.0,0.0,0.02933673469387755,0.0,0.0
66,0.0,0.0,0.0,0.12195121951219512,0.0,0.0
67,0.0,0.0,0.0,0.0,0.0,0.0
68,0.0,0.0,0.0,0.01904761904761905,0.0,0.0
69,0.0,0.0,0.0,0.0,0.0,0.0
70,0.0,0.0,0.0,0.4603330068560235,0.0,0.0
71,0.0,0.0,0.0,0.09433962264150944,0.0,0.0
72,0.0,0.0,0.0,0.0,0.0,0.0
73,0.0,0.0,0.0,0.06866952789699571,0.0,0.0
74,0.0,0.0,0.0,0.0,0.0,0.0
75,0.0,0.0,0.0,0.040236686390532544,0.0,0.0
76,0.04767879548306148,0.0,0.0,0.09410288582183186,0.0,0.0
77,0.0,0.0,0.0,0.044188280499519686,0.0,0.0
78,0.0,0.0,0.0,0.043029259896729774,0.0,0.0
79,0.0,0.0,0.0,0.0,0.0,0.0
80,0.0,0.0,0.0,0.0,0.0,0.0
81,0.0,0.0,0.0,0.0,0.0,0.0
82,0.0,0.0,0.0,0.0,0.0,0.0
83,0.0,0.0,0.0,0.06460296096904443,0.0,0.0
84,0.0,0.0,0.0,0.0,0.0,0.0
85,0.0,0.0,0.0,0.02083333333333333,0.0,0.0
86,0.0,0.0,0.0,0.02991452991452992,0.0,0.0
87,0.0,0.0,0.0,0.0,0.0,0.0
88,0.0,0.0,0.0,0.0,0.0,0.0
89,0.0,0.0,0.0,0.0,0.0,0.0
90,0.0,0.0,0.0,0.0,0.0,0.0
91,0.0,0.0,0.0,0.0,0.0,0.0
92,0.0,0.0,0.0,0.022920203735144317,0.0,0.0
93,0.0,0.0,0.0,0.0,0.0,0.0
94,0.0,0.0,0.0,0.0,0.0,0.0
95,0.0,0.0,0.0,0.0,0.0,0.0
96,0.0,0.0,0.0,0.0,0.0,0.0
97,0.0,0.0,0.0,0.10188261351052047,0.0,0.0
98,0.0,0.0,0.0,0.0,0.0,0.0
99,0.0,0.0,0.0,0.31562819203268644,0.0,0.0
100,0.0,0.0,0.0,0.0,0.0,0.0
101,0.0,0.0,0.0,0.0,0.0,0.0
102,0.0,0.0,0.0,0.0,0.0,0.0
103,0.0,0.0,0.0,0.00737100737100737,0.0,0.0
104,0.0,0.0,0.0,0.0,0.0,0.0
105,0.0,0.0,0.0,0.0,0.0,0.0
106,0.0,0.0,0.0,0.18397085610200364,0.0,0.0
107,0.0,0.0,0.0,0.3157894736842105,0.0,0.0
108,0.0,0.0,0.0,0.0,0.0,0.0
109,0.0,0.0,0.0,0.0,0.0,0.0
110,0.0,0.0,0.0,0.0,0.0,0.0
111,0.0,0.0,0.0,0.011363636363636364,0.0,0.0
112,0.0,0.0,0.0,0.07538994800693241,0.0,0.0
113,0.0,0.0,0.0,0.09016393442622953,0.0,0.0
114,0.0,0.0,0.0,0.05325443786982249,0.0,0.0
115,0.0,0.0,0.0,0.09729064039408868,0.0,0.0
116,0.07352941176470587,0.0,0.0,0.0,0.0,0.0
117,0.0,0.0,0.0,0.0,0.0,0.0
118,0.0,0.0,0.0,0.0,0.0,0.0
119,0.0,0.0,0.0,0.0,0.0,0.0
120,0.0,0.0,0.0,0.0,0.0,0.0
121,0.0,0.0,0.0,0.0,0.0,0.0
122,0.0,0.0,0.0,0.03597122302158273,0.0,0.0
123,0.0,0.0,0.0,0.1298828125,0.0,0.0
124,0.0,0.0,0.0,0.0,0.0,0.0
125,0.0,0.0,0.0,0.0,0.0,0.0
126,0.0,0.0,0.0,0.0,0.0,0.0
127,0.0,0.0,0.0,0.0,0.0,0.0
128,0.0,0.0,0.0,0.0033670033670033673,0.0,0.0
129,0.0,0.0,0.0,0.006833712984054671,0.0,0.0
130,0.0,0.0,0.0,0.03292894280762565,0.0,0.0
131,0.0,0.0,0.0,0.0,0.0,0.0
132,0.0,0.0,0.0,0.013665594855305468,0.0,0.0
133,0.0,0.0,0.0,0.0,0.0,0.0
134,0.0,0.0,0.0,0.0,0.0,0.0
135,0.0,0.0,0.0,0.015873015873015872,0.0,0.0
136,0.0,0.0,0.0,0.0,0.0,0.0
137,0.0,0.0,0.0,0.0,0.0,0.0
138,0.0,0.0,0.0,0.0,0.0,0.0
139,0.0,0.0,0.0,0.12571428571428572,0.0,0.0
140,0.0,0.0,0.0,0.0,0.0,0.0
141,0.0,0.0,0.0,0.14209115281501342,0.0,0.0
142,0.0,0.0,0.0,0.053467000835421885,0.0,0.0
143,0.0,0.0,0.0,0.0,0.0,0.0
144,0.0,0.0,0.0,0.02178217821782178,0.0,0.0
145,0.0,0.0,0.0,0.09283387622149836,0.0,0.0
146,0.0,0.0,0.0,0.015306122448979591,0.0,0.0
147,0.0,0.0,0.0,0.0,0.0,0.0
148,0.0,0.0,0.0,0.0,0.0,0.0
149,0.0,0.0,0.0,0.18,0.0,0.0
150,0.01282051282051282,0.0,0.0,0.08012820512820512,0.0,0.0
151,0.0,0.0,0.0,0.0,0.0,0.0
152,0.19047619047619047,0.0,0.0,0.0,0.0,0.0
153,0.0,0.0,0.0,0.009099181073703366,0.0,0.0
154,0.08,0.0,0.0,0.24,0.0,0.0
155,0.0,0.0,0.0,0.08786610878661087,0.0,0.0
156,0.0,0.0,0.0,0.0,0.0,0.0
157,0.0,0.0,0.0,0.0,0.0,0.0
158,0.0,0.0,0.0,0.0,0.0,0.0
159,0.0,0.0,0.0,0.0,0.0,0.0
160,0.0,0.0,0.0,0.0,0.0,0.0
161,0.0,0.0,0.0,0.03637770897832817,0.0,0.0
162,0.0,0.0,0.0,0.01037037037037037,0.0,0.0
163,0.0,0.0,0.0,0.020657995409334357,0.0,0.0
164,0.0,0.0,0.0,0.0,0.0,0.0
165,0.0,0.0,0.0,0.2,0.0,0.0
166,0.0,0.0,0.0,0.0,0.0,0.0
167,0.0,0.0,0.0,0.030060120240480964,0.0,0.0
168,0.0,0.0,0.0,0.0,0.0,0.0
169,0.0,0.0,0.0,0.1334106728538283,0.0,0.0
170,0.0,0.0,0.0,0.08957654723127036,0.0,0.0
171,0.07650765076507651,0.0,0.0,0.13591359135913592,0.020702070207020702,0.0126012601260126
172,0.0,0.0,0.0,0.055938697318007664,0.0,0.0
173,0.0,0.0,0.0,0.2223776223776224,0.0,0.0
174,0.0,0.0,0.0,0.0,0.0,0.0
175,0.02364864864864865,0.0,0.0,0.019425675675675675,0.0,0.0
176,0.017651052274270197,0.0,0.0,0.0,0.0,0.0
177,0.0,0.0,0.0,0.0,0.0,0.0
178,0.0,0.0,0.0,0.0,0.0,0.0
179,0.0,0.0,0.0,0.0,0.0,0.0
180,0.0,0.0,0.0,0.0,0.0,0.0
181,0.0,0.0,0.0,0.0,0.0,0.0
182,0.0,0.0,0.0,0.0,0.0,0.0
183,0.0,0.0,0.0,0.0,0.0,0.0
184,0.0,0.0,0.0,0.0,0.0,0.0
185,0.04364326375711575,0.0,0.0,0.2030360531309298,0.0047438330170777995,0.0
186,0.0,0.0,0.0,0.1021505376344086,0.0,0.0
187,0.0,0.0,0.0,0.060606060606060615,0.0,0.0
188,0.0,0.0,0.0,0.11428571428571427,0.0,0.0
189,0.0,0.0,0.0,0.0,0.0,0.0
190,0.0,0.0,0.0,0.0,0.0,0.0
191,0.0,0.0,0.0,0.0,0.0,0.0
192,0.0,0.0,0.0,0.011345218800648298,0.0,0.0
193,0.0,0.0,0.0,0.08823529411764706,0.0,0.0
194,0.0,0.0,0.0,0.09961685823754787,0.019157088122605363,0.0
195,0.0,0.0,0.0,0.0,0.0,0.0
196,0.0,0.0,0.0,0.013736263736263736,0.0,0.0
197,0.0,0.0,0.0,0.0,0.0,0.0
198,0.0,0.0,0.0,0.0,0.0,0.0
199,0.0,0.0,0.0,0.010402219140083218,0.0,0.0
200,0.01977401129943503,0.0,0.0,0.007768361581920904,0.0,0.0
201,0.0,0.0,0.0,0.0,0.0,0.0
202,0.0,0.0,0.0,0.0,0.0,0.0
203,0.0,0.0,0.0,0.01764234161988773,0.0,0.0
204,0.0,0.0,0.0,0.0,0.0,0.0
205,0.0,0.0,0.0,0.008456659619450317,0.0,0.0
206,0.0,0.0,0.0,0.0,0.0,0.0
207,0.0,0.0,0.0,0.0,0.0,0.0
208,0.08928571428571429,0.04464285714285714,0.04464285714285714,0.08035714285714286,0.0,0.0
209,0.0,0.0,0.0,0.0,0.0,0.0
210,0.0,0.0,0.0,0.0,0.0,0.0
211,0.0,0.0,0.0,0.0,0.0,0.0
212,0.0,0.0,0.0,0.5,0.0,0.0
213,0.0,0.0,0.0,0.0647748303516348,0.0,0.0
214,0.0,0.0,0.0,0.07142857142857142,0.0,0.0
215,0.0,0.0,0.0,0.0,0.0,0.0
216,0.0,0.0,0.0,0.26961107448912325,0.0,0.0
217,0.0,0.0,0.0,0.0,0.0,0.0
218,0.0,0.0,0.0,0.023679417122040074,0.0,0.0
219,0.0,0.0,0.0,0.0,0.0,0.0
220,0.0,0.0,0.0,0.0,0.0,0.0
221,0.0,0.0,0.0,0.02269170579029734,0.0,0.0
222,0.0,0.0,0.0,0.018828451882845192,0.0,0.0
223,0.02697495183044316,0.0,0.0,0.09248554913294796,0.0,0.0
224,0.0,0.0,0.0,0.12727272727272726,0.0,0.0
225,0.0,0.0,0.0,0.2504273504273504,0.0,0.0
226,0.0,0.0,0.0,0.005813953488372093,0.0,0.0
227,0.0,0.0,0.0,0.0,0.0,0.0
228,0.0,0.0,0.0,0.014705882352941175,0.0,0.0
229,0.0,0.0,0.0,0.4224137931034483,0.0,0.0
230,0.0,0.0,0.0,0.0673352435530086,0.0,0.0
231,0.0,0.0,0.0,0.0,0.0,0.0
232,0.0,0.0,0.0,0.01975051975051975,0.0,0.0
233,0.0,0.0,0.0,0.12903225806451613,0.0,0.0
234,0.0,0.0,0.0,0.0,0.0,0.0
235,0.0,0.0,0.0,0.045454545454545456,0.0,0.0
236,0.0,0.0,0.0,0.0,0.0,0.0
237,0.0,0.0,0.0,0.08196721311475409,0.0,0.0
238,0.0,0.0,0.0,0.0,0.0,0.0
239,0.0,0.0,0.0,0.0,0.0,0.0
240,0.0,0.0,0.0,0.006651884700665189,0.0,0.0
241,0.0,0.0,0.0,0.0,0.0,0.0
242,0.0,0.0,0.0,0.0,0.0,0.0
243,0.0,0.0,0.0,0.020389249304911955,0.0,0.0
244,0.0,0.0,0.0,0.008368200836820083,0.0,0.0
245,0.0,0.0,0.0,0.0,0.0,0.0
246,0.0,0.0,0.0,0.0,0.0,0.0
247,0.0,0.0,0.0,0.0,0.0,0.0
248,0.0,0.0,0.0,0.0,0.0,0.0
249,0.0,0.0,0.0,0.05128205128205128,0.0,0.0
250,0.0,0.0,0.0,0.01629502572898799,0.0,0.0
251,0.0,0.0,0.0,0.0,0.0,0.0
252,0.0,0.0,0.0,0.01866251944012442,0.0,0.0
253,0.0,0.0,0.0,0.0,0.0,0.0
254,0.0,0.0,0.0,0.0605726872246696,0.0,0.0
255,0.0,0.0,0.0,0.19142419601837676,0.0,0.0
256,0.0,0.0,0.0,0.6461187214611872,0.0,0.0
257,0.0,0.0,0.0,0.0,0.0,0.0
258,0.0,0.0,0.0,0.2549019607843137,0.0,0.0
259,0.0,0.0,0.0,0.010427528675703858,0.0,0.0
260,0.0,0.0,0.0,0.0,0.0,0.0
261,0.0,0.0,0.0,0.0,0.0,0.0
262,0.0,0.0,0.0,0.0,0.0,0.0
263,0.0,0.0,0.0,0.0,0.0,0.0
264,0.0,0.0,0.0,0.0,0.0,0.0
265,0.0,0.0,0.0,0.0,0.0,0.0
266,0.0,0.0,0.0,0.0,0.0,0.0
267,0.0,0.0,0.0,0.02289156626506024,0.0,0.0
268,0.0,0.0,0.0,0.007107320540156361,0.0,0.0
269,0.0,0.0,0.0,0.03836317135549872,0.0,0.0
270,0.0,0.0,0.0,0.0017953321364452427,0.0,0.0
271,0.0,0.0,0.0,0.0,0.0,0.0
272,0.0,0.0,0.0,0.0,0.0,0.0
273,0.0,0.0,0.0,0.009602194787379972,0.0,0.0
274,0.0,0.0,0.0,0.0,0.0,0.0
275,0.0,0.0,0.0,0.0,0.0,0.0
276,0.0,0.0,0.0,0.0,0.0,0.0
277,0.0,0.0,0.0,0.0,0.0,0.0
278,0.0,0.0,0.0,0.014150943396226415,0.0,0.0
279,0.0,0.0,0.0,0.05,0.0,0.0
280,0.0,0.0,0.0,0.0,0.0,0.0
281,0.0,0.0,0.0,0.0,0.0,0.0
282,0.0,0.0,0.0,0.0,0.0,0.0
283,0.0,0.0,0.0,0.0,0.0,0.0
284,0.0,0.0,0.0,0.0,0.0,0.0
285,0.0,0.0,0.0,0.0,0.0,0.0
286,0.0,0.0,0.0,0.0,0.0,0.0
287,0.0,0.0,0.0,0.0,0.0,0.0
288,0.0,0.0,0.0,0.0,0.0,0.0
289,0.0,0.0,0.0,0.021215043394406944,0.0,0.0
290,0.0,0.0,0.0,0.045812455261274164,0.0,0.0
291,0.0,0.0,0.0,0.006864988558352402,0.0,0.0
292,0.0,0.0,0.0,0.0,0.0,0.0
293,0.0,0.0,0.0,0.0,0.0,0.0
294,0.0,0.0,0.0,0.0,0.0,0.0
295,0.0,0.0,0.0,0.0,0.0,0.0
296,0.017272727272727273,0.0,0.0,0.02363636363636364,0.0,0.0
297,0.0,0.0,0.0,0.0,0.0,0.0
298,0.0,0.0,0.0,0.0,0.0,0.0
299,0.0,0.0,0.0,0.0,0.0,0.0
300,0.0,0.0,0.0,0.0,0.0,0.0
301,0.0,0.0,0.0,0.0,0.0,0.0
302,0.0,0.0,0.0,0.0,0.0,0.0
303,0.0,0.0,0.0,0.0,0.0,0.0
304,0.0,0.0,0.0,0.023674242424242424,0.0,0.0
305,0.0,0.0,0.0,0.0,0.0,0.0
306,0.0,0.0,0.0,0.0,0.0,0.0
307,0.0,0.0,0.0,0.013333333333333334,0.0,0.0
308,0.0,0.0,0.0,0.14393463230672532,0.0,0.0
309,0.0,0.0,0.0,0.0,0.0,0.0
310,0.0,0.0,0.0,0.0,0.0,0.0
311,0.0,0.0,0.0,0.0,0.0,0.0
312,0.0,0.0,0.0,0.010375099760574621,0.0,0.0
313,0.0,0.0,0.0,0.0,0.0,0.0
314,0.0,0.0,0.0,0.0,0.0,0.0
315,0.0,0.0,0.0,0.0,0.0,0.0
316,0.0,0.0,0.0,0.05232558139534884,0.0,0.0
317,0.0,0.0,0.0,0.0,0.0,0.0
318,0.0,0.0,0.0,0.0,0.0,0.0
319,0.0,0.0,0.0,0.014684287812041116,0.0,0.0
320,0.0,0.0,0.0,0.0009017132551848512,0.0,0.0
321,0.0,0.0,0.0,0.035283993115318414,0.0,0.0
322,0.0,0.0,0.0,0.0,0.0,0.0
323,0.0,0.0,0.0,0.11278735632183907,0.0071839080459770105,0.0
324,0.0,0.0,0.0,0.0,0.0,0.0
325,0.0,0.0,0.0,0.029227557411273482,0.0,0.0
326,0.0,0.0,0.0,0.0,0.0,0.0
327,0.0,0.0,0.0,0.0,0.0,0.0
328,0.0,0.0,0.0,0.17593528816986856,0.0,0.0
329,0.0,0.0,0.0,0.054179566563467486,0.0,0.0
330,0.0,0.0,0.0,0.0,0.0,0.0
331,0.0,0.0,0.0,0.0,0.0,0.0
332,0.0,0.0,0.0,0.0,0.0,0.0
333,0.0,0.0,0.0,0.0,0.0,0.0
334,0.0,0.0,0.0,0.029689608636977057,0.0,0.0
335,0.0,0.0,0.0,0.015267175572519085,0.0,0.0
336,0.0,0.0,0.0,0.0,0.0,0.0
337,0.0,0.0,0.0,0.01478599221789883,0.0,0.0
338,0.0,0.0,0.0,0.116793893129771,0.0,0.0
339,0.0,0.0,0.0,0.0,0.0,0.0
340,0.0,0.0,0.0,0.0,0.0,0.0
341,0.0,0.0,0.0,0.0,0.0,0.0
342,0.0,0.0,0.0,0.0,0.0,0.0
343,0.0,0.0,0.0,0.0,0.0,0.0
344,0.0,0.0,0.0,0.1890389197776013,0.0,0.0
345,0.0,0.0,0.0,0.0,0.0,0.0
346,0.0,0.0,0.0,0.0,0.0,0.0
347,0.0,0.0,0.0,0.0013486176668914365,0.0,0.0
348,0.0,0.0,0.0,0.0,0.0,0.0
349,0.0,0.0,0.0,0.18181818181818185,0.0,0.0
350,0.0,0.0,0.0,0.0625,0.03125,0.0
351,0.0,0.0,0.0,0.08481764206955046,0.0,0.0
352,0.0,0.0,0.0,0.0006635700066357001,0.0,0.0
353,0.0,0.0,0.0,0.016563146997929608,0.0,0.0
354,0.0,0.0,0.0,0.0,0.0,0.0
355,0.0,0.0,0.0,0.06542056074766353,0.0,0.0
356,0.0,0.0,0.0,0.2328358208955224,0.0,0.0
357,0.0,0.0,0.0,0.0,0.0,0.0
358,0.0,0.0,0.0,0.0,0.0,0.0
359,0.0,0.0,0.0,0.0,0.0,0.0
360,0.0,0.0,0.0,0.0,0.0,0.0
361,0.0,0.0,0.0,0.0,0.0,0.0
362,0.0,0.0,0.0,0.14873713751169318,0.0,0.0
363,0.0,0.0,0.0,0.01282051282051282,0.0,0.0
364,0.0,0.0,0.0,0.04615384615384616,0.0,0.0
365,0.0,0.0,0.0,0.007843137254901959,0.0,0.0
366,0.0,0.0,0.0,0.0,0.0,0.0
367,0.0,0.0,0.0,0.029333333333333333,0.0,0.0
368,0.0,0.0,0.0,0.25473684210526315,0.0,0.0
369,0.0,0.0,0.0,0.2714748784440843,0.0,0.0
370,0.0,0.0,0.0,0.0,0.0,0.0
371,0.0,0.0,0.0,0.039917412250516184,0.0,0.0
372,0.0,0.0,0.0,0.0,0.0,0.0
373,0.0,0.0,0.0,0.0,0.0,0.0
374,0.0,0.0,0.0,0.0,0.0,0.0
375,0.0,0.0,0.0,0.003484320557491289,0.0,0.0
376,0.0,0.0,0.0,0.0,0.0,0.0
377,0.0,0.0,0.0,0.024360535931790498,0.0,0.0
378,0.0,0.0,0.0,0.0,0.0,0.0
379,0.0,0.0,0.0,0.056338028169014086,0.0,0.0
380,0.0,0.0,0.0,0.0,0.0,0.0
381,0.0,0.0,0.0,0.05947955390334572,0.0,0.0
382,0.0,0.0,0.0,0.008294930875576038,0.0,0.0
383,0.0,0.0,0.0,0.0,0.0,0.0
384,0.0,0.0,0.0,0.0,0.0,0.0
385,0.0,0.0,0.0,0.06923579359895493,0.016982364467668192,0.016982364467668192
386,0.0,0.0,0.0,0.13368983957219252,0.0,0.0
387,0.0,0.0,0.0,0.014961101137043688,0.0,0.0
388,0.0,0.0,0.0,0.002772002772002772,0.0,0.0
389,0.0,0.0,0.0,0.04360189573459716,0.0,0.0
390,0.0,0.0,0.0,0.0,0.0,0.0
391,0.0,0.0,0.0,0.0,0.0,0.0
392,0.0,0.0,0.0,0.0,0.0,0.0
393,0.020964360587002098,0.0,0.0,0.0573025856044724,0.0,0.0
394,0.0,0.0,0.0,0.004711425206124852,0.0,0.0
395,0.0,0.0,0.0,0.004302397049784881,0.0,0.0
396,0.0,0.0,0.0,0.01671122994652406,0.0,0.0
397,0.0,0.0,0.0,0.0,0.0,0.0
398,0.0,0.0,0.0,0.0,0.0,0.0
399,0.0,0.0,0.0,0.0,0.0,0.0
400,0.0,0.0,0.0,0.0,0.0,0.0
401,0.0,0.0,0.0,0.07653061224489796,0.0,0.0
402,0.0,0.0,0.0,0.0,0.0,0.0
403,0.0,0.0,0.0,0.0361958836053939,0.0,0.0
404,0.0,0.0,0.0,0.0,0.0,0.0
405,0.0,0.0,0.0,0.0,0.0,0.0
406,0.0,0.0,0.0,0.0,0.0,0.0
407,0.0,0.0,0.0,0.2271186440677966,0.0,0.0
408,0.0,0.0,0.0,0.0,0.0,0.0
409,0.0,0.0,0.0,0.005279034690799397,0.0,0.0
410,0.0,0.0,0.0,0.0,0.0,0.0
411,0.0,0.0,0.0,0.06988188976377953,0.0,0.0
412,0.0,0.0,0.0,0.0,0.0,0.0
413,0.0,0.0,0.0,0.0,0.0,0.0
414,0.0,0.0,0.0,0.0,0.0,0.0
415,0.0,0.0,0.0,0.01541251133272892,0.0,0.0
416,0.0,0.0,0.0,0.0339622641509434,0.0,0.0
417,0.0,0.0,0.0,0.0,0.0,0.0
418,0.0,0.0,0.0,0.0,0.0,0.0
419,0.0,0.0,0.0,0.010070493454179257,0.0,0.0
420,0.0,0.0,0.0,0.013221153846153846,0.0,0.0
421,0.0,0.0,0.0,0.0,0.0,0.0
422,0.0,0.0,0.0,0.0,0.0,0.0
423,0.0,0.0,0.0,0.006666666666666667,0.0,0.0
424,0.0,0.0,0.0,0.0,0.0,0.0
425,0.0,0.0,0.0,0.1020408163265306,0.0,0.0
426,0.0,0.0,0.0,0.0,0.0,0.0
427,0.0,0.0,0.0,0.041079092581238506,0.0,0.0
428,0.0,0.0,0.0,0.049689440993788817,0.0,0.0
429,0.0,0.0,0.0,0.0,0.0,0.0
430,0.0,0.0,0.0,0.0,0.0,0.0
431,0.0,0.0,0.0,0.0,0.0,0.0
432,0.0,0.0,0.0,0.06274509803921569,0.0,0.0
433,0.0,0.0,0.0,0.0,0.0,0.0
434,0.0,0.0,0.0,0.0,0.0,0.0
435,0.0,0.0,0.0,0.0,0.0,0.0
436,0.0,0.0,0.0,0.023809523809523808,0.0,0.0
437,0.0,0.0,0.0,0.047524752475247525,0.0,0.0
438,0.0,0.0,0.0,0.0,0.0,0.0
439,0.0,0.0,0.0,0.040229885057471264,0.0,0.0
440,0.0,0.0,0.0,0.008009858287122612,0.0,0.0
441,0.0,0.0,0.0,0.03120759837177748,0.0,0.0
442,0.0,0.0,0.0,0.0,0.0,0.0
443,0.0,0.0,0.0,0.13793103448275862,0.0,0.0
444,0.0,0.0,0.0,0.03314917127071823,0.0,0.0
445,0.0,0.0,0.0,0.0,0.0,0.0
446,0.0,0.0,0.0,0.057570977917981075,0.0,0.0
447,0.0,0.0,0.0,0.0,0.0,0.0
448,0.0,0.0,0.0,0.0,0.0,0.0
449,0.0,0.0,0.0,0.0,0.0,0.0
450,0.0,0.0,0.0,0.0,0.0,0.0
451,0.0,0.0,0.0,0.00870253164556962,0.0,0.0
452,0.0,0.0,0.0,0.0,0.0,0.0
453,0.0,0.0,0.0,0.0,0.0,0.0
454,0.0,0.0,0.0,0.12143514259429625,0.0,0.0
455,0.03829787234042553,0.0,0.0,0.14042553191489365,0.01702127659574468,0.01702127659574468
456,0.0,0.0,0.0,0.0,0.0,0.0
457,0.0,0.0,0.0,0.0,0.0,0.0
458,0.0,0.0,0.0,0.0,0.0,0.0
459,0.0,0.0,0.0,0.022727272727272728,0.0,0.0
460,0.0,0.0,0.0,0.0,0.0,0.0
461,0.0,0.0,0.0,0.0,0.0,0.0
462,0.0,0.0,0.0,0.0,0.0,0.0
463,0.0,0.0,0.0,0.0,0.0,0.0
464,0.0,0.0,0.0,0.0,0.0,0.0
465,0.0,0.0,0.0,0.09714285714285714,0.0,0.0
466,0.0,0.0,0.0,0.051996285979572884,0.0,0.0
467,0.0,0.0,0.0,0.07581573896353166,0.0,0.0
468,0.0,0.0,0.0,0.0,0.0,0.0
469,0.0,0.0,0.0,0.0,0.0,0.0
470,0.0,0.0,0.0,0.0,0.0,0.0
471,0.0,0.0,0.0,0.007936507936507936,0.0,0.0
472,0.0,0.0,0.0,0.016233766233766232,0.0,0.0
473,0.011523687580025609,0.011523687580025609,0.011523687580025609,0.22087067861715748,0.0,0.0
474,0.0,0.0,0.0,0.034545454545454546,0.0,0.0
475,0.0,0.0,0.0,0.05449591280653951,0.0,0.0
476,0.11258278145695363,0.0,0.0,0.17880794701986755,0.0009460737937559131,0.0009460737937559131
477,0.0,0.0,0.0,0.0,0.0,0.0
478,0.0,0.0,0.0,0.163,0.0,0.0
479,0.0,0.0,0.0,0.0,0.0,0.0
480,0.0,0.0,0.0,0.0,0.0,0.0
481,0.0,0.0,0.0,0.0,0.0,0.0
482,0.0,0.0,0.0,0.0,0.0,0.0
483,0.0,0.0,0.0,0.0,0.0,0.0
484,0.0,0.0,0.0,0.0,0.0,0.0
485,0.0,0.0,0.0,0.0,0.0,0.0
486,0.0,0.0,0.0,0.07228915662650602,0.0,0.0
487,0.0,0.0,0.0,0.0,0.0,0.0
488,0.0,0.0,0.0,0.0,0.0,0.0
489,0.0,0.0,0.0,0.0,0.0,0.0
490,0.0,0.0,0.0,0.07253886010362694,0.0,0.0
491,0.0,0.0,0.0,0.04062288422477996,0.0,0.0
492,0.0,0.0,0.0,0.0,0.0,0.0
493,0.0,0.0,0.0,0.0,0.0,0.0
494,0.0,0.0,0.0,0.0,0.0,0.0
495,0.0,0.0,0.0,0.0,0.0,0.0
496,0.0,0.0,0.0,0.0,0.0,0.0
497,0.0,0.0,0.0,0.0,0.0,0.0
498,0.0,0.0,0.0,0.0,0.0,0.0
499,0.0,0.0,0.0,0.03205629397967162,0.0,0.0
500,0.0,0.0,0.0,0.0,0.0,0.0
501,0.0,0.0,0.0,0.3752310536044362,0.0,0.0
502,0.0,0.0,0.0,0.0,0.0,0.0
503,0.0,0.0,0.0,0.0,0.0,0.0
504,0.0,0.0,0.0,0.0,0.0,0.0
505,0.0,0.0,0.0,0.0,0.0,0.0
506,0.0,0.0,0.0,0.0,0.0,0.0
507,0.0,0.0,0.0,0.07585568917668825,0.0,0.0
508,0.0,0.0,0.0,0.2333333333333333,0.0,0.0
509,0.0,0.0,0.0,0.09293680297397768,0.0,0.0
510,0.0,0.0,0.0,0.23694779116465864,0.0,0.0
511,0.0,0.0,0.0,0.0006697923643670463,0.0,0.0
512,0.0,0.0,0.0,0.0,0.0,0.0
513,0.0,0.0,0.0,0.025974025974025976,0.0,0.0
514,0.0,0.0,0.0,0.0,0.0,0.0
515,0.03043478260869565,0.0,0.0,0.22065217391304348,0.0,0.0
516,0.0,0.0,0.0,0.03021148036253777,0.0,0.0
517,0.0,0.0,0.0,0.15251299826689774,0.0,0.0
518,0.0,0.0,0.0,0.0,0.0,0.0
519,0.0,0.0,0.0,0.0,0.0,0.0
520,0.0,0.0,0.0,0.0,0.0,0.0
521,0.0,0.0,0.0,0.028612303290414882,0.0,0.0
522,0.0,0.0,0.0,0.0,0.0,0.0
523,0.0,0.0,0.0,0.0,0.0,0.0
524,0.0,0.0,0.0,0.0,0.0,0.0
525,0.0,0.0,0.0,0.04,0.0,0.0
526,0.0,0.0,0.0,0.00857365549493375,0.0,0.0
527,0.0,0.0,0.0,0.01090909090909091,0.0,0.0
528,0.0,0.0,0.0,0.09821428571428573,0.0,0.0
529,0.0,0.0,0.0,0.01557632398753894,0.0,0.0
530,0.0,0.0,0.0,0.0,0.0,0.0
531,0.0,0.0,0.0,0.0,0.0,0.0
532,0.0,0.0,0.0,0.0,0.0,0.0
533,0.0,0.0,0.0,0.031061259706643658,0.0,0.0
534,0.0,0.0,0.0,0.060557768924302785,0.0,0.0
535,0.0,0.0,0.0,0.011424219345011423,0.0,0.0
536,0.0,0.0,0.0,0.0,0.0,0.0
537,0.0,0.0,0.0,0.0,0.0,0.0
538,0.0,0.0,0.0,0.0,0.0,0.0
539,0.0,0.0,0.0,0.027932960893854747,0.0,0.0
540,0.0,0.0,0.0,0.18660287081339716,0.0,0.0
541,0.0,0.0,0.0,0.028602860286028608,0.0,0.0
542,0.0,0.0,0.0,0.0,0.0,0.0
543,0.0,0.0,0.0,0.12110960757780785,0.0,0.0
544,0.0,0.0,0.0,0.0,0.0,0.0
545,0.0,0.0,0.0,0.0,0.0,0.0
546,0.0,0.0,0.0,0.0,0.0,0.0
547,0.0,0.0,0.0,0.06306306306306306,0.0,0.0
548,0.0,0.0,0.0,0.007692307692307694,0.0,0.0
549,0.0,0.0,0.0,0.09563409563409564,0.0,0.0
550,0.0,0.0,0.0,0.07692307692307693,0.0,0.0
551,0.0,0.0,0.0,0.0,0.0,0.0
552,0.0,0.0,0.0,0.0,0.0,0.0
553,0.0,0.0,0.0,0.0,0.0,0.0
554,0.0,0.0,0.0,0.13758389261744966,0.0,0.0
555,0.0,0.0,0.0,0.00987925356750823,0.0,0.0
556,0.0,0.0,0.0,0.024896265560165973,0.0,0.0
557,0.0,0.0,0.0,0.0,0.0,0.0
558,0.0,0.0,0.0,0.2851063829787234,0.0,0.0
559,0.0,0.0,0.0,0.0,0.0,0.0
560,0.0,0.0,0.0,0.007429420505200594,0.0,0.0
561,0.0,0.0,0.0,0.15889328063241107,0.0,0.0
562,0.0,0.0,0.0,0.0,0.0,0.0
563,0.0,0.0,0.0,0.0,0.0,0.0
564,0.0,0.0,0.0,0.22487223168654172,0.0,0.0
565,0.0,0.0,0.0,0.012307692307692308,0.0,0.0
566,0.0,0.0,0.0,0.0,0.0,0.0
567,0.0,0.0,0.0,0.0,0.0,0.0
568,0.0,0.0,0.0,0.0,0.0,0.0
569,0.0,0.0,0.0,0.0,0.0,0.0
570,0.0,0.0,0.0,0.05128205128205128,0.0,0.0
571,0.0,0.0,0.0,0.26715686274509803,0.0,0.0
572,0.0,0.0,0.0,0.0,0.0,0.0
573,0.0,0.0,0.0,0.0,0.0,0.0
574,0.0,0.0,0.0,0.0,0.0,0.0
575,0.0,0.0,0.0,0.0,0.0,0.0
576,0.0,0.0,0.0,0.003575685339690107,0.0,0.0
577,0.0,0.0,0.0,0.0,0.0,0.0
578,0.0,0.0,0.0,0.0,0.0,0.0
579,0.0,0.0,0.0,0.17384370015948966,0.0,0.0
580,0.0,0.0,0.0,0.02906350914962325,0.0,0.0
581,0.0,0.0,0.0,0.03896103896103896,0.0,0.0
582,0.0,0.0,0.0,0.0,0.0,0.0
583,0.0,0.0,0.0,0.3665521191294387,0.0,0.0
584,0.0,0.0,0.0,0.05951506245407789,0.0,0.0
585,0.0,0.0,0.0,0.21913161465400272,0.0,0.0
586,0.0,0.0,0.0,0.07894736842105263,0.0,0.0
587,0.0,0.0,0.0,0.0,0.0,0.0
588,0.0,0.0,0.0,0.0,0.0,0.0
589,0.0,0.0,0.0,0.0,0.0,0.0
590,0.032530120481927716,0.0,0.0,0.03734939759036145,0.0,0.0
591,0.0,0.0,0.0,0.0,0.0,0.0
592,0.0,0.0,0.0,0.0,0.0,0.0
593,0.0,0.0,0.0,0.0,0.0,0.0
594,0.0,0.0,0.0,0.0,0.0,0.0
595,0.0,0.0,0.0,0.20748829953198128,0.0,0.0
596,0.0,0.0,0.0,0.12903225806451613,0.0,0.0
597,0.0,0.0,0.0,0.09908883826879272,0.0,0.0
598,0.0,0.0,0.0,0.09122562674094707,0.0,0.0
599,0.0,0.0,0.0,0.017241379310344827,0.0,0.0
600,0.0,0.0,0.0,0.0,0.0,0.0
601,0.0,0.0,0.0,0.0,0.0,0.0
602,0.0,0.0,0.0,0.015384615384615384,0.0,0.0
603,0.0,0.0,0.0,0.0,0.0,0.0
604,0.0,0.0,0.0,0.0,0.0,0.0
605,0.0,0.0,0.0,0.0,0.0,0.0
606,0.0,0.0,0.0,0.09302325581395347,0.0,0.0
607,0.0,0.0,0.0,0.02357320099255583,0.0,0.0
608,0.0,0.0,0.0,0.0449438202247191,0.0,0.0
609,0.0,0.0,0.0,0.0,0.0,0.0
610,0.0,0.0,0.0,0.007570543702684102,0.0,0.0
611,0.0,0.0,0.0,0.0,0.0,0.0
612,0.0,0.0,0.0,0.004484304932735426,0.0,0.0
613,0.0,0.0,0.0,0.0,0.0,0.0
614,0.0,0.0,0.0,0.01404494382022472,0.0,0.0
615,0.0,0.0,0.0,0.007092198581560284,0.0,0.0
616,0.0,0.0,0.0,0.0,0.0,0.0
617,0.0,0.0,0.0,0.0,0.0,0.0
618,0.0,0.0,0.0,0.0,0.0,0.0
619,0.0,0.0,0.0,0.0,0.0,0.0
620,0.0,0.0,0.0,0.0,0.0,0.0
621,0.0,0.0,0.0,0.0,0.0,0.0
622,0.0,0.0,0.0,0.19261213720316625,0.0065963060686015824,0.0
623,0.0,0.0,0.0,0.01485148514851485,0.0,0.0
624,0.0,0.0,0.0,0.0,0.0,0.0
625,0.0,0.0,0.0,0.0,0.0,0.0
626,0.0,0.0,0.0,0.09401709401709403,0.0,0.0
627,0.0,0.0,0.0,0.06743185078909612,0.0,0.0
628,0.0,0.0,0.0,0.0,0.0,0.0
629,0.0,0.0,0.0,0.0,0.0,0.0
630,0.0,0.0,0.0,0.0041220115416323155,0.0,0.0
631,0.0,0.0,0.0,0.0,0.0,0.0
632,0.0,0.0,0.0,0.0,0.0,0.0
633,0.030337078651685393,0.0,0.0,0.04719101123595506,0.0,0.0
634,0.0,0.0,0.0,0.0,0.0,0.0
635,0.0,0.0,0.0,0.0,0.0,0.0
636,0.0,0.0,0.0,0.0,0.0,0.0
637,0.0,0.0,0.0,0.01788617886178862,0.0,0.0
638,0.0,0.0,0.0,0.5133470225872689,0.006160164271047228,0.0
639,0.0,0.0,0.0,0.0,0.0,0.0
640,0.0,0.0,0.0,0.018638573743922204,0.0,0.0
641,0.0,0.0,0.0,0.0,0.0,0.0
642,0.0,0.00755813953488372,0.0,0.021511627906976742,0.0,0.0
643,0.0,0.0,0.0,0.0,0.0,0.0
644,0.0,0.0,0.0,0.0,0.0,0.0
645,0.0,0.0,0.0,0.07029478458049887,0.0,0.0
646,0.0,0.0,0.0,0.0,0.0,0.0
647,0.0,0.0,0.0,0.0,0.0,0.0
648,0.0,0.0,0.0,0.0,0.0,0.0
649,0.0,0.0,0.0,0.07427055702917773,0.0,0.0
650,0.0,0.0,0.0,0.0,0.0,0.0
651,0.0,0.0,0.0,0.09322033898305083,0.0,0.0
652,0.0,0.0,0.0,0.0,0.0,0.0
653,0.0,0.0,0.0,0.0,0.0,0.0
654,0.0,0.0,0.0,0.0,0.0,0.0
655,0.05555555555555555,0.029239766081871343,0.029239766081871343,0.09649122807017543,0.0,0.0
656,0.0,0.0,0.0,0.0,0.0,0.0
657,0.0,0.0,0.0,0.0,0.0,0.0
658,0.0,0.0,0.0,0.0,0.0,0.0
659,0.0,0.0,0.0,0.0,0.0,0.0
660,0.0,0.0,0.0,0.046539379474940336,0.0,0.0
661,0.0,0.0,0.0,0.02654867256637168,0.0,0.0
662,0.0,0.0,0.0,0.0,0.0,0.0
663,0.0,0.0,0.0,0.0,0.0,0.0
664,0.0,0.0,0.0,0.0,0.0,0.0
665,0.0,0.0,0.0,0.0,0.0,0.0
666,0.0,0.0,0.0,0.05434782608695652,0.0,0.0
667,0.0,0.0,0.0,0.0,0.0,0.0
668,0.0,0.0,0.0,0.0,0.0,0.0
669,0.0,0.0,0.0,0.0,0.0,0.0
670,0.0,0.0,0.0,0.0,0.0,0.0
671,0.0,0.0,0.0,0.036885245901639344,0.0,0.0
672,0.0,0.0,0.0,0.0,0.0,0.0
673,0.0,0.0,0.0,0.053975623911781775,0.0,0.0
674,0.0,0.0,0.0,0.02930127723516153,0.0,0.0
675,0.0,0.0,0.0,0.0,0.0,0.0
676,0.0,0.0,0.0,0.0,0.0,0.0
677,0.0,0.0,0.0,0.0,0.0,0.0
678,0.0,0.0,0.0,0.05882352941176471,0.0,0.0
679,0.018342391304347828,0.0,0.0,0.018342391304347828,0.018342391304347828,0.018342391304347828
680,0.0,0.0,0.0,0.0,0.0,0.0
681,0.0,0.0,0.0,0.04385382059800665,0.0,0.0
682,0.0,0.0,0.0,0.2857142857142857,0.0,0.0
683,0.0,0.0,0.0,0.0,0.0,0.0
684,0.0,0.0,0.0,0.0,0.0,0.0
685,0.0,0.0,0.0,0.16666666666666666,0.0,0.0
686,0.0,0.0,0.0,0.0,0.0,0.0
687,0.0,0.0,0.0,0.07611241217798595,0.0,0.0
688,0.03527980535279805,0.0,0.0,0.02068126520681265,0.0,0.0
689,0.0,0.0,0.0,0.0277264325323475,0.0,0.0
690,0.0,0.0,0.0,0.0,0.0,0.0
691,0.0,0.0,0.0,0.09897610921501708,0.0,0.0
692,0.0,0.0,0.0,0.05128205128205128,0.0,0.0
693,0.0,0.0,0.0,0.0,0.0,0.0
694,0.0,0.0,0.0,0.2858166189111748,0.0,0.0
695,0.0,0.0,0.0,0.0,0.0,0.0
696,0.0,0.0,0.0,0.03333333333333333,0.0,0.0
697,0.0,0.0,0.0,0.009213323883770377,0.0,0.0
698,0.0,0.0,0.0,0.0,0.0,0.0
699,0.0,0.0,0.0,0.0,0.0,0.0
700,0.0,0.0,0.0,0.020781379883624274,0.0,0.0
701,0.0,0.0,0.0,0.0,0.0,0.0
702,0.0,0.0,0.0,0.14198606271777006,0.010452961672473868,0.0
703,0.0,0.0,0.0,0.004081632653061225,0.0,0.0
704,0.0,0.0,0.0,0.0,0.0,0.0
705,0.0,0.0,0.0,0.0,0.0,0.0
706,0.0,0.0,0.0,0.0,0.0,0.0
707,0.0,0.0,0.0,0.03615758229897464,0.0,0.0
708,0.0,0.0,0.0,0.018363939899833055,0.0,0.0
709,0.0,0.0,0.0,0.0,0.0,0.0
710,0.0,0.0,0.0,0.0,0.0,0.0
711,0.0,0.0,0.0,0.0,0.0,0.0
712,0.0,0.0,0.0,0.04151838671411625,0.0,0.0
713,0.0,0.0,0.0,0.0,0.0,0.0
714,0.0,0.0,0.0,0.0,0.0,0.0
715,0.0,0.0,0.0,0.0,0.0,0.0
716,0.0,0.0,0.0,0.0,0.0,0.0
717,0.0,0.0,0.0,0.0,0.0,0.0
718,0.0,0.0,0.0,0.0,0.0,0.0
719,0.0,0.0,0.0,0.0,0.0,0.0
720,0.0,0.0,0.0,0.0,0.0,0.0
721,0.0,0.0,0.0,0.02019386106623586,0.0,0.0
722,0.0,0.0,0.0,0.0,0.0,0.0
723,0.0,0.0,0.0,0.0,0.0,0.0
724,0.0,0.0,0.0,0.018970189701897015,0.0,0.0
725,0.0,0.0,0.0,0.0,0.0,0.0
726,0.0,0.0,0.0,0.0,0.0,0.0
727,0.0,0.0,0.0,0.0019317450096587247,0.0,0.0
728,0.0,0.0,0.0,0.0039603960396039604,0.0,0.0
729,0.0,0.0,0.0,0.0,0.0,0.0
730,0.0,0.0,0.0,0.3436213991769547,0.0,0.0
731,0.0,0.0,0.0,0.0,0.0,0.0
732,0.0,0.0,0.0,0.0,0.0,0.0
733,0.0,0.0,0.0,0.0,0.0,0.0
734,0.0,0.0,0.0,0.0,0.0,0.0
735,0.109375,0.0,0.0,0.578125,0.0,0.0
736,0.0,0.0,0.0,0.05952380952380953,0.0,0.0
737,0.0,0.0,0.0,0.0,0.0,0.0
738,0.0,0.0,0.0,0.024171888988361683,0.006266786034019696,0.006266786034019696
739,0.0,0.0,0.0,0.0,0.0,0.0
740,0.0,0.0,0.0,0.024439918533604887,0.0,0.0
741,0.0,0.0,0.0,0.0,0.0,0.0
742,0.0,0.0,0.0,0.2528813559322034,0.0,0.0
743,0.0,0.0,0.0,0.0,0.0,0.0
744,0.0,0.0,0.0,0.0,0.0,0.0
745,0.0,0.0,0.0,0.0,0.0,0.0
746,0.0,0.0,0.0,0.3644859813084112,0.0,0.0
747,0.0,0.0,0.0,0.04247104247104247,0.0,0.0
748,0.0,0.0,0.0,0.0,0.0,0.0
749,0.0,0.0,0.0,0.14285714285714285,0.0,0.0
750,0.0,0.0,0.0,0.0,0.0,0.0
751,0.0,0.0,0.0,0.0,0.0,0.0
752,0.0,0.0,0.0,0.0,0.0,0.0
753,0.0,0.0,0.0,0.0,0.0,0.0
754,0.0,0.0,0.0,0.040145985401459854,0.0,0.0
755,0.0,0.0,0.0,0.0,0.0,0.0
756,0.0,0.0,0.0,0.01575757575757576,0.0,0.0
757,0.0,0.0,0.0,0.0,0.0,0.0
758,0.0,0.0,0.0,0.15384615384615385,0.0,0.0
759,0.0,0.0,0.0,0.008086253369272238,0.0,0.0
760,0.0,0.0,0.0,0.0,0.0,0.0
761,0.0,0.0,0.0,0.0,0.0,0.0
762,0.0,0.0,0.0,0.0,0.0,0.0
763,0.0,0.0,0.0,0.0,0.0,0.0
764,0.0,0.0,0.0,0.0,0.0,0.0
765,0.0,0.0,0.0,0.006557377049180328,0.0,0.0
766,0.0,0.0,0.0,0.0,0.0,0.0
767,0.0,0.0,0.0,0.0,0.0,0.0
768,0.0,0.0,0.0,0.05319148936170213,0.0,0.0
769,0.0,0.0,0.0,0.1346153846153846,0.0,0.0
770,0.0,0.0,0.0,0.0583941605839416,0.0,0.0
771,0.0,0.0,0.0,0.0,0.0,0.0
772,0.0,0.0,0.0,0.1745819397993311,0.0,0.0
773,0.0,0.0,0.0,0.09975062344139653,0.0,0.0
774,0.0,0.0,0.0,0.01921802518223989,0.0,0.0
775,0.0,0.0,0.0,0.0,0.0,0.0
776,0.0,0.0,0.0,0.0,0.0,0.0
777,0.0,0.0,0.0,0.0,0.0,0.0
778,0.0,0.0,0.0,0.17105263157894735,0.0,0.0
779,0.0,0.0,0.0,0.0,0.0,0.0
780,0.0,0.0,0.0,0.042473919523099854,0.0,0.0
781,0.022461814914645103,0.0,0.0,0.013477088948787064,0.0,0.0
782,0.0,0.0,0.0,0.0,0.0,0.0
783,0.0,0.0,0.0,0.0,0.0,0.0
784,0.0,0.0,0.0,0.0017391304347826088,0.0,0.0
785,0.0,0.0,0.0,0.017557861133280128,0.0,0.0
786,0.0,0.0,0.0,0.052980132450331126,0.0,0.0
787,0.0,0.0,0.0,0.0,0.0,0.0
788,0.0,0.0,0.0,0.04177545691906005,0.0,0.0
789,0.0,0.0,0.0,0.0,0.0,0.0
790,0.0,0.0,0.0,0.006928406466512702,0.0,0.0
791,0.0,0.0,0.0,0.0,0.0,0.0
792,0.0,0.0,0.0,0.0,0.0,0.0
793,0.0,0.0,0.0,0.0030120481927710845,0.0,0.0
794,0.0,0.0,0.0,0.0,0.0,0.0
795,0.0,0.0,0.0,0.0,0.0,0.0
796,0.0,0.0,0.0,0.0,0.0,0.0
797,0.0,0.0,0.0,0.11851851851851852,0.0,0.0
798,0.0,0.0,0.0,0.09211252068394926,0.0,0.0
799,0.0,0.0,0.0,0.7142857142857143,0.0,0.0
800,0.0,0.0,0.0,0.0,0.0,0.0
801,0.0,0.0,0.0,0.0629874025194961,0.0,0.0
802,0.0,0.0,0.0,0.05586592178770949,0.0,0.0
803,0.0,0.0,0.0,0.12195121951219512,0.0,0.0
804,0.0,0.0,0.0,0.0,0.0,0.0
805,0.0,0.0,0.0,0.0,0.0,0.0
806,0.0,0.0,0.0,0.03627760252365931,0.0,0.0
807,0.0,0.0,0.0,0.011164274322169059,0.0,0.0
808,0.0,0.0,0.0,0.014911463187325256,0.0,0.0
809,0.0,0.0,0.0,0.0,0.0,0.0
810,0.0,0.0,0.0,0.0,0.0,0.0
811,0.375,0.0,0.0,0.4375,0.0,0.0
812,0.0,0.0,0.0,0.0,0.0,0.0
813,0.0,0.0,0.0,0.024669603524229075,0.0,0.0
814,0.0,0.0,0.0,0.0028873917228103944,0.0,0.0
815,0.0,0.0,0.0,0.0,0.0,0.0
816,0.0,0.0,0.0,0.0,0.0,0.0
817,0.0,0.0,0.0,0.0,0.0,0.0
818,0.0,0.0,0.0,0.5,0.0,0.0
819,0.0,0.0,0.0,0.23952095808383236,0.0,0.0
820,0.1726854891661195,0.0,0.0,0.07222586999343401,0.0,0.0
821,0.0,0.0,0.0,0.0,0.0,0.0
822,0.0,0.0,0.0,0.0,0.0,0.0
823,0.0,0.0,0.0,0.0,0.0,0.0
824,0.0,0.0,0.0,0.013262599469496022,0.0,0.0
825,0.0,0.0,0.0,0.0,0.0,0.0
826,0.0,0.0,0.0,0.0,0.0,0.0
827,0.0,0.0,0.0,0.0205761316872428,0.0,0.0
828,0.0,0.0,0.0,0.0,0.0,0.0
829,0.0,0.0,0.0,0.0,0.0,0.0
830,0.0,0.0,0.0,0.07421875,0.0,0.0
831,0.0,0.0,0.0,0.0,0.0,0.0
832,0.0,0.0,0.0,0.02741116751269036,0.0,0.0
833,0.023904382470119518,0.023904382470119518,0.0,0.100398406374502,0.0,0.0
834,0.0,0.0,0.0,0.0,0.0,0.0
835,0.0,0.0,0.0,0.0,0.0,0.0
836,0.0,0.0,0.0,0.0,0.0,0.0
837,0.0,0.0,0.0,0.0,0.0,0.0
838,0.0,0.0,0.0,0.0,0.0,0.0
839,0.0,0.0,0.0,0.0,0.0,0.0
840,0.0,0.0,0.0,0.0,0.0,0.0
841,0.0,0.0,0.0,0.1810897435897436,0.0,0.0
842,0.0,0.0,0.0,0.2727272727272727,0.0,0.0
843,0.0,0.0,0.0,0.0,0.0,0.0
844,0.0,0.0,0.0,0.0,0.0,0.0
845,0.0,0.0,0.0,0.0,0.0,0.0
846,0.0,0.0,0.0,0.0,0.0,0.0
847,0.0,0.0,0.0,0.005752636625119847,0.0,0.0
848,0.0,0.0,0.0,0.028260869565217388,0.0,0.0
849,0.0,0.0,0.0,0.0,0.0,0.0
850,0.0,0.0,0.0,0.0,0.0,0.0
851,0.0,0.0,0.0,0.0,0.0,0.0
852,0.0,0.0,0.0,0.1901840490797546,0.0,0.0
853,0.0,0.0,0.0,0.05342237061769616,0.0,0.0
854,0.0,0.0,0.0,0.16911764705882354,0.0,0.0
855,0.0,0.0,0.0,0.0,0.0,0.0
856,0.0,0.0,0.0,0.04014336917562724,0.0,0.0
857,0.0,0.0,0.0,0.06889564336372847,0.0,0.0
858,0.0,0.0,0.0,0.2278803309993635,0.0,0.0
859,0.0,0.0,0.0,0.0,0.0,0.0
860,0.0,0.0,0.0,0.0,0.0,0.0
861,0.0,0.0,0.0,0.0576923076923077,0.0,0.0
862,0.0,0.0,0.0,0.0,0.0,0.0
863,0.0,0.0,0.0,0.0,0.0,0.0
864,0.0,0.0,0.0,0.0,0.0,0.0
865,0.0,0.0,0.0,0.0,0.0,0.0
866,0.0,0.0,0.0,0.0,0.0,0.0
867,0.0,0.0,0.0,0.0,0.0,0.0
868,0.0,0.0,0.0,0.0,0.0,0.0
869,0.0,0.0,0.0,0.0,0.0,0.0
870,0.0,0.0,0.0,0.0290519877675841,0.0,0.0
871,0.0,0.0,0.0,0.0,0.0,0.0
872,0.0,0.0,0.0,0.05823863636363636,0.0,0.0
873,0.0,0.0,0.0,0.0,0.0,0.0
874,0.0,0.0,0.0,0.1607717041800643,0.0,0.0
875,0.0,0.0,0.0,0.0,0.0,0.0
876,0.0,0.0,0.0,0.0,0.0,0.0
877,0.0,0.0,0.0,0.0,0.0,0.0
878,0.0,0.0,0.0,0.0,0.0,0.0
879,0.0,0.0,0.0,0.0,0.0,0.0
880,0.0,0.0,0.0,0.0,0.0,0.0
881,0.0,0.0,0.0,0.0,0.0,0.0
882,0.0,0.0,0.0,0.13991477272727273,0.0,0.0
883,0.0,0.0,0.0,0.0,0.0,0.0
884,0.0,0.0,0.0,0.0,0.0,0.0
885,0.0,0.0,0.0,0.0,0.0,0.0
886,0.0,0.0,0.0,0.0,0.0,0.0
887,0.0,0.0,0.0,0.032382420971472634,0.016191210485736313,0.0
888,0.0,0.0,0.0,0.0,0.0,0.0
889,0.0,0.0,0.0,0.0,0.0,0.0
890,0.0,0.0,0.0,0.0,0.0,0.0
891,0.0,0.0,0.0,0.001976284584980237,0.0,0.0
892,0.0,0.0,0.0,0.06462585034013606,0.0,0.0
893,0.0,0.0,0.0,0.1559633027522936,0.0,0.0
894,0.0,0.0,0.0,0.03860711582134747,0.0,0.0
895,0.06349206349206349,0.0,0.0,0.1349206349206349,0.0,0.0
896,0.012452107279693486,0.0,0.0,0.4808429118773946,0.012452107279693486,0.012452107279693486
897,0.0,0.0,0.0,0.0,0.0,0.0
898,0.0,0.0,0.0,0.0,0.0,0.0
899,0.0,0.0,0.0,0.0,0.0,0.0
900,0.0,0.0,0.0,0.0,0.0,0.0
901,0.0,0.0,0.0,0.0,0.0,0.0
902,0.0,0.0,0.0,0.14960629921259844,0.0,0.0
903,0.0,0.0,0.0,0.0016207455429497568,0.0,0.0
904,0.0,0.0,0.0,0.0,0.0,0.0
905,0.0,0.0,0.0,0.0189873417721519,0.0,0.0
906,0.0,0.0,0.0,0.0,0.0,0.0
907,0.0,0.0,0.0,0.052980132450331126,0.0,0.0
908,0.0,0.0,0.0,0.0,0.0,0.0
909,0.0,0.0,0.0,0.0,0.0,0.0
910,0.0,0.0,0.0,0.01557632398753894,0.0,0.0
911,0.0,0.0,0.0,0.0,0.0,0.0
912,0.0,0.0,0.0,0.0,0.0,0.0
913,0.0,0.0,0.0,0.05555555555555555,0.0,0.0
914,0.0,0.0,0.0,0.0,0.0,0.0
915,0.0,0.0,0.0,0.0,0.0,0.0
916,0.0,0.0,0.0,0.0,0.0,0.0
917,0.0,0.0,0.0,0.0,0.0,0.0
918,0.0,0.0,0.0,0.0,0.0,0.0
919,0.0,0.0,0.0,0.0,0.0,0.0
920,0.0,0.0,0.0,0.08080808080808081,0.0,0.0
921,0.0,0.0,0.0,0.0,0.0,0.0
922,0.0,0.0,0.0,0.0,0.0,0.0
923,0.0,0.0,0.0,0.0,0.0,0.0
924,0.0,0.0,0.0,0.0,0.0,0.0
925,0.0,0.0,0.0,0.0,0.0,0.0
926,0.0,0.0,0.0,0.0,0.0,0.0
927,0.0,0.0,0.0,0.0,0.0,0.0
928,0.0,0.0,0.0,0.054945054945054944,0.0,0.0
929,0.027752081406105456,0.0,0.0,0.04532839962997225,0.0,0.0
930,0.0,0.0,0.0,0.0007757951900698216,0.0,0.0
931,0.0,0.0,0.0,0.06526315789473684,0.0,0.0
932,0.0,0.0,0.0,0.0,0.0,0.0
933,0.0,0.0,0.0,0.0,0.0,0.0
934,0.0,0.0,0.0,0.0,0.0,0.0
935,0.0,0.0,0.0,0.02960526315789473,0.0,0.0
936,0.0,0.0,0.0,0.0,0.0,0.0
937,0.0,0.0,0.0,0.0,0.0,0.0
938,0.0,0.0,0.0,0.0,0.0,0.0
939,0.0,0.0,0.0,0.0,0.0,0.0
940,0.0,0.0,0.0,0.0,0.0,0.0
941,0.0,0.0,0.0,0.1,0.0,0.0
942,0.0,0.0,0.0,0.0,0.0,0.0
943,0.0,0.0,0.0,0.0,0.0,0.0
944,0.0,0.0,0.0,0.03333333333333333,0.0,0.0
945,0.0,0.0,0.0,0.17633928571428573,0.0,0.0
946,0.0,0.0,0.0,0.0,0.0,0.0
947,0.0,0.0,0.0,0.14634146341463414,0.0,0.0
948,0.0,0.0,0.0,0.0,0.0,0.0
949,0.0,0.0,0.0,0.06598984771573604,0.0,0.0
950,0.0,0.0,0.0,0.028416779431664405,0.0,0.0
951,0.0,0.0,0.0,0.0,0.0,0.0
952,0.0,0.0,0.0,0.0,0.0,0.0
953,0.0,0.0,0.0,0.0,0.0,0.0
954,0.0,0.0,0.0,0.0,0.0,0.0
955,0.0,0.0,0.0,0.0,0.0,0.0
956,0.0,0.0,0.0,0.0,0.0,0.0
957,0.0,0.0,0.0,0.010235414534288641,0.0,0.0
958,0.0,0.0,0.0,0.0,0.0,0.0
959,0.0,0.0,0.0,0.0,0.0,0.0
960,0.0,0.0,0.0,0.2419354838709677,0.0,0.0
961,0.0,0.0,0.0,0.0,0.0,0.0
962,0.0,0.0,0.0,0.0,0.0,0.0
963,0.0,0.0,0.0,0.21739130434782608,0.0,0.0
964,0.0,0.0,0.0,0.0,0.0,0.0
965,0.0,0.0,0.0,0.0625,0.0,0.0
966,0.0,0.0,0.0,0.01720269259536275,0.0,0.0
967,0.0,0.0,0.0,0.0,0.0,0.0
968,0.0,0.0,0.0,0.04111842105263158,0.0,0.0
969,0.0,0.0,0.0,0.0,0.0,0.0
970,0.017525773195876292,0.0,0.0,0.12371134020618554,0.0,0.0
971,0.0,0.0,0.0,0.1875,0.0,0.0
972,0.0,0.0,0.0,0.07142857142857142,0.0,0.0
973,0.0,0.0,0.0,0.0,0.0,0.0
974,0.0,0.0,0.0,0.0,0.0,0.0
975,0.01716465352828989,0.0,0.0,0.15384615384615385,0.0,0.0
976,0.0,0.0,0.0,0.0,0.0,0.0
977,0.028534370946822308,0.0,0.0,0.09987029831387807,0.0,0.0
978,0.0,0.0,0.0,0.4615384615384616,0.0,0.0
979,0.0,0.0,0.0,0.0,0.0,0.0
980,0.0,0.0,0.0,0.06881720430107527,0.0,0.0
981,0.0,0.0,0.0,0.08839779005524863,0.0,0.0
982,0.0,0.0,0.0,0.06748466257668713,0.0,0.0
983,0.0,0.0,0.0,0.023140495867768597,0.0,0.0
984,0.0,0.0,0.0,0.0,0.0,0.0
985,0.0,0.0,0.0,0.021341463414634148,0.0,0.0
986,0.0,0.0,0.0,0.0,0.0,0.0
987,0.0,0.0,0.0,0.0,0.0,0.0
988,0.0,0.0,0.0,0.051529790660225436,0.0,0.0
989,0.0,0.0,0.0,0.0,0.0,0.0
990,0.0,0.0,0.0,0.0,0.0,0.0
991,0.0,0.0,0.0,0.06884057971014493,0.0,0.0
992,0.0,0.0,0.0,0.1581532416502947,0.0,0.0
993,0.0,0.0,0.0,0.0,0.0,0.0
994,0.0,0.0,0.0,0.0,0.0,0.0
995,0.0,0.0,0.0,0.019308125502815767,0.0,0.0
996,0.0,0.0,0.0,0.0,0.0,0.0
997,0.0,0.0,0.0,0.0,0.0,0.0
998,0.0,0.0,0.0,0.0,0.0,0.0
999,0.0,0.0,0.0,0.0,0.0,0.0
1000,0.0,0.0,0.0,0.0,0.0,0.0
1001,0.0,0.0,0.0,0.0,0.0,0.0
1002,0.0,0.0,0.0,0.13945578231292516,0.0,0.0
1003,0.0,0.0,0.0,0.0,0.0,0.0
1004,0.0,0.0,0.0,0.0,0.0,0.0
1005,0.0,0.0,0.0,0.14285714285714285,0.0,0.0
1006,0.0,0.0,0.0,0.0,0.0,0.0
1007,0.0,0.0,0.0,0.0,0.0,0.0
1008,0.0,0.0,0.0,0.1191806331471136,0.0,0.0
1009,0.0,0.0,0.0,0.07753303964757709,0.02026431718061674,0.009691629955947136
1010,0.0,0.0,0.0,0.0,0.0,0.0
1011,0.0,0.0,0.0,0.0,0.0,0.0
1012,0.0,0.0,0.0,0.0,0.0,0.0
1013,0.0,0.0,0.0,0.34415584415584416,0.0,0.0
1014,0.0,0.0,0.0,0.0,0.0,0.0
1015,0.0,0.0,0.0,0.0,0.0,0.0
1016,0.0,0.0,0.0,0.0,0.0,0.0
1017,0.0,0.0,0.0,0.0,0.0,0.0
1018,0.0,0.0,0.0,0.14512922465208747,0.0,0.0
1019,0.0,0.0,0.0,0.0,0.0,0.0
1020,0.0,0.0,0.0,0.017642907551164433,0.0,0.0
1021,0.0,0.0,0.0,0.014098690835850957,0.0,0.0
1022,0.0,0.0,0.0,0.0,0.0,0.0
1023,0.0,0.0,0.0,0.0,0.0,0.0
1024,0.0,0.0,0.0,0.0,0.0,0.0
1025,0.0,0.0,0.0,0.11001788908765653,0.0,0.0
1026,0.0,0.0,0.0,0.011523687580025609,0.0,0.0
1027,0.0,0.0,0.0,0.13513513513513514,0.0,0.0
1028,0.0,0.0,0.0,0.04392386530014642,0.0,0.0
1029,0.0,0.0,0.0,0.2545311268715524,0.0,0.0
1030,0.0,0.0,0.0,0.0,0.0,0.0
1031,0.0,0.0,0.0,0.0,0.0,0.0
1032,0.0,0.0,0.0,0.029768467475192944,0.0,0.0
1033,0.0,0.0,0.0,0.0,0.0,0.0
1034,0.0,0.0,0.0,0.06686332350049164,0.0,0.0
1035,0.0,0.0,0.0,0.05548854041013269,0.0,0.0
1036,0.0,0.0,0.0,0.004370629370629371,0.0,0.0
1037,0.0,0.0,0.0,0.0,0.0,0.0
1038,0.0,0.0,0.0,0.0,0.0,0.0
1039,0.0,0.0,0.0,0.06140350877192983,0.0,0.0
1040,0.0,0.0,0.0,0.0,0.0,0.0
1041,0.0,0.0,0.0,0.125,0.0,0.0
1042,0.0,0.0,0.0,0.0,0.0,0.0
1043,0.0,0.0,0.0,0.0,0.0,0.0
1044,0.0,0.0,0.0,0.02687673772011121,0.0,0.0
1045,0.0,0.0,0.0,0.06666666666666668,0.0,0.0
1046,0.0,0.0,0.0,0.17786561264822134,0.0,0.0
1047,0.0,0.0,0.0,0.0,0.0,0.0
1048,0.0,0.0,0.0,0.0137221269296741,0.0,0.0
1049,0.0,0.0,0.0,0.0,0.0,0.0
1050,0.0,0.0,0.0,0.0,0.0,0.0
1051,0.0,0.0,0.0,0.0392156862745098,0.0,0.0
1052,0.0,0.0,0.0,0.039715471250740965,0.0,0.0
1053,0.0,0.0,0.0,0.0,0.0,0.0
1054,0.0,0.0,0.0,0.0924908424908425,0.0,0.0
1055,0.0,0.0,0.0,0.0,0.0,0.0
1056,0.0,0.0,0.0,0.0,0.0,0.0
1057,0.0,0.0,0.0,0.0,0.0,0.0
1058,0.0,0.0,0.0,0.031446540880503145,0.0,0.0
1059,0.0,0.0,0.0,0.015437392795883362,0.0,0.0
1060,0.0,0.0,0.0,0.14011159330440173,0.0,0.0
1061,0.10460652591170826,0.01439539347408829,0.01439539347408829,0.14587332053742802,0.0,0.0
1062,0.0,0.0,0.0,0.4470588235294118,0.0,0.0
1063,0.0,0.0,0.0,0.16681222707423582,0.0,0.0
1064,0.0,0.0,0.0,0.0,0.0,0.0
1065,0.0,0.0,0.0,0.0,0.0,0.0
1066,0.0,0.0,0.0,0.0,0.0,0.0
1067,0.0,0.0,0.0,0.0,0.0,0.0
1068,0.0,0.0,0.0,0.024390243902439025,0.0,0.0
1069,0.0,0.0,0.0,0.0,0.0,0.0
1070,0.0,0.0,0.0,0.0,0.0,0.0
1071,0.0,0.0,0.0,0.0,0.0,0.0
1072,0.0,0.0,0.0,0.0,0.0,0.0
1073,0.0,0.0,0.0,0.046647230320699715,0.0,0.0
1074,0.0,0.0,0.0,0.1176470588235294,0.0,0.0
1075,0.04301075268817205,0.0,0.0,0.2021505376344086,0.0,0.0
1076,0.0,0.0,0.0,0.02126044039483675,0.0,0.0
1077,0.0,0.0,0.0,0.0,0.0,0.0
1078,0.0,0.0,0.0,0.0,0.0,0.0
1079,0.0,0.0,0.0,0.0,0.0,0.0
1080,0.0,0.0,0.0,0.0,0.0,0.0
1081,0.0,0.0,0.0,0.0,0.0,0.0
1082,0.0,0.0,0.0,0.0,0.0,0.0
1083,0.0,0.0,0.0,0.0,0.0,0.0
1084,0.0,0.0,0.0,0.0,0.0,0.0
1085,0.0,0.0,0.0,0.0,0.0,0.0
1086,0.0,0.0,0.0,0.008403361344537815,0.0,0.0
1087,0.0,0.0,0.0,0.0,0.0,0.0
1088,0.0,0.0,0.0,0.0,0.0,0.0
1089,0.0,0.0,0.0,0.017241379310344827,0.0,0.0
1090,0.0,0.0,0.0,0.026086956521739132,0.0,0.0
1091,0.0,0.0,0.0,0.0,0.0,0.0
1092,0.0,0.0,0.0,0.0,0.0,0.0
1093,0.0,0.0,0.0,0.01814300960512273,0.0,0.0
1094,0.0,0.0,0.0,0.4224137931034483,0.0,0.0
1095,0.0,0.0,0.0,0.0,0.0,0.0
1096,0.0,0.0,0.0,0.0,0.0,0.0
1097,0.0,0.0,0.0,0.0,0.0,0.0
1098,0.0,0.0,0.0,0.0,0.0,0.0
1099,0.0,0.0,0.0,0.0323943661971831,0.0,0.0
1100,0.0,0.0,0.0,0.0498812351543943,0.0,0.0
1101,0.0,0.0,0.0,0.3076923076923077,0.0,0.0
1102,0.0,0.0,0.0,0.0,0.0,0.0
1103,0.0,0.0,0.0,0.14304291287386214,0.0,0.0
1104,0.0,0.0,0.0,0.0,0.0,0.0
1105,0.0,0.0,0.0,0.0,0.0,0.0
1106,0.0,0.0,0.0,0.0013908205841446453,0.0,0.0
1107,0.0,0.0,0.0,0.5454545454545454,0.0,0.0
1108,0.0,0.0,0.0,0.0,0.0,0.0
1109,0.0,0.0,0.0,0.012269938650306749,0.0,0.0
1110,0.0,0.0,0.0,0.0,0.0,0.0
1111,0.0,0.0,0.0,0.03423848878394333,0.0,0.0
1112,0.0,0.0,0.0,0.0,0.0,0.0
1113,0.0,0.0,0.0,0.0,0.0,0.0
1114,0.0,0.0,0.0,0.0,0.0,0.0
1115,0.0,0.0,0.0,0.0,0.0,0.0
1116,0.0,0.0,0.0,0.0,0.0,0.0
1117,0.0,0.0,0.0,0.0,0.0,0.0
1118,0.0,0.0,0.0,0.09178082191780823,0.0,0.0
1119,0.0,0.0,0.0,0.0,0.0,0.0
1120,0.0,0.0,0.0,0.4534883720930232,0.0,0.0
1121,0.0,0.0,0.0,0.0,0.0,0.0
1122,0.0,0.0,0.0,0.017687074829931974,0.0,0.0
1123,0.0,0.0,0.0,0.0,0.0,0.0
1124,0.0,0.0,0.0,0.0006234413965087283,0.0,0.0
1125,0.0,0.0,0.0,0.0,0.0,0.0
1126,0.0,0.0069843878389482346,0.0,0.03779786359901397,0.0,0.0
1127,0.0,0.0,0.0,0.0,0.0,0.0
1128,0.0,0.0,0.0,0.0,0.0,0.0
1129,0.0,0.0,0.0,0.032351242056614674,0.0,0.0
1130,0.0,0.0,0.0,0.0,0.0,0.0
1131,0.0,0.0,0.0,0.05128205128205128,0.0,0.0
1132,0.0,0.0,0.0,0.009345794392523364,0.0,0.0
1133,0.0,0.0,0.0,0.011510791366906477,0.0,0.0
1134,0.024361948955916472,0.0,0.0,0.11136890951276103,0.0,0.0
1135,0.0,0.0,0.0,0.07920792079207921,0.0,0.0
1136,0.0,0.0,0.0,0.0,0.0,0.0
1137,0.0,0.0,0.0,0.0,0.0,0.0
1138,0.0,0.0,0.0,0.12103407755581667,0.0,0.0
1139,0.0,0.0,0.0,0.19801980198019806,0.0,0.0
1140,0.01833568406205924,0.0,0.0,0.005641748942172072,0.0,0.0
1141,0.0,0.0,0.0,0.0,0.0,0.0
1142,0.0,0.0,0.0,0.0,0.0,0.0
1143,0.0,0.0,0.0,0.0,0.0,0.0
1144,0.0,0.0,0.0,0.057124097176625074,0.0,0.0
1145,0.0,0.0,0.0,0.008325624421831638,0.0,0.0
1146,0.0,0.0,0.0,0.0,0.0,0.0
1147,0.0,0.0,0.0,0.1388888888888889,0.0,0.0
1148,0.0,0.0,0.0,0.045454545454545456,0.0,0.0
1149,0.0,0.0,0.0,0.0,0.0,0.0
1150,0.0,0.0,0.0,0.0,0.0,0.0
1151,0.0,0.0,0.0,0.0,0.0,0.0
1152,0.0,0.0,0.0,0.0798165137614679,0.0,0.0
1153,0.0,0.0,0.0,0.10320284697508897,0.0,0.0
1154,0.0,0.0,0.0,0.0425531914893617,0.0,0.0
1155,0.0,0.0,0.0,0.0,0.0,0.0
1156,0.0,0.0,0.0,0.0,0.0,0.0
1157,0.0,0.0,0.0,0.028985507246376805,0.0,0.0
1158,0.0,0.0,0.0,0.0,0.0,0.0
1159,0.0,0.0,0.0,0.0,0.0,0.0
1160,0.0,0.0,0.0,0.0,0.0,0.0
1161,0.0,0.0,0.0,0.0,0.0,0.0
1162,0.0,0.0,0.0,0.0,0.0,0.0
1163,0.0,0.0,0.0,0.03739715781600599,0.0,0.0
1164,0.0,0.0,0.0,0.07910750507099391,0.0,0.0
1165,0.0,0.0,0.0,0.004536616979909268,0.0,0.0
1166,0.0,0.0,0.0,0.0,0.0,0.0
1167,0.0,0.0,0.0,0.10105949470252648,0.0,0.0
1168,0.0,0.0,0.0,0.0,0.0,0.0
1169,0.0,0.0,0.0,0.0,0.0,0.0
1170,0.0,0.0,0.0,0.0,0.0,0.0
1171,0.0,0.0,0.0,0.0,0.0,0.0
1172,0.0,0.0,0.0,0.05456570155902005,0.0,0.0
1173,0.0,0.0,0.0,0.0,0.0,0.0
1174,0.0,0.0,0.0,0.0,0.0,0.0
1175,0.0,0.0,0.0,0.0,0.0,0.0
1176,0.0,0.0,0.0,0.0,0.0,0.0
1177,0.0,0.0,0.0,0.0,0.0,0.0
1178,0.0,0.0,0.0,0.0,0.0,0.0
1179,0.0,0.0,0.0,0.02026431718061674,0.0,0.0
1180,0.0,0.0,0.0,0.0,0.0,0.0
1181,0.0,0.0,0.0,0.01885424220449601,0.0,0.0
1182,0.0,0.0,0.0,0.2660098522167488,0.0,0.0
1183,0.0,0.0,0.0,0.06886517943743937,0.0,0.0
1184,0.0,0.0,0.0,0.0,0.0,0.0
1185,0.0,0.0,0.0,0.14010624169986718,0.0,0.0
1186,0.0,0.0,0.0,0.0,0.0,0.0
1187,0.0,0.0,0.0,0.07032755298651253,0.0,0.0
1188,0.0,0.0,0.0,0.0,0.0,0.0
1189,0.0,0.0,0.0,0.0,0.0,0.0
1190,0.0,0.0,0.0,0.035042735042735036,0.0,0.0
1191,0.0,0.0,0.0,0.010507880910683012,0.0,0.0
1192,0.0,0.0,0.0,0.009397024275646045,0.0,0.0
1193,0.0,0.0,0.0,0.027882441597588545,0.0,0.0
1194,0.0,0.0,0.0,0.0,0.0,0.0
1195,0.0,0.0,0.0,0.028928850664581705,0.0,0.0
1196,0.0,0.0,0.0,0.3333333333333333,0.0,0.0
1197,0.0,0.0,0.0,0.0891089108910891,0.0,0.0
1198,0.0,0.0,0.0,0.02531645569620253,0.0,0.0
1199,0.0,0.0,0.0,0.0,0.0,0.0
1200,0.0,0.0,0.0,0.0,0.0,0.0
1201,0.0,0.0,0.0,0.0,0.0,0.0
1202,0.0,0.0,0.0,0.0,0.0,0.0
1203,0.0,0.0,0.0,0.01,0.0,0.0
1204,0.0,0.0,0.0,0.23676612127045235,0.0,0.0
1205,0.012440191387559809,0.0,0.0,0.21626794258373205,0.0,0.0
1206,0.0,0.0,0.0,0.0,0.0,0.0
1207,0.0,0.0,0.0,0.01791808873720136,0.0,0.0
1208,0.0,0.0,0.0,0.16429249762583095,0.0,0.0
1209,0.0,0.0,0.0,0.0,0.0,0.0
1210,0.0,0.0,0.0,0.0,0.0,0.0
1211,0.0,0.0,0.0,0.0,0.0,0.0
1212,0.0,0.0,0.0,0.04071969696969697,0.0,0.0
1213,0.0,0.0,0.0,0.0,0.0,0.0
1214,0.0,0.0,0.0,0.012772351615326822,0.0,0.0
1215,0.0,0.0,0.0,0.02697495183044316,0.0,0.0
1216,0.0,0.0,0.0,0.0,0.0,0.0
1217,0.014454664914586069,0.0,0.0,0.028909329829172138,0.0,0.0
1218,0.0,0.0,0.0,0.03598971722365039,0.0,0.0
1219,0.0,0.0,0.0,0.007383100902378999,0.0,0.0
1220,0.0,0.0,0.0,0.0,0.0,0.0
1221,0.0,0.0,0.0,0.013413816230717641,0.0,0.0
1222,0.0,0.0,0.0,0.0,0.0,0.0
1223,0.0,0.0,0.0,0.0475,0.0,0.0
1224,0.0,0.0,0.0,0.16907391673746813,0.0,0.0
1225,0.0,0.0,0.0,0.0,0.0,0.0
1226,0.0,0.0,0.0,0.0711743772241993,0.0,0.0
1227,0.0,0.0,0.0,0.1403118040089087,0.0,0.0
1228,0.0,0.0,0.0,0.1970260223048327,0.0,0.0
1229,0.0,0.0,0.0,0.012286689419795221,0.0,0.0
1230,0.0,0.0,0.0,0.0,0.0,0.0
1231,0.04746835443037975,0.0,0.0,0.04873417721518988,0.0120253164556962,0.0
1232,0.014575741801145237,0.0,0.0,0.1592920353982301,0.0,0.0
1233,0.02566633761105627,0.0,0.0,0.001974333662388944,0.0,0.0
1234,0.0,0.0,0.0,0.06716417910447761,0.0,0.0
1235,0.0,0.0,0.0,0.05597014925373135,0.0,0.0
1236,0.0,0.0,0.0,0.0,0.0,0.0
1237,0.03466317854807063,0.0032701111837802484,0.0032701111837802484,0.17266187050359713,0.0,0.0
1238,0.0,0.0,0.0,0.01098901098901099,0.0,0.0
1239,0.0,0.0,0.0,0.0,0.0,0.0
1240,0.0,0.0,0.0,0.0,0.0,0.0
1241,0.0,0.0,0.0,0.0036429872495446266,0.0,0.0
1242,0.0,0.0,0.0,0.0,0.0,0.0
1243,0.0,0.0,0.0,0.01457725947521866,0.0,0.0
1244,0.0,0.0,0.0,0.0,0.0,0.0
1245,0.0,0.0,0.0,0.0009267840593141797,0.0,0.0
1246,0.0,0.0,0.0,0.045146726862302484,0.0,0.0
1247,0.0,0.0,0.0,0.003286770747740345,0.0,0.0
1248,0.0,0.0,0.0,0.01324503311258278,0.0,0.0
1249,0.0,0.0,0.0,0.0,0.0,0.0
1250,0.0,0.0,0.0,0.0,0.0,0.0
1251,0.0,0.0,0.0,0.019182652210175143,0.0,0.0
1252,0.01950078003120125,0.0,0.0,0.14118564742589704,0.0,0.0
1253,0.0,0.0,0.0,0.0,0.0,0.0
1254,0.0,0.0,0.0,0.0,0.0,0.0
1255,0.0,0.0,0.0,0.0,0.0,0.0
1256,0.0,0.0,0.0,0.0,0.0,0.0
1257,0.0,0.0,0.0,0.0,0.0,0.0
1258,0.0,0.0,0.0,0.30952380952380953,0.0,0.0
1259,0.0,0.0,0.0,0.08204518430439953,0.0,0.0
1260,0.0,0.0,0.0,0.0,0.0,0.0
1261,0.0,0.0,0.0,0.2732075471698113,0.0,0.0
1262,0.0,0.0,0.0,0.03130016051364366,0.0,0.0
1263,0.0,0.0,0.0,0.012173913043478259,0.0,0.0
1264,0.0,0.0,0.0,0.0,0.0,0.0
1265,0.0,0.0,0.0,0.0,0.0,0.0
1266,0.0,0.0,0.0,0.04958677685950413,0.0,0.0
1267,0.0,0.0,0.0,0.0,0.0,0.0
1268,0.0,0.0,0.0,0.0,0.0,0.0
1269,0.0,0.0,0.0,0.0645933014354067,0.0,0.0
1270,0.0,0.0,0.0,0.0,0.0,0.0
1271,0.0,0.0,0.0,0.07058823529411765,0.0,0.0
1272,0.0,0.0,0.0,0.0,0.0,0.0
1273,0.0,0.0,0.0,0.03667953667953668,0.0,0.0
1274,0.0,0.0,0.0,0.02692867540029112,0.0,0.0
1275,0.0,0.0,0.0,0.07692307692307693,0.0,0.0
1276,0.028169014084507043,0.06426056338028169,0.014084507042253518,0.0977112676056338,0.01232394366197183,0.01232394366197183
1277,0.0,0.0,0.0,0.0,0.0,0.0
1278,0.0,0.0,0.0,0.0,0.0,0.0
1279,0.0,0.0,0.0,0.0,0.0,0.0
1280,0.0,0.0,0.0,0.0,0.0,0.0
1281,0.0,0.0,0.0,0.0052677787532923615,0.0,0.0
1282,0.0,0.0,0.0,0.0,0.0,0.0
1283,0.0,0.0,0.0,0.0,0.0,0.0
1284,0.0,0.0,0.0,0.0,0.0,0.0
1285,0.0,0.0,0.0,0.2967687074829932,0.0,0.0
1286,0.0,0.0,0.0,0.0,0.0,0.0
1287,0.0,0.0,0.0,0.0,0.0,0.0
1288,0.0,0.0,0.0,0.0,0.0,0.0
1289,0.0,0.0,0.0,0.006776379477250726,0.0,0.0
1290,0.0,0.0,0.0,0.0,0.0,0.0
1291,0.0,0.0,0.0,0.03177570093457944,0.0,0.0
1292,0.0,0.0,0.0,0.0,0.0,0.0
1293,0.0,0.0,0.0,0.16806722689075632,0.0,0.0
1294,0.0,0.0,0.0,0.0,0.0,0.0
1295,0.0,0.0,0.0,0.0,0.0,0.0
1296,0.0,0.0,0.0,0.009750812567713976,0.0,0.0
1297,0.0,0.0,0.0,0.0,0.0,0.0
1298,0.0,0.0,0.0,0.0,0.0,0.0
1299,0.0,0.0,0.0,0.0,0.0,0.0
1300,0.0,0.0,0.0,0.0,0.0,0.0
1301,0.0,0.0,0.0,0.3403805496828753,0.0,0.0
1302,0.0,0.0,0.0,0.0,0.0,0.0
1303,0.0,0.0,0.0,0.0,0.0,0.0
1304,0.0,0.0,0.0,0.0,0.0,0.0
1305,0.0,0.0,0.0,0.0,0.0,0.0
1306,0.0,0.0,0.0,0.03445800430725054,0.0,0.0
1307,0.0,0.0,0.0,0.017241379310344827,0.0,0.0
1308,0.0,0.0,0.0,0.013316423589093214,0.0,0.0
1309,0.0,0.0,0.0,0.0,0.0,0.0
1310,0.0,0.0,0.0,0.003424657534246575,0.0,0.0
1311,0.0,0.0,0.0,0.10330578512396696,0.0,0.0
1312,0.0,0.0,0.0,0.024565608148591968,0.0,0.0
1313,0.0,0.0,0.0,0.0,0.0,0.0
1314,0.0,0.0,0.0,0.025027203482045703,0.0,0.0
1315,0.0,0.0,0.0,0.0,0.0,0.0
1316,0.0,0.0,0.0,0.0,0.0,0.0
1317,0.0,0.0,0.0,0.00425531914893617,0.0,0.0
1318,0.0,0.0,0.0,0.028310502283105023,0.0,0.0
1319,0.0,0.0,0.0,0.0043956043956043965,0.0,0.0
1320,0.0,0.0,0.0,0.0,0.0,0.0
1321,0.0,0.0,0.0,0.04035874439461883,0.0,0.0
1322,0.14814814814814814,0.07407407407407407,0.07407407407407407,0.1111111111111111,0.0,0.0
1323,0.0,0.0,0.0,0.2154006243496358,0.0,0.0
1324,0.0,0.0,0.0,0.0,0.0,0.0
1325,0.0,0.0,0.0,0.013688212927756654,0.0,0.0
1326,0.0,0.0,0.0,0.0,0.0,0.0
1327,0.0,0.0,0.0,0.17708333333333334,0.0,0.0
1328,0.0,0.0,0.0,0.0,0.0,0.0
1329,0.0,0.0,0.0,0.0,0.0,0.0
1330,0.0,0.0,0.0,0.028691983122362867,0.0,0.0
1331,0.0,0.0,0.0,0.17391304347826084,0.0,0.0
1332,0.0,0.0,0.0,0.0,0.0,0.0
1333,0.0,0.0,0.0,0.0,0.0,0.0
1334,0.0,0.0,0.0,0.24346717654557046,0.0,0.0
1335,0.0,0.0,0.0,0.011594202898550723,0.0,0.0
1336,0.0,0.0,0.0,0.0,0.0,0.0
1337,0.0,0.0,0.0,0.0,0.0,0.0
1338,0.0,0.0,0.0,0.005511811023622047,0.0,0.0
1339,0.0,0.0,0.0,0.16609880749574105,0.0,0.0
1340,0.0,0.0,0.0,0.00794135613927917,0.0,0.0
1341,0.0,0.0,0.0,0.0,0.0,0.0
1342,0.0,0.0,0.0,0.0,0.0,0.0
1343,0.0,0.0,0.0,0.0,0.0,0.0
1344,0.0,0.0,0.0,0.0,0.0,0.0
1345,0.0,0.0,0.0,0.029673590504451036,0.0,0.0
1346,0.0,0.0,0.0,0.0,0.0,0.0
1347,0.0,0.0,0.0,0.004103967168262654,0.0,0.0
1348,0.0,0.0,0.0,0.0039164490861618795,0.0,0.0
1349,0.0,0.0,0.0,0.0,0.0,0.0
1350,0.0,0.0,0.0,0.0,0.0,0.0
1351,0.0,0.0,0.0,0.0,0.0,0.0
1352,0.0,0.0,0.0,0.152,0.0,0.0
1353,0.0,0.0,0.0,0.0,0.0,0.0
1354,0.0,0.0,0.0,0.0,0.0,0.0
1355,0.0,0.0,0.0,0.01819454163750875,0.0,0.0
1356,0.0,0.0,0.0,0.3167134831460674,0.0,0.0
1357,0.025454545454545452,0.0,0.0,0.07090909090909091,0.007272727272727274,0.007272727272727274
1358,0.0,0.0,0.0,0.11610076670317634,0.0,0.0
1359,0.0,0.0,0.0,0.0,0.0,0.0
1360,0.0,0.0,0.0,0.00306044376434583,0.0,0.0
1361,0.0,0.0,0.0,0.015920398009950248,0.0,0.0
1362,0.0,0.0,0.0,0.0,0.0,0.0
1363,0.0,0.0,0.0,0.04,0.0,0.0
1364,0.0,0.0,0.0,0.0,0.0,0.0
1365,0.0,0.0,0.0,0.0631704410011919,0.0,0.0
1366,0.0,0.0,0.0,0.02481389578163772,0.0,0.0
1367,0.0,0.0,0.0,0.08227848101265822,0.0,0.0
1368,0.0,0.0,0.0,0.11020408163265306,0.0,0.0
1369,0.0,0.0,0.0,0.0,0.0,0.0
1370,0.0,0.0,0.0,0.0,0.0,0.0
1371,0.0,0.0,0.0,0.0,0.0,0.0
1372,0.0,0.0,0.0,0.0,0.0,0.0
1373,0.0,0.0,0.0,0.0,0.0,0.0
1374,0.0,0.0,0.0,0.05905511811023623,0.0,0.0
1375,0.0,0.0,0.0,0.0,0.0,0.0
1376,0.0,0.0,0.0,0.0,0.0,0.0
1377,0.0,0.0,0.0,0.0,0.0,0.0
1378,0.0,0.0,0.0,0.03515625,0.0,0.0
1379,0.020637898686679174,0.0,0.0,0.0,0.0,0.0
1380,0.02491103202846975,0.0,0.0,0.007829181494661922,0.0,0.0
1381,0.0,0.0,0.0,0.06210191082802548,0.0,0.0
1382,0.0,0.0,0.0,0.235632183908046,0.0,0.0
1383,0.0,0.0,0.0,0.0944558521560575,0.0,0.0
1384,0.0,0.0,0.0,0.04593639575971732,0.0,0.0
1385,0.0,0.0,0.0,0.0,0.0,0.0
1386,0.0,0.0,0.0,0.02929115407147042,0.0,0.0
1387,0.0,0.0,0.0,0.0,0.0,0.0
1388,0.0,0.0,0.0,0.0,0.0,0.0
1389,0.0,0.0,0.0,0.0,0.0,0.0
1390,0.0,0.0,0.0,0.0,0.0,0.0
1391,0.0,0.0,0.0,0.0,0.0,0.0
1392,0.0,0.0,0.0,0.0,0.0,0.0
1393,0.0,0.0,0.0,0.0,0.0,0.0
1394,0.0,0.0,0.0,0.0,0.0,0.0
1395,0.0,0.0,0.0,0.14484848484848484,0.0,0.0
1396,0.0,0.0,0.0,0.004499437570303713,0.0,0.0
1397,0.0,0.0,0.0,0.0,0.0,0.0
1398,0.0,0.0,0.0,0.0,0.0,0.0
1399,0.0,0.0,0.0,0.0,0.0,0.0
1400,0.0,0.0,0.0,0.008695652173913044,0.0,0.0
1401,0.03945371775417299,0.0,0.0,0.03110773899848255,0.0,0.0
1402,0.0,0.0,0.0,0.0,0.0,0.0
1403,0.0,0.0,0.0,0.20399666944213155,0.0,0.0
1404,0.0,0.0,0.0,0.0,0.0,0.0
1405,0.0,0.0,0.0,0.0,0.0,0.0
1406,0.014012738853503185,0.0,0.0,0.21273885350318472,0.0,0.0
1407,0.0,0.0,0.0,0.3283582089552239,0.0,0.0
1408,0.0,0.0,0.0,0.12401055408970975,0.0,0.0
1409,0.0,0.0,0.0,0.0,0.0,0.0
1410,0.0,0.0,0.0,0.0,0.0,0.0
1411,0.0,0.0,0.0,0.0,0.0,0.0
1412,0.0,0.0,0.0,0.026785714285714284,0.0,0.0
1413,0.0,0.0,0.0,0.0012804097311139564,0.0,0.0
1414,0.0,0.0,0.0,0.0,0.0,0.0
1415,0.0,0.0,0.0,0.0,0.0,0.0
1416,0.0,0.0,0.0,0.02577319587628866,0.0,0.0
1417,0.0,0.0,0.0,0.0,0.0,0.0
1418,0.0,0.0,0.0,0.0,0.0,0.0
1419,0.0,0.0,0.0,0.0,0.0,0.0
1420,0.0,0.0,0.0,0.0010101010101010099,0.0,0.0
1421,0.0,0.0,0.0,0.0,0.0,0.0
1422,0.0,0.0,0.0,0.01778154106689246,0.0,0.0
1423,0.0,0.0,0.0,0.03167420814479638,0.0,0.0
1424,0.0,0.0,0.0,0.25077720207253884,0.0,0.0
1425,0.0,0.0,0.0,0.0,0.0,0.0
1426,0.0,0.0,0.0,0.007246376811594203,0.0,0.0
1427,0.0,0.0,0.0,0.0,0.0,0.0
1428,0.0,0.0,0.0,0.032418952618453865,0.0,0.0
1429,0.0,0.0,0.0,0.04309500489715965,0.0,0.0
1430,0.0,0.0,0.0,0.0,0.0,0.0
1431,0.0,0.0,0.0,0.017204301075268817,0.0,0.0
1432,0.0,0.0,0.0,0.014705882352941175,0.0,0.0
1433,0.0,0.0,0.0,0.0,0.0,0.0
1434,0.0,0.0,0.0,0.0,0.0,0.0
1435,0.0,0.0,0.0,0.005326231691078561,0.0,0.0
1436,0.0,0.0,0.0,0.0,0.0,0.0
1437,0.0,0.0,0.0,0.029813664596273288,0.0,0.0
1438,0.0,0.0,0.0,0.2750316856780735,0.0,0.0
1439,0.0,0.0,0.0,0.0,0.0,0.0
1440,0.0,0.0,0.0,0.047543581616481784,0.0,0.0
1441,0.0,0.0,0.0,0.0,0.0,0.0
1442,0.0,0.0,0.0,0.008635578583765112,0.0,0.0
1443,0.0,0.0,0.0,0.2870905587668593,0.0,0.0
1444,0.0,0.0,0.0,0.0,0.0,0.0
1445,0.0,0.0,0.0,0.0,0.0,0.0
1446,0.0,0.0,0.0,0.0,0.0,0.0
1447,0.0,0.0,0.0,0.0328,0.0,0.0
1448,0.0,0.0,0.0,0.0,0.0,0.0
1449,0.0,0.0,0.0,0.0,0.0,0.0
1450,0.0,0.0,0.0,0.0,0.0,0.0
1451,0.0,0.0,0.0,0.07309941520467836,0.0,0.0
1452,0.0,0.0,0.0,0.0,0.0,0.0
1453,0.0,0.0,0.0,0.004705882352941176,0.0,0.0
1454,0.0,0.0,0.0,0.0,0.0,0.0
1455,0.0,0.0,0.0,0.0,0.0,0.0
1456,0.0,0.0,0.0,0.0036068530207394047,0.0,0.0
1457,0.0,0.0,0.0,0.10836501901140684,0.0,0.0
1458,0.0,0.0,0.0,0.0,0.0,0.0
1459,0.0,0.0,0.0,0.0,0.0,0.0
1460,0.0,0.0,0.0,0.16494845360824742,0.0,0.0
1461,0.0,0.0,0.0,0.0,0.0,0.0
1462,0.0,0.0,0.0,0.0,0.0,0.0
1463,0.0,0.0,0.0,0.0,0.0,0.0
1464,0.0,0.0,0.0,0.0,0.0,0.0
1465,0.0,0.0,0.0,0.0,0.0,0.0
1466,0.0,0.0,0.0,0.4945054945054945,0.0,0.0
1467,0.0,0.0,0.0,0.0,0.0,0.0
1468,0.0,0.0,0.0,0.0,0.0,0.0
1469,0.0,0.0,0.0,0.0,0.0,0.0
1470,0.0,0.0,0.0,0.054054054054054064,0.0,0.0
1471,0.0,0.0,0.0,0.0,0.0,0.0
1472,0.0,0.0,0.0,0.0,0.0,0.0
1473,0.0,0.0,0.0,0.1310344827586207,0.0,0.0
1474,0.0,0.0,0.0,0.006116207951070336,0.0,0.0
1475,0.0,0.0,0.0,0.0,0.0,0.0
1476,0.0,0.0,0.0,0.0,0.0,0.0
1477,0.0,0.0,0.0,0.0,0.0,0.0
1478,0.0,0.0,0.0,0.0,0.0,0.0
1479,0.0,0.0,0.0,0.6941176470588235,0.0,0.0
1480,0.0,0.0,0.0,0.009473684210526316,0.0,0.0
1481,0.0,0.0,0.0,0.0,0.0,0.0
1482,0.0,0.0,0.0,0.0,0.0,0.0
1483,0.0,0.0,0.0,0.0,0.0,0.0
1484,0.0,0.0,0.0,0.0,0.0,0.0
1485,0.0,0.0,0.0,0.0,0.0,0.0
1486,0.0,0.0,0.0,0.2052877138413686,0.0,0.0
1487,0.0,0.0,0.0,0.0,0.0,0.0
1488,0.0,0.0,0.0,0.010618363522798251,0.0,0.0
1489,0.0,0.0,0.0,0.0,0.0,0.0
1490,0.0,0.0,0.0,0.0,0.0,0.0
1491,0.0,0.0,0.0,0.0,0.0,0.0
1492,0.0,0.0,0.0,0.4833333333333333,0.0,0.0
1493,0.0,0.0,0.0,0.0,0.0,0.0
1494,0.0,0.0,0.0,0.07177033492822966,0.0,0.0
1495,0.0,0.0,0.0,0.04641350210970464,0.0,0.0
1496,0.0,0.0,0.0,0.0,0.0,0.0
1497,0.019809825673534072,0.02060221870047544,0.0,0.02218700475435816,0.0,0.0
1498,0.0,0.0,0.0,0.2902298850574713,0.0,0.0
1499,0.0,0.0,0.0,0.0,0.0,0.0
1500,0.0,0.0,0.0,0.0,0.0,0.0
1501,0.0,0.0,0.0,0.0,0.0,0.0
1502,0.0,0.0,0.0,0.2413793103448276,0.0,0.0
1503,0.0,0.0,0.0,0.0,0.0,0.0
1504,0.042492917847025496,0.0,0.0,0.06326723323890462,0.0,0.0
1505,0.0,0.0,0.0,0.0,0.0,0.0
1506,0.0,0.0,0.0,0.2174757281553398,0.0,0.0
1507,0.0,0.0,0.0,0.04867256637168142,0.0,0.0
1508,0.0,0.0,0.0,0.0,0.0,0.0
1509,0.0,0.0,0.0,0.07062834875791525,0.0,0.0
1510,0.0,0.0,0.0,0.0,0.0,0.0
1511,0.0,0.0,0.0,0.00741962077493817,0.0,0.0
1512,0.0,0.0,0.0,0.0,0.0,0.0
1513,0.0,0.0,0.0,0.08495145631067963,0.0,0.0
1514,0.03013993541442412,0.0,0.0,0.0527448869752422,0.0,0.0
1515,0.0,0.0,0.0,0.0,0.0,0.0
1516,0.0,0.0,0.0,0.0,0.0,0.0
1517,0.0,0.0,0.0,0.0,0.0,0.0
1518,0.0,0.0,0.0,0.0,0.0,0.0
1519,0.0,0.0,0.0,0.0,0.0,0.0
1520,0.0,0.0,0.0,0.12804878048780488,0.0,0.0
1521,0.0,0.0,0.0,0.042274052478134115,0.0,0.0
1522,0.0,0.0,0.0,0.0296,0.0,0.0
1523,0.0,0.0,0.0,0.08074534161490682,0.0,0.0
1524,0.0,0.0,0.0,0.0718954248366013,0.0,0.0
1525,0.0,0.0,0.0,0.0,0.0,0.0
1526,0.0,0.0,0.0,0.0,0.0,0.0
1527,0.0,0.0,0.0,0.03571428571428571,0.0,0.0
1528,0.0,0.0,0.0,0.1,0.0,0.0
1529,0.0,0.0,0.0,0.0,0.0,0.0
1530,0.0,0.0,0.0,0.01282051282051282,0.0,0.0
1531,0.0,0.0,0.0,0.13793103448275862,0.0,0.0
1532,0.0,0.0,0.0,0.11320754716981132,0.0,0.0
1533,0.0,0.0,0.0,0.0,0.0,0.0
1534,0.0,0.0,0.0,0.13793103448275862,0.0,0.0
1535,0.0,0.0,0.0,0.0,0.0,0.0
1536,0.0,0.0,0.0,0.13033359193173005,0.0,0.0
1537,0.0,0.0,0.0,0.0,0.0,0.0
1538,0.0,0.0,0.0,0.0,0.0,0.0
1539,0.0,0.0,0.0,0.1012216404886562,0.0,0.0
1540,0.0,0.0,0.0,0.02469135802469136,0.0,0.0
1541,0.0,0.0,0.0,0.16502115655853314,0.0,0.0
1542,0.0,0.0,0.0,0.013814274750575594,0.0,0.0
1543,0.0,0.0,0.0,0.0,0.0,0.0
1544,0.0,0.0,0.0,0.0,0.0,0.0
1545,0.0,0.0,0.0,0.06320907617504051,0.0,0.0
1546,0.0,0.0,0.0,0.031782065834279234,0.0,0.0
1547,0.0,0.0,0.0,0.0,0.0,0.0
1548,0.0,0.0,0.0,0.03763440860215054,0.0,0.0
1549,0.0,0.0,0.0,0.012872628726287264,0.0,0.0
1550,0.0,0.0,0.0,0.07383419689119171,0.0,0.0
1551,0.0,0.0,0.0,0.0015174506828528073,0.0,0.0
1552,0.0,0.0,0.0,0.0,0.0,0.0
1553,0.0,0.0,0.0,0.0,0.0,0.0
1554,0.0,0.0,0.0,0.036171816126601364,0.0,0.0
1555,0.0,0.0,0.0,0.006398537477148082,0.0,0.0
1556,0.0,0.0,0.0,0.026572187776793627,0.0,0.0
1557,0.0,0.0,0.0,0.0,0.0,0.0
1558,0.0,0.0,0.0,0.0,0.0,0.0
1559,0.0,0.0,0.0,0.0,0.0,0.0
1560,0.0,0.0,0.0,0.23214285714285715,0.0,0.0
1561,0.0,0.0,0.0,0.1093969144460028,0.0,0.0
1562,0.0,0.0,0.0,0.32171314741035856,0.0,0.0
1563,0.0,0.0,0.0,0.0,0.0,0.0
1564,0.0,0.0,0.0,0.0076335877862595426,0.0,0.0
1565,0.0,0.0,0.0,0.048879837067209775,0.0,0.0
1566,0.0,0.0,0.0,0.0,0.0,0.0
1567,0.0,0.0,0.0,0.025676613462873005,0.0,0.0
1568,0.0,0.0,0.0,0.022842639593908632,0.0,0.0
1569,0.0,0.0,0.0,0.0,0.0,0.0
1570,0.0,0.0,0.0,0.0,0.0,0.0
1571,0.0,0.0,0.0,0.0,0.0,0.0
1572,0.0,0.0,0.0,0.0,0.0,0.0
1573,0.0,0.0,0.0,0.0,0.0,0.0
1574,0.0,0.0,0.0,0.0,0.0,0.0
1575,0.0,0.0,0.0,0.0,0.0,0.0
1576,0.0,0.0,0.0,0.21864951768488747,0.0,0.0
1577,0.0,0.0,0.0,0.0,0.0,0.0
1578,0.0,0.0,0.0,0.10505319148936172,0.0,0.0
1579,0.0,0.0,0.0,0.0,0.0,0.0
1580,0.0,0.0,0.0,0.0,0.0,0.0
1581,0.0,0.0,0.0,0.0625,0.0,0.0
1582,0.0,0.0,0.0,0.004267425320056899,0.0,0.0
1583,0.0,0.0,0.0,0.0,0.0,0.0
1584,0.0,0.0,0.0,0.20126146788990826,0.02522935779816514,0.012041284403669724
1585,0.0,0.0,0.0,0.02877697841726619,0.0,0.0
1586,0.0,0.0,0.0,0.04733727810650888,0.0,0.0
1587,0.0,0.0,0.0,0.014005602240896359,0.0,0.0
1588,0.0,0.0,0.0,0.0,0.0,0.0
1589,0.0,0.0,0.0,0.0,0.0,0.0
1590,0.0,0.0,0.0,0.0,0.0,0.0
1591,0.0,0.0,0.0,0.00816326530612245,0.0,0.0
1592,0.0,0.0,0.0,0.0,0.0,0.0
1593,0.0,0.0,0.0,0.006628003314001657,0.0,0.0
1594,0.0,0.0,0.0,0.0,0.0,0.0
1595,0.0,0.0,0.0,0.11695137976346913,0.0,0.0
1596,0.0,0.0,0.0,0.10379384395132428,0.0,0.0
1597,0.058301647655259824,0.0,0.0,0.08238276299112801,0.0,0.0
1598,0.0,0.0,0.0,0.0,0.0,0.0
1599,0.0,0.0,0.0,0.0,0.0,0.0
1600,0.0,0.0,0.0,0.0,0.0,0.0
1601,0.0,0.0,0.0,0.02261306532663317,0.0,0.0
1602,0.0,0.0,0.0,0.04472843450479233,0.0,0.0
1603,0.0,0.0,0.0,0.05775577557755776,0.0,0.0
1604,0.0,0.0,0.0,0.0,0.0,0.0
1605,0.0,0.0,0.0,0.0,0.0,0.0
1606,0.0,0.0,0.0,0.0,0.0,0.0
1607,0.0,0.0,0.0,0.15742128935532235,0.0,0.0
1608,0.0,0.0,0.0,0.0,0.0,0.0
1609,0.0,0.0,0.0,0.0,0.0,0.0
1610,0.0,0.0,0.0,0.040404040404040414,0.0,0.0
1611,0.0,0.0,0.0,0.0,0.0,0.0
1612,0.0,0.0,0.0,0.0,0.0,0.0
1613,0.0,0.0,0.0,0.0,0.0,0.0
1614,0.0,0.0,0.0,0.05228215767634855,0.0,0.0
1615,0.0,0.0,0.0,0.032072368421052634,0.004934210526315789,0.004934210526315789
1616,0.0,0.0,0.0,0.02783964365256125,0.0,0.0
1617,0.0,0.0,0.0,0.273190621814475,0.0,0.0
1618,0.0,0.0,0.0,0.0,0.0,0.0
1619,0.0,0.0,0.0,0.02008310249307479,0.0,0.0
1620,0.0,0.0,0.0,0.21648460774577954,0.0,0.0
1621,0.0,0.0,0.0,0.0,0.0,0.0
1622,0.0,0.0,0.0,0.0,0.0,0.0
1623,0.0,0.0,0.0,0.0,0.0,0.0
1624,0.0,0.0,0.0,0.0,0.0,0.0
1625,0.0,0.0,0.0,0.2276749798873693,0.0,0.0
1626,0.0,0.0,0.0,0.0,0.0,0.0
1627,0.0,0.0,0.0,0.0,0.0,0.0
1628,0.0,0.0,0.0,0.4855875831485588,0.0,0.0
1629,0.0,0.0,0.0,0.030168589174800357,0.0,0.0
1630,0.0,0.0,0.0,0.0,0.0,0.0
1631,0.0,0.0,0.0,0.1197411003236246,0.0,0.0
1632,0.0,0.0,0.0,0.0796221322537112,0.0,0.0
1633,0.0,0.0,0.0,0.0,0.0,0.0
1634,0.0,0.0,0.0,0.0,0.0,0.0
1635,0.0,0.0,0.0,0.0,0.0,0.0
1636,0.0,0.0,0.0,0.03378817413905133,0.0,0.0
1637,0.0,0.0,0.0,0.0,0.0,0.0
1638,0.0,0.0,0.0,0.5,0.0,0.0
1639,0.0,0.0,0.0,0.011396011396011395,0.0,0.0
1640,0.0,0.0,0.0,0.0,0.0,0.0
1641,0.0,0.0,0.0,0.0,0.0,0.0
1642,0.0,0.0,0.0,0.0,0.0,0.0
1643,0.0,0.0,0.0,0.0,0.0,0.0
1644,0.0,0.0,0.0,0.008196721311475409,0.0,0.0
1645,0.0,0.0,0.0,0.06400839454354669,0.0,0.0
1646,0.0,0.0,0.0,0.11650485436893206,0.0,0.0
1647,0.0,0.0,0.0,0.0,0.0,0.0
1648,0.0,0.0,0.0,0.0,0.0,0.0
1649,0.0,0.0,0.0,0.16666666666666666,0.0,0.0
1650,0.0,0.0,0.0,0.0,0.0,0.0
1651,0.0,0.0,0.0,0.0,0.0,0.0
1652,0.0,0.0,0.0,0.0,0.0,0.0
1653,0.0,0.0,0.0,0.0,0.0,0.0
1654,0.0,0.0,0.0,0.0,0.0,0.0
1655,0.0,0.0,0.0,0.0,0.0,0.0
1656,0.0,0.0,0.0,0.034003091190108185,0.0,0.0
1657,0.0,0.0,0.0,0.4141689373297003,0.0,0.0
1658,0.0,0.0,0.0,0.0,0.0,0.0
1659,0.0,0.0,0.0,0.0,0.0,0.0
1660,0.0,0.0,0.0,0.0,0.0,0.0
1661,0.0,0.0,0.0,0.0,0.0,0.0
1662,0.0,0.0,0.0,0.0,0.0,0.0
1663,0.0,0.0,0.0,0.0,0.0,0.0
1664,0.0,0.0,0.0,0.021014492753623187,0.0,0.0
1665,0.0,0.0,0.0,0.03231151615575808,0.0,0.0
1666,0.0,0.0,0.0,0.0,0.0,0.0
1667,0.0,0.0,0.0,0.05052631578947368,0.0,0.0
1668,0.0,0.0,0.0,0.0,0.0,0.0
1669,0.0,0.0,0.0,0.05434782608695652,0.0,0.0
1670,0.0,0.0,0.0,0.030525030525030524,0.0,0.0
1671,0.0,0.0,0.0,0.0,0.0,0.0
1672,0.0,0.0,0.0,0.04363636363636364,0.0,0.0
1673,0.0,0.0,0.0,0.0,0.0,0.0
1674,0.0,0.0,0.0,0.0,0.0,0.0
1675,0.0,0.0,0.0,0.0,0.0,0.0
1676,0.0,0.0,0.0,0.17269906928645296,0.0,0.0
1677,0.0,0.0,0.0,0.021897810218978103,0.0,0.0
1678,0.0,0.0,0.0,0.0,0.0,0.0
1679,0.0,0.0,0.0,0.2762762762762763,0.0,0.0
1680,0.0,0.0,0.0,0.0,0.0,0.0
1681,0.0,0.0,0.0,0.0078125,0.0,0.0
1682,0.0,0.0,0.0,0.0,0.0,0.0
1683,0.0,0.0,0.0,0.0,0.0,0.0
1684,0.0,0.0,0.0,0.02543859649122807,0.0,0.0
1685,0.0,0.0,0.0,0.0,0.0,0.0
1686,0.0,0.0,0.0,0.0,0.0,0.0
1687,0.07079646017699115,0.0,0.0,0.07079646017699115,0.07079646017699115,0.07079646017699115
1688,0.0,0.0,0.0,0.0,0.0,0.0
1689,0.0,0.0,0.0,0.002290950744558992,0.0,0.0
1690,0.0,0.0,0.0,0.0,0.0,0.0
1691,0.0,0.0,0.0,0.04064417177914111,0.0,0.0
1692,0.0,0.0,0.0,0.0,0.0,0.0
1693,0.0,0.0,0.0,0.0,0.0,0.0
1694,0.0,0.0,0.0,0.045186640471512766,0.0,0.0
1695,0.0,0.0,0.0,0.0,0.0,0.0
1696,0.0,0.0,0.0,0.0,0.0,0.0
1697,0.0,0.0,0.0,0.0,0.0,0.0
1698,0.06091370558375635,0.0,0.0,0.02030456852791878,0.0,0.0
1699,0.0,0.0,0.0,0.0,0.0,0.0
1700,0.0,0.0,0.0,0.008928571428571428,0.0,0.0
1701,0.15693430656934307,0.0,0.0,0.13503649635036494,0.0,0.0
1702,0.0,0.0,0.0,0.0,0.0,0.0
1703,0.0,0.0,0.0,0.08300395256916998,0.0,0.0
1704,0.0,0.0,0.0,0.007346938775510205,0.0,0.0
1705,0.0,0.0,0.0,0.0,0.0,0.0
1706,0.0,0.0,0.0,0.0,0.0,0.0
1707,0.0,0.0,0.0,0.0,0.0,0.0
1708,0.0,0.0,0.0,0.0,0.0,0.0
1709,0.0,0.0,0.0,0.0,0.0,0.0
1710,0.0,0.0,0.0,0.0,0.0,0.0
1711,0.0,0.0,0.0,0.0,0.0,0.0
1712,0.0,0.0,0.0,0.21562952243125905,0.0,0.0
1713,0.0,0.0,0.0,0.0,0.0,0.0
1714,0.0,0.0,0.0,0.24623803009575926,0.0,0.0
1715,0.0,0.0,0.0,0.0,0.0,0.0
1716,0.0,0.0,0.0,0.0,0.0,0.0
1717,0.0,0.0,0.0,0.0,0.0,0.0
1718,0.0,0.0,0.0,0.0,0.0,0.0
1719,0.0,0.0,0.0,0.0,0.0,0.0
1720,0.0,0.0,0.0,0.0,0.0,0.0
1721,0.0,0.0,0.0,0.0,0.0,0.0
1722,0.0,0.0,0.0,0.22962962962962966,0.0,0.0
1723,0.0,0.0,0.0,0.0,0.0,0.0
1724,0.0,0.0,0.0,0.0,0.0,0.0
1725,0.0,0.0,0.0,0.0,0.0,0.0
1726,0.0,0.0,0.0,0.0,0.0,0.0
1727,0.0,0.0,0.0,0.02087475149105368,0.0,0.0
1728,0.0,0.0,0.0,0.0,0.0,0.0
1729,0.0,0.0,0.0,0.0,0.0,0.0
1730,0.0,0.0,0.0,0.0,0.0,0.0
1731,0.0,0.0,0.0,0.0,0.0,0.0
1732,0.0,0.0,0.0,0.024742268041237112,0.0,0.0
1733,0.0,0.0,0.0,0.0,0.0,0.0
1734,0.0,0.0,0.0,0.0,0.0,0.0
1735,0.0,0.0,0.0,0.0,0.0,0.0
1736,0.0,0.0,0.0,0.02479338842975207,0.0,0.0
1737,0.0,0.0,0.0,0.3623188405797101,0.0,0.0
1738,0.0,0.0,0.0,0.005759539236861051,0.0,0.0
1739,0.0,0.0,0.0,0.0,0.0,0.0
1740,0.0,0.0,0.0,0.02808988764044944,0.0,0.0
1741,0.0,0.0,0.0,0.0,0.0,0.0
1742,0.0,0.0,0.0,0.0,0.0,0.0
1743,0.0,0.0,0.0,0.0,0.0,0.0
1744,0.0,0.0,0.0,0.0,0.0,0.0
1745,0.0,0.0,0.0,0.07692307692307693,0.0,0.0
1746,0.0,0.0,0.0,0.05882352941176471,0.0,0.0
1747,0.0,0.0,0.0,0.3575705731394354,0.0,0.0
1748,0.0,0.0,0.0,0.0,0.0,0.0
1749,0.0,0.0,0.0,0.0,0.0,0.0
1750,0.0,0.0,0.0,0.03037383177570093,0.0,0.0
1751,0.029475982532751088,0.0,0.0,0.03384279475982533,0.0,0.0
1752,0.04338842975206612,0.0,0.0,0.3326446280991736,0.0,0.0
1753,0.0,0.0,0.0,0.0,0.0,0.0
1754,0.0,0.0,0.0,0.0,0.0,0.0
1755,0.0,0.0,0.0,0.0,0.0,0.0
1756,0.0,0.0,0.0,0.0,0.0,0.0
1757,0.0,0.0,0.0,0.0,0.0,0.0
1758,0.0,0.0,0.0,0.16862745098039214,0.0,0.0
1759,0.0,0.0,0.0,0.14453781512605046,0.0,0.0
1760,0.0,0.0,0.0,0.020222446916076844,0.0,0.0
1761,0.0,0.0,0.0,0.0,0.0,0.0
1762,0.0,0.0,0.0,0.011904761904761904,0.0,0.0
1763,0.0,0.0,0.0,0.14285714285714285,0.0,0.0
1764,0.0,0.0,0.0,0.2125171939477304,0.0,0.0
1765,0.017628205128205128,0.0,0.0,0.02403846153846154,0.0,0.0
1766,0.0,0.0,0.0,0.1688720856962823,0.0,0.0
1767,0.0,0.0,0.0,0.06589147286821706,0.0,0.0
1768,0.0,0.0,0.0,0.004770992366412214,0.0,0.0
1769,0.0,0.0,0.0,0.02303754266211604,0.0,0.0
1770,0.0,0.0,0.0,0.10339256865912763,0.0,0.0
1771,0.0,0.0,0.0,0.0,0.0,0.0
1772,0.0,0.0,0.0,0.0,0.0,0.0
1773,0.0,0.0,0.0,0.15584415584415584,0.0,0.0
1774,0.0,0.0,0.0,0.06770428015564202,0.0,0.0
1775,0.0,0.0,0.0,0.0045721750489875895,0.0,0.0
1776,0.0,0.0,0.0,0.13131313131313133,0.0,0.0
1777,0.0,0.0,0.0,0.0,0.0,0.0
1778,0.0,0.0,0.0,0.019230769230769232,0.0,0.0
1779,0.0,0.0,0.0,0.05506783719074222,0.0,0.0
1780,0.0,0.0,0.0,0.20609884332281808,0.0,0.0
1781,0.0,0.0,0.0,0.23114754098360654,0.0,0.0
1782,0.02372262773722628,0.0,0.0,0.0,0.0,0.0
1783,0.0,0.0,0.0,0.0,0.0,0.0
1784,0.0,0.0,0.0,0.008333333333333333,0.0,0.0
1785,0.0,0.0,0.0,0.0,0.0,0.0
1786,0.0,0.0,0.0,0.0213903743315508,0.0,0.0
1787,0.0,0.0,0.0,0.3630952380952381,0.0,0.0
1788,0.0,0.0,0.0,0.0,0.0,0.0
1789,0.1111111111111111,0.0,0.0,0.2222222222222222,0.0,0.0
1790,0.0,0.0,0.0,0.0,0.0,0.0
1791,0.0,0.0,0.0,0.0006807351940095302,0.0,0.0
1792,0.0,0.0,0.0,0.06704980842911877,0.0,0.0
1793,0.0,0.0,0.0,0.0,0.0,0.0
1794,0.0,0.0,0.0,0.0,0.0,0.0
1795,0.0,0.0,0.0,0.033274956217162865,0.0,0.0
1796,0.0,0.0,0.0,0.0,0.0,0.0
1797,0.0,0.0,0.0,0.0,0.0,0.0
1798,0.0,0.0,0.0,0.0,0.0,0.0
1799,0.0,0.0,0.0,0.0,0.0,0.0
1800,0.0,0.0,0.0,0.02552552552552553,0.0,0.0
1801,0.0,0.0,0.0,0.0016722408026755853,0.0,0.0
1802,0.0,0.0,0.0,0.0,0.0,0.0
1803,0.0,0.0,0.0,0.0,0.0,0.0
1804,0.0,0.0,0.0,0.0,0.0,0.0
1805,0.0,0.0,0.0,0.04211187932118165,0.0,0.0
1806,0.019635343618513323,0.0,0.0,0.08064516129032258,0.0,0.0
1807,0.0,0.0,0.0,0.3058252427184466,0.0,0.0
1808,0.0,0.0,0.0,0.024034959941733432,0.0,0.0
1809,0.0,0.0,0.0,0.0,0.0,0.0
1810,0.0,0.0,0.0,0.0,0.0,0.0
1811,0.0,0.0,0.0,0.0,0.0,0.0
1812,0.0,0.0,0.0,0.4,0.0,0.0
1813,0.0,0.0,0.0,0.0,0.0,0.0
1814,0.0,0.0,0.0,0.0,0.0,0.0
1815,0.0,0.0,0.0,0.0,0.0,0.0
1816,0.0,0.0,0.0,0.0076112412177985955,0.0,0.0
1817,0.0,0.0,0.0,0.0,0.0,0.0
1818,0.0,0.0,0.0,0.0,0.0,0.0
1819,0.0,0.0,0.0,0.18571428571428567,0.0,0.0
1820,0.0,0.0,0.0,0.10419485791610283,0.0,0.0
1821,0.0,0.0,0.0,0.06832871652816251,0.0,0.0
1822,0.0,0.0,0.0,0.02916160388821385,0.0,0.0
1823,0.0,0.0,0.0,0.02881844380403458,0.0,0.0
1824,0.0,0.0,0.0,0.07581227436823104,0.0,0.0
1825,0.0,0.0,0.0,0.0,0.0,0.0
1826,0.0,0.0,0.0,0.05274725274725275,0.0,0.0
1827,0.0,0.0,0.0,0.06365503080082137,0.0,0.0
1828,0.0,0.0,0.0,0.12162162162162166,0.0,0.0
1829,0.06211180124223601,0.0,0.0,0.0,0.0,0.0
1830,0.0,0.0,0.0,0.0,0.0,0.0
1831,0.0,0.0,0.0,0.0,0.0,0.0
1832,0.0,0.0,0.0,0.2720187061574435,0.0,0.0
1833,0.0,0.0,0.0,0.004633204633204633,0.0,0.0
1834,0.0,0.0,0.0,0.0,0.0,0.0
1835,0.0,0.0,0.0,0.014154281670205238,0.0,0.0
1836,0.0,0.0,0.0,0.017441860465116282,0.0,0.0
1837,0.0,0.0,0.0,0.0,0.0,0.0
1838,0.0,0.0,0.0,0.0,0.0,0.0
1839,0.0,0.0,0.0,0.0,0.0,0.0
1840,0.0,0.0,0.0,0.425531914893617,0.0,0.0
1841,0.0,0.0,0.0,0.0,0.0,0.0
1842,0.0,0.0,0.0,0.035046728971962614,0.0,0.0
1843,0.0,0.0,0.0,0.0,0.0,0.0
1844,0.0,0.0,0.0,0.0,0.0,0.0
1845,0.0,0.0,0.0,0.08179162609542356,0.0,0.0
1846,0.0,0.0,0.0,0.0,0.0,0.0
1847,0.0,0.0,0.0,0.0528169014084507,0.0,0.0
1848,0.0,0.0,0.0,0.005543237250554324,0.0,0.0
1849,0.0,0.0,0.0,0.0,0.0,0.0
1850,0.10699588477366256,0.0,0.0,0.19753086419753085,0.0,0.0
1851,0.0,0.0,0.0,0.16049382716049382,0.02292768959435626,0.0
1852,0.0,0.0,0.0,0.0,0.0,0.0
1853,0.0,0.0,0.0,0.0,0.0,0.0
1854,0.0,0.0,0.0,0.0,0.0,0.0
1855,0.0,0.0,0.0,0.004329004329004329,0.0,0.0
1856,0.0,0.0,0.0,0.06349206349206349,0.0,0.0
1857,0.0,0.0,0.0,0.0,0.0,0.0
1858,0.0,0.0,0.0,0.0,0.0,0.0
1859,0.0,0.0,0.0,0.14889123548046462,0.0,0.0
1860,0.0,0.0,0.0,0.0,0.0,0.0
1861,0.0,0.0,0.0,0.0,0.0,0.0
1862,0.0,0.0,0.0,0.24836601307189546,0.0,0.0
1863,0.0,0.0,0.0,0.10526315789473684,0.0,0.0
1864,0.0,0.0,0.0,0.0,0.0,0.0
1865,0.0,0.0,0.0,0.19113573407202214,0.0,0.0
1866,0.0,0.0,0.0,0.0,0.0,0.0
1867,0.0,0.0,0.0,0.0,0.0,0.0
1868,0.0,0.0,0.0,0.0,0.0,0.0
1869,0.0,0.0,0.0,0.0,0.0,0.0
1870,0.0,0.0,0.0,0.0,0.0,0.0
1871,0.0,0.0,0.0,0.0,0.0,0.0
1872,0.0,0.0,0.0,0.22033898305084745,0.0,0.0
1873,0.0,0.0,0.0,0.0,0.0,0.0
1874,0.0,0.0,0.0,0.0,0.0,0.0
1875,0.0,0.0,0.0,0.0,0.0,0.0
1876,0.0,0.0,0.0,0.0,0.0,0.0
1877,0.0,0.0,0.0,0.0,0.0,0.0
1878,0.0,0.0,0.0,0.0,0.0,0.0
1879,0.0,0.0,0.0,0.0,0.0,0.0
1880,0.0,0.0,0.0,0.0,0.0,0.0
1881,0.0,0.0,0.0,0.09420289855072464,0.0,0.0
1882,0.0,0.0,0.0,0.03597122302158273,0.0,0.0
1883,0.0,0.0,0.0,0.0,0.0,0.0
1884,0.0,0.0,0.0,0.2709551656920078,0.0,0.0
1885,0.0,0.0,0.0,0.0,0.0,0.0
1886,0.0,0.0,0.0,0.03359858532272325,0.0,0.0
1887,0.0,0.0,0.0,0.0,0.0,0.0
1888,0.0,0.0,0.0,0.07354925775978408,0.0,0.0
1889,0.0,0.0,0.0,0.0,0.0,0.0
1890,0.0,0.0,0.0,0.0,0.0,0.0
1891,0.0,0.0,0.0,0.0,0.0,0.0
1892,0.0,0.0,0.0,0.07386363636363638,0.0,0.0
1893,0.0,0.0,0.0,0.0,0.0,0.0
1894,0.0,0.0,0.0,0.00425531914893617,0.0,0.0
1895,0.0,0.0,0.0,0.0,0.0,0.0
1896,0.0,0.0,0.0,0.0,0.0,0.0
1897,0.0,0.0,0.0,0.0015527950310559005,0.0,0.0
1898,0.0,0.0,0.0,0.010362694300518135,0.0,0.0
1899,0.0,0.0,0.0,0.04691358024691358,0.0,0.0
1900,0.0,0.0,0.0,0.057388809182209476,0.0,0.0
1901,0.0,0.0,0.0,0.03975535168195719,0.0,0.0
1902,0.0,0.0,0.0,0.0,0.0,0.0
1903,0.0,0.0,0.0,0.0,0.0,0.0
1904,0.0,0.0,0.0,0.13100436681222707,0.0,0.0
1905,0.0,0.0,0.0,0.0,0.0,0.0
1906,0.0,0.0,0.0,0.0,0.0,0.0
1907,0.0,0.0,0.0,0.0646830530401035,0.0,0.0
1908,0.0,0.0,0.0,0.0,0.0,0.0
1909,0.0,0.0,0.0,0.11072261072261072,0.0,0.0
1910,0.0,0.0,0.0,0.0,0.0,0.0
1911,0.0,0.0,0.0,0.0,0.0,0.0
1912,0.0,0.0,0.0,0.0,0.0,0.0
1913,0.0,0.0,0.0,0.0,0.0,0.0
1914,0.0,0.0,0.0,0.0,0.0,0.0
1915,0.0,0.0,0.0,0.0,0.0,0.0
1916,0.0,0.0,0.0,0.0074374577417173765,0.0,0.0
1917,0.0,0.0,0.0,0.0,0.0,0.0
1918,0.0,0.0,0.0,0.0,0.0,0.0
1919,0.0,0.0,0.0,0.007621951219512195,0.0,0.0
1920,0.0,0.0,0.0,0.003886010362694301,0.0,0.0
1921,0.0,0.0,0.0,0.0,0.0,0.0
1922,0.0,0.0,0.0,0.0,0.0,0.0
1923,0.0,0.0,0.0,0.031781226903178125,0.0,0.0
1924,0.02616279069767442,0.0,0.0,0.005813953488372093,0.0,0.0
1925,0.0,0.0,0.0,0.0,0.0,0.0
1926,0.0,0.0,0.0,0.2324492979719189,0.0,0.0
1927,0.0,0.0,0.0,0.08333333333333333,0.0,0.0
1928,0.0,0.0,0.0,0.0,0.0,0.0
1929,0.0,0.0,0.0,0.1388888888888889,0.0,0.0
1930,0.0,0.0,0.0,0.0,0.0,0.0
1931,0.0,0.0,0.0,0.03453453453453453,0.0,0.0
1932,0.0,0.0,0.0,0.0,0.0,0.0
1933,0.0,0.0,0.0,0.035598705501618116,0.0,0.0
1934,0.0,0.0,0.0,0.048732943469785565,0.0,0.0
1935,0.0,0.0,0.0,0.0,0.0,0.0
1936,0.0,0.15384615384615385,0.0,0.07692307692307693,0.0,0.0
1937,0.0,0.0,0.0,0.032085561497326213,0.0,0.0
1938,0.0,0.0,0.0,0.0,0.0,0.0
1939,0.0,0.0,0.0,0.0,0.0,0.0
1940,0.0,0.0,0.0,0.08731466227347613,0.0,0.0
1941,0.0,0.0,0.0,0.0463768115942029,0.0,0.0
1942,0.0,0.0,0.0,0.0,0.0,0.0
1943,0.0,0.0,0.0,0.0,0.0,0.0
1944,0.0,0.0,0.0,0.020491803278688527,0.0,0.0
1945,0.0,0.0,0.0,0.0,0.0,0.0
1946,0.0,0.0,0.0,0.0,0.0,0.0
1947,0.0,0.0,0.0,0.046890927624872576,0.0,0.0
1948,0.0,0.0,0.0,0.04521276595744681,0.0,0.0
1949,0.0,0.0,0.0,0.0,0.0,0.0
1950,0.0,0.0,0.0,0.05121293800539083,0.0,0.0
1951,0.0,0.0,0.0,0.0,0.0,0.0
1952,0.0,0.0,0.0,0.0,0.0,0.0
1953,0.0,0.0,0.0,0.09115523465703973,0.0,0.0
1954,0.0,0.0,0.0,0.0,0.0,0.0
1955,0.0,0.0,0.0,0.035256410256410256,0.0,0.0
1956,0.0,0.0,0.0,0.07894736842105263,0.0,0.0
1957,0.0,0.0,0.0,0.004777070063694267,0.0,0.0
1958,0.0,0.0,0.0,0.03776041666666666,0.0,0.0
1959,0.0,0.0,0.0,0.0,0.0,0.0
1960,0.0,0.0,0.0,0.0,0.0,0.0
1961,0.0,0.0,0.0,0.0,0.0,0.0
1962,0.0,0.0,0.0,0.0,0.0,0.0
1963,0.0,0.0,0.0,0.08333333333333333,0.0,0.0
1964,0.0,0.0,0.0,0.0,0.0,0.0
1965,0.024553571428571428,0.024553571428571428,0.024553571428571428,0.049107142857142856,0.0,0.0
1966,0.0,0.0,0.0,0.19645916619074813,0.0,0.0
1967,0.0,0.0,0.0,0.01007919366450684,0.0,0.0
1968,0.0,0.0,0.0,0.0,0.0,0.0
1969,0.0,0.0,0.0,0.08270676691729323,0.0,0.0
1970,0.0,0.0,0.0,0.0,0.0,0.0
1971,0.0,0.0,0.0,0.010393466963622866,0.0,0.0
1972,0.0,0.0,0.0,0.0,0.0,0.0
1973,0.0,0.0,0.0,0.026155187445510025,0.0,0.0
1974,0.0,0.0,0.0,0.01968503937007874,0.0,0.0
1975,0.0,0.0,0.0,0.02819237147595357,0.0,0.0
1976,0.0,0.0,0.0,0.09953488372093024,0.0,0.0
1977,0.02118003025718608,0.0,0.0,0.17246596066565809,0.02118003025718608,0.02118003025718608
1978,0.0,0.0,0.0,0.03258655804480652,0.0,0.0
1979,0.0,0.0,0.0,0.3144578313253012,0.0,0.0
1980,0.0,0.0,0.0,0.027777777777777776,0.0,0.0
1981,0.0,0.0,0.0,0.01813236627379873,0.0,0.0
1982,0.0,0.0,0.0,0.0,0.0,0.0
1983,0.0,0.0,0.0,0.003105590062111801,0.0,0.0
1984,0.0,0.0,0.0,0.2003454231433506,0.0,0.0
1985,0.0,0.0,0.0,0.0,0.0,0.0
1986,0.0,0.0,0.0,0.03015075376884422,0.0,0.0
1987,0.0,0.0,0.0,0.0,0.0,0.0
1988,0.0,0.0,0.0,0.0,0.0,0.0
1989,0.0,0.0,0.0,0.09357277882797732,0.0,0.0
1990,0.0,0.0,0.0,0.3261802575107296,0.0,0.0
1991,0.0,0.0,0.0,0.0,0.0,0.0
1992,0.09021601016518424,0.0,0.0,0.12452350698856415,0.0,0.0
1993,0.0,0.0,0.0,0.0,0.0,0.0
1994,0.0,0.0,0.0,0.0,0.0,0.0
1995,0.0,0.0,0.0,0.020958083832335328,0.0,0.0
1996,0.0,0.0,0.0,0.0,0.0,0.0
1997,0.0,0.0,0.0,0.0,0.0,0.0
1998,0.0,0.0,0.0,0.0,0.0,0.0
1999,0.0,0.0,0.0,0.0018814675446848547,0.0,0.0
2000,0.0,0.0,0.0,0.0,0.0,0.0
2001,0.0,0.0,0.0,0.0,0.0,0.0
2002,0.0,0.0,0.0,0.042,0.0,0.0
2003,0.0,0.0,0.0,0.029647435897435893,0.0,0.0
2004,0.0,0.0,0.0,0.5454545454545454,0.0,0.0
2005,0.0,0.0,0.0,0.08088235294117647,0.0024509803921568627,0.0024509803921568627
2006,0.0,0.0,0.0,0.04838709677419355,0.0,0.0
2007,0.0,0.0,0.0,0.0,0.0,0.0
2008,0.0,0.0,0.0,0.0,0.0,0.0
2009,0.0,0.0,0.0,0.0,0.0,0.0
2010,0.0,0.0,0.0,0.0,0.0,0.0
2011,0.0,0.0,0.0,0.0,0.0,0.0
2012,0.0,0.0,0.0,0.0,0.0,0.0
2013,0.0,0.0,0.0,0.028409090909090905,0.0,0.0
2014,0.0,0.0,0.0,0.0,0.0,0.0
2015,0.02197802197802198,0.0,0.0,0.16483516483516486,0.0,0.0
2016,0.0,0.0,0.0,0.0,0.0,0.0
2017,0.0,0.0,0.0,0.30845771144278605,0.0,0.0
2018,0.0,0.0,0.0,0.0,0.0,0.0
2019,0.0,0.0,0.0,0.14895330112721414,0.0,0.0
2020,0.0,0.0,0.0,0.013432835820895522,0.0,0.0
2021,0.0,0.0,0.0,0.0008312551953449709,0.0,0.0
2022,0.0,0.0,0.0,0.0,0.0,0.0
2023,0.0,0.0,0.0,0.0,0.0,0.0
2024,0.0,0.0,0.0,0.0184,0.0,0.0
2025,0.0,0.0,0.0,0.0,0.0,0.0
2026,0.0,0.0,0.0,0.0,0.0,0.0
2027,0.0,0.0,0.0,0.06221198156682028,0.0,0.0
2028,0.0,0.0,0.0,0.0,0.0,0.0
2029,0.0,0.0,0.0,0.0,0.0,0.0
2030,0.0,0.0,0.0,0.07740585774058578,0.0,0.0
2031,0.0,0.0,0.0,0.0,0.0,0.0
2032,0.0,0.0,0.0,0.024363233665559248,0.0,0.0
2033,0.0,0.0,0.0,0.0,0.0,0.0
2034,0.0,0.0,0.0,0.0,0.0,0.0
2035,0.0,0.0,0.0,0.01969057665260197,0.0,0.0
2036,0.0,0.0,0.0,0.5,0.0,0.0
2037,0.0,0.0,0.0,0.0,0.0,0.0
2038,0.0,0.0,0.0,0.01103230890464933,0.0,0.0
2039,0.0,0.0,0.0,0.0,0.0,0.0
2040,0.0,0.0,0.0,0.0,0.0,0.0
2041,0.0,0.0,0.0,0.017167381974248927,0.0,0.0
2042,0.0,0.0,0.0,0.1874447391688771,0.0,0.0
2043,0.0,0.0,0.0,0.0,0.0,0.0
2044,0.0,0.0,0.0,0.0,0.0,0.0
2045,0.022241231822070145,0.0,0.0,0.041916167664670656,0.0,0.0
2046,0.0,0.0,0.0,0.0,0.0,0.0
2047,0.0,0.0,0.0,0.003229278794402584,0.0,0.0
2048,0.0,0.0,0.0,0.0,0.0,0.0
2049,0.0,0.0,0.0,0.0,0.0,0.0
2050,0.0,0.0,0.0,0.0,0.0,0.0
2051,0.0,0.0,0.0,0.0,0.0,0.0
2052,0.0,0.0,0.0,0.0,0.0,0.0
2053,0.0,0.0,0.0,0.0,0.0,0.0
2054,0.0,0.0,0.0,0.021538461538461538,0.0,0.0
2055,0.0,0.0,0.0,0.006462035541195477,0.0,0.0
2056,0.0,0.0,0.0,0.0,0.0,0.0
2057,0.0,0.0,0.0,0.02097902097902098,0.0,0.0
2058,0.0,0.0,0.0,0.00997506234413965,0.0,0.0
2059,0.0,0.0,0.0,0.0,0.0,0.0
2060,0.0,0.0,0.0,0.0,0.0,0.0
2061,0.0,0.0,0.0,0.0,0.0,0.0
2062,0.0,0.0,0.0,0.0,0.0,0.0
2063,0.0,0.0,0.0,0.0,0.0,0.0
2064,0.0,0.0,0.0,0.0,0.0,0.0
2065,0.0,0.0,0.0,0.19331911869225304,0.0,0.0
2066,0.021183345507669836,0.0,0.0,0.1877282688093499,0.0,0.0
2067,0.0,0.0,0.0,0.0,0.0,0.0
2068,0.0,0.0,0.0,0.0,0.0,0.0
2069,0.0,0.0,0.0,0.0,0.0,0.0
2070,0.0,0.0,0.0,0.0,0.0,0.0
2071,0.0,0.0,0.0,0.046610169491525424,0.0,0.0
2072,0.0,0.0,0.0,0.0,0.0,0.0
2073,0.0,0.0,0.0,0.0925925925925926,0.0,0.0
2074,0.0,0.0,0.0,0.0,0.0,0.0
2075,0.0,0.0,0.0,0.0,0.0,0.0
2076,0.0,0.0,0.0,0.0,0.0,0.0
2077,0.0,0.0,0.0,0.0,0.0,0.0
2078,0.0,0.0,0.0,0.02094972067039106,0.0,0.0
2079,0.0,0.0,0.0,0.0,0.0,0.0
2080,0.0,0.0,0.0,0.03400637619553666,0.0,0.0
2081,0.0,0.0,0.0,0.12866817155756208,0.0,0.0
2082,0.0,0.0,0.0,0.0,0.0,0.0
2083,0.0,0.0,0.0,0.08157894736842106,0.0,0.0
2084,0.0,0.0,0.0,0.0,0.0,0.0
2085,0.0,0.0,0.0,0.0,0.0,0.0
2086,0.0,0.0,0.0,0.0,0.0,0.0
2087,0.0,0.0,0.0,0.32620320855614976,0.0,0.0
2088,0.02127659574468085,0.0,0.0,0.2269503546099291,0.0,0.0
2089,0.0,0.0,0.0,0.0,0.0,0.0
2090,0.0,0.0,0.0,0.3132075471698113,0.0,0.0
2091,0.0,0.0,0.0,0.2,0.0,0.0
2092,0.0,0.0,0.0,0.19195305951383068,0.0,0.0
2093,0.0,0.0,0.0,0.016666666666666666,0.0,0.0
2094,0.0,0.0,0.0,0.0,0.0,0.0
2095,0.0,0.0,0.0,0.0,0.0,0.0
2096,0.0,0.0,0.0,0.0,0.0,0.0
2097,0.0,0.0,0.0,0.0,0.0,0.0
2098,0.0,0.0,0.0,0.0,0.0,0.0
2099,0.0,0.0,0.0,0.0,0.0,0.0
2100,0.0,0.0,0.0,0.02196193265007321,0.0,0.0
2101,0.0,0.0,0.0,0.07308684436801376,0.0,0.0
2102,0.0,0.0,0.0,0.04712041884816754,0.0,0.0
2103,0.0,0.0,0.0,0.0,0.0,0.0
2104,0.0,0.0,0.0,0.0,0.0,0.0
2105,0.0,0.0,0.0,0.0,0.0,0.0
2106,0.0,0.0,0.0,0.09055425448868072,0.0,0.0
2107,0.0,0.0,0.0,0.0,0.0,0.0
2108,0.0,0.0,0.0,0.16666666666666666,0.0,0.0
2109,0.0,0.0,0.0,0.0,0.0,0.0
2110,0.0,0.0,0.0,0.060759493670886074,0.0,0.0
2111,0.0,0.0,0.0,0.2608695652173913,0.0,0.0
2112,0.0,0.0,0.0,0.007766990291262136,0.0,0.0
2113,0.0,0.0,0.0,0.0,0.0,0.0
2114,0.0,0.0,0.0,0.2,0.0,0.0
2115,0.0,0.0,0.0,0.021052631578947368,0.0,0.0
2116,0.0,0.0,0.0,0.0,0.0,0.0
2117,0.0,0.0,0.0,0.0010095911155981827,0.0,0.0
2118,0.0,0.0,0.0,0.0,0.0,0.0
2119,0.0,0.0,0.0,0.03842459173871278,0.0,0.0
2120,0.0,0.0,0.0,0.014492753623188406,0.0,0.0
2121,0.0,0.0,0.0,0.0035056967572305,0.0,0.0
2122,0.0,0.0,0.0,0.02205882352941177,0.0,0.0
2123,0.0,0.0,0.0,0.3246753246753247,0.0,0.0
2124,0.0,0.0,0.0,0.0,0.0,0.0
2125,0.0,0.0,0.0,0.048338368580060416,0.0,0.0
2126,0.0,0.0,0.0,0.03145235892691952,0.0,0.0
2127,0.0,0.0,0.0,0.0,0.0,0.0
2128,0.0,0.0,0.0,0.20235546038543895,0.0,0.0
2129,0.0,0.0,0.0,0.009174311926605505,0.0,0.0
2130,0.0,0.0,0.0,0.0425531914893617,0.0,0.0
2131,0.0,0.0,0.0,0.3698630136986301,0.0,0.0
2132,0.0,0.0,0.0,0.0,0.0,0.0
2133,0.0,0.0,0.0,0.025423728813559324,0.0,0.0
2134,0.0,0.0,0.0,0.09536082474226804,0.0,0.0
2135,0.0,0.0,0.0,0.0,0.0,0.0
2136,0.0,0.0,0.0,0.056022408963585436,0.0,0.0
2137,0.0,0.0,0.0,0.0,0.0,0.0
2138,0.0,0.0,0.0,0.02641056422569028,0.0,0.0
2139,0.0,0.0,0.0,0.17819148936170212,0.0,0.0
2140,0.0,0.0,0.0,0.19693654266958424,0.0,0.0
2141,0.0,0.0,0.0,0.0,0.0,0.0
2142,0.0,0.0,0.0,0.0,0.0,0.0
2143,0.0,0.0,0.0,0.0,0.0,0.0
2144,0.0,0.0,0.0,0.0,0.0,0.0
2145,0.0,0.0,0.0,0.0,0.0,0.0
2146,0.0,0.0,0.0,0.2431818181818182,0.0,0.0
2147,0.0,0.0,0.0,0.054996127033307515,0.0,0.0
2148,0.0,0.0,0.0,0.0,0.0,0.0
2149,0.0,0.0,0.0,0.008045052292839904,0.0,0.0
2150,0.0,0.0,0.0,0.0,0.0,0.0
2151,0.0,0.0,0.0,0.0,0.0,0.0
2152,0.0,0.0,0.0,0.01098901098901099,0.0,0.0
2153,0.0,0.0,0.0,0.05052631578947368,0.0,0.0
2154,0.0,0.0,0.0,0.0,0.0,0.0
2155,0.0,0.0,0.0,0.12077294685990338,0.0,0.0
2156,0.0,0.0,0.0,0.0,0.0,0.0
2157,0.0,0.0,0.0,0.0,0.0,0.0
2158,0.0,0.0,0.0,0.0,0.0,0.0
2159,0.0,0.0,0.0,0.01859504132231405,0.0,0.0
2160,0.0,0.0,0.0,0.0,0.0,0.0
2161,0.0,0.0,0.0,0.0,0.0,0.0
2162,0.02707006369426752,0.0,0.0,0.3662420382165605,0.0,0.0
2163,0.0,0.0,0.0,0.0,0.0,0.0
2164,0.07333333333333332,0.0,0.0,0.38666666666666666,0.02,0.0
2165,0.0,0.0,0.0,0.0,0.0,0.0
2166,0.0,0.0,0.0,0.0,0.0,0.0
2167,0.0,0.0,0.0,0.11914893617021274,0.0,0.0
2168,0.0,0.0,0.0,0.0,0.0,0.0
2169,0.0,0.0,0.0,0.04938271604938271,0.0,0.0
2170,0.0,0.0,0.0,0.0,0.0,0.0
2171,0.0,0.0,0.0,0.0,0.0,0.0
2172,0.0,0.0,0.0,0.018341307814992026,0.0,0.0
2173,0.0,0.0,0.0,0.0,0.0,0.0
2174,0.0,0.0,0.0,0.18137847642079807,0.0,0.0
2175,0.0,0.0,0.0,0.0,0.0,0.0
2176,0.0,0.0,0.0,0.0010582010582010585,0.0,0.0
2177,0.0,0.0,0.0,0.047058823529411764,0.0,0.0
2178,0.0,0.0,0.0,0.0,0.0,0.0
2179,0.0,0.0,0.0,0.0,0.0,0.0
2180,0.0,0.0,0.0,0.0,0.0,0.0
2181,0.0,0.0,0.0,0.0,0.0,0.0
2182,0.0,0.0,0.0,0.0,0.0,0.0
2183,0.0,0.0,0.0,0.0,0.0,0.0
2184,0.0,0.0,0.0,0.0,0.0,0.0
2185,0.0,0.0,0.0,0.0,0.0,0.0
2186,0.0,0.0,0.0,0.0,0.0,0.0
2187,0.0,0.0,0.0,0.2,0.0,0.0
2188,0.0,0.0,0.0,0.045576407506702415,0.0,0.0
2189,0.0,0.0,0.0,0.0,0.0,0.0
2190,0.0,0.0,0.0,0.0673076923076923,0.0,0.0
2191,0.0,0.0,0.0,0.0,0.0,0.0
2192,0.0,0.0,0.0,0.0,0.0,0.0
2193,0.0,0.0,0.0,0.12471131639722866,0.0,0.0
2194,0.0,0.0,0.0,0.0,0.0,0.0
2195,0.0,0.0,0.0,0.0,0.0,0.0
2196,0.0,0.0,0.0,0.0,0.0,0.0
2197,0.0,0.0,0.0,0.5,0.0,0.0
2198,0.0,0.0,0.0,0.0,0.0,0.0
2199,0.0,0.0,0.0,0.006711409395973154,0.0,0.0
2200,0.0,0.0,0.0,0.0,0.0,0.0
2201,0.0,0.0,0.0,0.0,0.0,0.0
2202,0.0,0.0,0.0,0.00847457627118644,0.0,0.0
2203,0.0,0.0,0.0,0.0,0.0,0.0
2204,0.0,0.0,0.0,0.0,0.0,0.0
2205,0.0,0.0,0.0,0.2254237288135593,0.0,0.0
2206,0.0,0.0,0.0,0.0,0.0,0.0
2207,0.0,0.0,0.0,0.2476635514018692,0.0,0.0
2208,0.0,0.0,0.0,0.020047169811320757,0.0,0.0
2209,0.0,0.0,0.0,0.4714285714285714,0.0,0.0
2210,0.0,0.0,0.0,0.02741935483870968,0.0,0.0
2211,0.0,0.0,0.0,0.041608876560332866,0.0,0.0
2212,0.0,0.0,0.0,0.0,0.0,0.0
2213,0.0,0.0,0.0,0.0,0.0,0.0
2214,0.0,0.0,0.0,0.0,0.0,0.0
2215,0.0,0.0,0.0,0.05221932114882506,0.0,0.0
2216,0.0,0.0,0.0,0.2,0.0,0.0
2217,0.0,0.0,0.0,0.13574660633484162,0.0,0.0
2218,0.0,0.0,0.0,0.1048,0.0,0.0
2219,0.0,0.0,0.0,0.0,0.0,0.0
2220,0.0,0.0,0.0,0.0,0.0,0.0
2221,0.0,0.0,0.0,0.0,0.0,0.0
2222,0.0,0.0,0.0,0.0,0.0,0.0
2223,0.0,0.0,0.0,0.0,0.0,0.0
2224,0.0,0.0,0.0,0.0,0.0,0.0
2225,0.0,0.0,0.0,0.0,0.0,0.0
2226,0.0,0.0,0.0,0.01627339300244101,0.0,0.0
2227,0.0,0.0,0.0,0.0,0.0,0.0
2228,0.0,0.0,0.0,0.0,0.0,0.0
2229,0.0,0.0,0.0,0.03461538461538462,0.0,0.0
2230,0.0,0.0,0.0,0.0,0.0,0.0
2231,0.0,0.0,0.0,0.0,0.0,0.0
2232,0.0,0.0,0.0,0.009922822491730982,0.0,0.0
2233,0.0,0.0,0.0,0.17298578199052134,0.0,0.0
2234,0.0,0.0,0.0,0.0,0.0,0.0
2235,0.0,0.0,0.0,0.12658227848101267,0.0,0.0
2236,0.0,0.0,0.0,0.0,0.0,0.0
2237,0.0,0.0,0.0,0.03586321934945788,0.0,0.0
2238,0.0390625,0.0,0.0,0.1953125,0.0,0.0
2239,0.0,0.0,0.0,0.004819277108433735,0.0,0.0
2240,0.0,0.0,0.0,0.11877394636015325,0.0,0.0
2241,0.0,0.0,0.0,0.0,0.0,0.0
2242,0.0,0.0,0.0,0.0,0.0,0.0
2243,0.0,0.0,0.0,0.0,0.0,0.0
2244,0.0,0.0,0.0,0.020512820512820516,0.0,0.0
2245,0.0,0.0,0.0,0.0,0.0,0.0
2246,0.0,0.0,0.0,0.052777777777777785,0.0,0.0
2247,0.0,0.0,0.0,0.07013738250180766,0.0,0.0
2248,0.0,0.0,0.0,0.0,0.0,0.0
2249,0.0,0.0,0.0,0.00970149253731343,0.0,0.0
2250,0.0,0.0,0.0,0.282591725214676,0.0,0.0
2251,0.0,0.0,0.0,0.0,0.0,0.0
2252,0.0,0.0,0.0,0.0,0.0,0.0
2253,0.0,0.0,0.0,0.0,0.0,0.0
2254,0.0,0.0,0.0,0.0,0.0,0.0
2255,0.0,0.0,0.0,0.0,0.0,0.0
2256,0.0,0.0,0.0,0.006644518272425249,0.0,0.0
2257,0.0,0.0,0.0,0.0,0.0,0.0
2258,0.0,0.0,0.0,0.5,0.0,0.0
2259,0.0,0.0,0.0,0.2829090909090909,0.0,0.0
2260,0.0,0.0,0.0,0.0,0.0,0.0
2261,0.0,0.0,0.0,0.0,0.0,0.0
2262,0.0,0.0,0.0,0.11016949152542373,0.0,0.0
2263,0.0,0.0,0.0,0.06499535747446611,0.0,0.0
2264,0.0,0.0,0.0,0.0,0.0,0.0
2265,0.0,0.0,0.0,0.25,0.0,0.0
2266,0.0,0.0,0.0,0.0,0.0,0.0
2267,0.0,0.0,0.0,0.030126336248785232,0.0,0.0
2268,0.0,0.0,0.0,0.08275174476570289,0.0,0.0
2269,0.0,0.0,0.0,0.0,0.0,0.0
2270,0.0,0.0,0.0,0.06183368869936034,0.0,0.0
2271,0.0,0.0,0.0,0.0,0.0,0.0
2272,0.0,0.0,0.0,0.08710503842869342,0.0,0.0
2273,0.0,0.0,0.0,0.0,0.0,0.0
2274,0.0,0.0,0.0,0.0,0.0,0.0
2275,0.0,0.0,0.0,0.06230031948881789,0.0,0.0
2276,0.0,0.0,0.0,0.08860759493670886,0.0,0.0
2277,0.0,0.0,0.0,0.0,0.0,0.0
2278,0.0,0.0,0.0,0.0,0.0,0.0
2279,0.0,0.0,0.0,0.0,0.0,0.0
2280,0.0,0.0,0.0,0.0463519313304721,0.0,0.0
2281,0.0,0.0,0.0,0.03043478260869565,0.0,0.0
2282,0.0,0.0,0.0,0.0,0.0,0.0
2283,0.0,0.0,0.0,0.0,0.0,0.0
2284,0.0,0.0,0.0,0.09688013136289,0.0,0.0
2285,0.041597337770382686,0.0,0.0,0.23793677204658906,0.0,0.0
2286,0.0,0.0,0.0,0.0658682634730539,0.0,0.0
2287,0.0,0.0,0.0,0.37735849056603776,0.0,0.0
2288,0.0,0.0,0.0,0.0,0.0,0.0
2289,0.0,0.0,0.0,0.017077798861480076,0.0,0.0
2290,0.0,0.0,0.0,0.0,0.0,0.0
2291,0.0,0.0,0.0,0.0,0.0,0.0
2292,0.0,0.0,0.0,0.0,0.0,0.0
2293,0.0,0.0,0.0,0.0,0.0,0.0
2294,0.0,0.0,0.0,0.0,0.0,0.0
2295,0.0,0.0,0.0,0.01971830985915493,0.0,0.0
2296,0.0,0.0,0.0,0.0,0.0,0.0
2297,0.0,0.0,0.0,0.046477850399419034,0.0,0.0
2298,0.0,0.0,0.0,0.0,0.0,0.0
2299,0.0,0.0,0.0,0.0,0.0,0.0
2300,0.0,0.0,0.0,0.25,0.0,0.0
2301,0.0,0.0,0.0,0.035340314136125664,0.0,0.0
2302,0.0,0.0,0.0,0.0,0.0,0.0
2303,0.0,0.0,0.0,0.0,0.0,0.0
2304,0.0,0.0,0.0,0.0,0.0,0.0
2305,0.0,0.0,0.0,0.10936623667975323,0.0,0.0
2306,0.0,0.0,0.0,0.22310756972111556,0.0059760956175298795,0.0
2307,0.0,0.0,0.0,0.0,0.0,0.0
2308,0.0,0.0,0.0,0.0,0.0,0.0
2309,0.04146730462519936,0.0,0.0,0.189792663476874,0.0,0.0
2310,0.0,0.0,0.0,0.0,0.0,0.0
2311,0.0,0.0,0.0,0.1183385579937304,0.0,0.0
2312,0.0,0.0,0.0,0.20833333333333331,0.0,0.0
2313,0.0,0.0,0.0,0.005892255892255892,0.0,0.0
2314,0.0,0.0,0.0,0.0,0.0,0.0
2315,0.0,0.0,0.0,0.0,0.0,0.0
2316,0.0,0.0,0.0,0.0,0.0,0.0
2317,0.0,0.0,0.0,0.0,0.0,0.0
2318,0.0,0.0,0.0,0.0,0.0,0.0
2319,0.0,0.0,0.0,0.030752916224814426,0.0,0.0
2320,0.0,0.0,0.0,0.15450236966824646,0.0,0.0
2321,0.0,0.0,0.0,0.0,0.0,0.0
2322,0.0,0.0,0.0,0.018942383583267563,0.0,0.0
2323,0.0,0.0,0.0,0.0,0.0,0.0
2324,0.0,0.0,0.0,0.0,0.0,0.0
2325,0.0,0.0,0.0,0.0,0.0,0.0
2326,0.00979791794243723,0.0,0.0,0.07777097366809553,0.009185548071034905,0.009185548071034905
2327,0.0,0.0,0.0,0.0,0.0,0.0
2328,0.0,0.0,0.0,0.0,0.0,0.0
2329,0.0,0.0,0.0,0.017707362534948742,0.0,0.0
2330,0.01791044776119403,0.0,0.0,0.3208955223880597,0.0,0.0
2331,0.0,0.0,0.0,0.03571428571428571,0.0,0.0
2332,0.06357615894039735,0.0,0.0,0.13112582781456952,0.0,0.0
2333,0.0,0.0,0.0,0.0012285012285012285,0.0,0.0
2334,0.0,0.0,0.0,0.0,0.0,0.0
2335,0.0,0.0,0.0,0.08677685950413222,0.0,0.0
2336,0.0,0.0,0.0,0.0,0.0,0.0
2337,0.0,0.0,0.0,0.0,0.0,0.0
2338,0.0,0.0,0.0,0.2229299363057325,0.0,0.0
2339,0.0,0.0,0.0,0.033980582524271837,0.0,0.0
2340,0.0,0.0,0.0,0.10056925996204934,0.0,0.0
2341,0.0,0.0,0.0,0.061708860759493674,0.0,0.0
2342,0.0,0.0,0.0,0.036607142857142866,0.0,0.0
2343,0.0,0.0,0.0,0.09292035398230088,0.0,0.0
2344,0.0,0.0,0.0,0.1873065015479876,0.0,0.0
2345,0.0,0.0,0.0,0.2463768115942029,0.0,0.0
2346,0.0,0.0,0.0,0.003587443946188341,0.0,0.0
2347,0.0,0.0,0.0,0.007299270072992701,0.0,0.0
2348,0.0,0.0,0.0,0.026350461133069828,0.0,0.0
2349,0.0,0.0,0.0,0.03324348607367475,0.0,0.0
2350,0.060606060606060615,0.0,0.0,0.12121212121212123,0.0,0.0
2351,0.0,0.0,0.0,0.030977734753146174,0.0,0.0
2352,0.0,0.0,0.0,0.012658227848101266,0.0,0.0
2353,0.0,0.0,0.0,0.0,0.0,0.0
2354,0.0,0.0,0.0,0.0,0.0,0.0
2355,0.0,0.0,0.0,0.0,0.0,0.0
2356,0.0,0.0,0.0,0.022804054054054054,0.0,0.0
2357,0.0,0.0,0.0,0.01685985247629083,0.0,0.0
2358,0.0,0.0,0.0,0.0,0.0,0.0
2359,0.0,0.0,0.0,0.0,0.0,0.0
2360,0.0,0.0,0.0,0.006676557863501484,0.0,0.0
2361,0.0,0.0,0.0,0.0,0.0,0.0
2362,0.0,0.0,0.0,0.0078125,0.0078125,0.0078125
2363,0.0,0.0,0.0,0.0,0.0,0.0
2364,0.0,0.0,0.0,0.046598322460391424,0.0,0.0
2365,0.0,0.0,0.0,0.019830028328611898,0.0,0.0
2366,0.0,0.0,0.0,0.0,0.0,0.0
2367,0.0,0.0,0.0,0.0,0.0,0.0
2368,0.0,0.0,0.0,0.16998468606431852,0.0,0.0
2369,0.0,0.0,0.0,0.0,0.0,0.0
2370,0.0,0.0,0.0,0.5,0.0,0.0
2371,0.0,0.0,0.0,0.0,0.0,0.0
2372,0.0,0.0,0.0,0.022156573116691284,0.0,0.0
2373,0.0,0.0,0.0,0.04615384615384616,0.0,0.0
2374,0.0,0.0,0.0,0.0,0.0,0.0
2375,0.0,0.0,0.0,0.27530364372469635,0.0,0.0
2376,0.0,0.0,0.0,0.0,0.0,0.0
2377,0.0,0.0,0.0,0.18500948766603412,0.0,0.0
2378,0.0,0.0,0.0,0.13979496738117428,0.0,0.0
2379,0.0,0.0,0.0,0.061309030654515324,0.0,0.0
2380,0.0,0.0,0.0,0.0,0.0,0.0
2381,0.0,0.0,0.0,0.0,0.0,0.0
2382,0.037667071688942885,0.0,0.0,0.054678007290400975,0.0,0.0
2383,0.0,0.0,0.0,0.0,0.0,0.0
2384,0.0,0.0,0.0,0.0,0.0,0.0
2385,0.0,0.0,0.0,0.03753993610223642,0.0,0.0
2386,0.0,0.0,0.0,0.08049886621315193,0.0,0.0
2387,0.0,0.0,0.0,0.0,0.0,0.0
2388,0.0,0.0,0.0,0.0,0.0,0.0
2389,0.0,0.0,0.0,0.0265748031496063,0.0,0.0
2390,0.0,0.0,0.0,0.11568123393316194,0.0,0.0
2391,0.060563380281690136,0.0,0.0,0.19859154929577466,0.0,0.0
2392,0.0,0.0,0.0,0.0,0.0,0.0
2393,0.0,0.0,0.0,0.0,0.0,0.0
2394,0.0,0.0,0.0,0.0,0.0,0.0
2395,0.0,0.0,0.0,0.2127659574468085,0.0,0.0
2396,0.0,0.0,0.0,0.0,0.0,0.0
2397,0.0,0.0,0.0,0.0,0.0,0.0
2398,0.0,0.0,0.0,0.022684310018903597,0.0,0.0
2399,0.0,0.0,0.0,0.025689819219790674,0.0,0.0
2400,0.0,0.0,0.0,0.0,0.0,0.0
2401,0.0,0.0,0.0,0.1724354940213971,0.0,0.0
2402,0.0,0.0,0.0,0.0,0.0,0.0
2403,0.0,0.0,0.0,0.0159798149705635,0.0,0.0
2404,0.0,0.0,0.0,0.0,0.0,0.0
2405,0.0,0.0,0.0,0.0,0.0,0.0
2406,0.0,0.0,0.0,0.0,0.0,0.0
2407,0.0,0.0,0.0,0.0,0.0,0.0
2408,0.0,0.0,0.0,0.2198001816530427,0.0,0.0
2409,0.0,0.0,0.0,0.0,0.0,0.0
2410,0.026522593320235755,0.0,0.0,0.15422396856581533,0.009823182711198428,0.009823182711198428
2411,0.0,0.0,0.0,0.0,0.0,0.0
2412,0.0,0.0,0.0,0.017054263565891473,0.0,0.0
2413,0.0,0.0,0.0,0.04,0.0,0.0
2414,0.0,0.0,0.0,0.051787016776075855,0.0,0.0
2415,0.0,0.0,0.0,0.0243161094224924,0.0,0.0
2416,0.0,0.0,0.0,0.017241379310344827,0.0,0.0
2417,0.0,0.0,0.0,0.0,0.0,0.0
2418,0.0,0.0,0.0,0.0,0.0,0.0
2419,0.0,0.0,0.0,0.1449016100178891,0.0,0.0
2420,0.0,0.0,0.0,0.051656920077972714,0.0,0.0
2421,0.0,0.0,0.0,0.0,0.0,0.0
2422,0.0,0.0,0.0,0.0,0.0,0.0
2423,0.0,0.0,0.0,0.02413127413127413,0.0,0.0
2424,0.0,0.0,0.0,0.0,0.0,0.0
2425,0.0,0.0,0.0,0.0,0.0,0.0
2426,0.0,0.0,0.0,0.018666666666666668,0.0,0.0
2427,0.0,0.0,0.0,0.0,0.0,0.0
2428,0.0,0.0,0.0,0.0,0.0,0.0
2429,0.0,0.0,0.0,0.0,0.0,0.0
2430,0.032418952618453865,0.016209476309226933,0.016209476309226933,0.11783042394014966,0.0,0.0
2431,0.0,0.0,0.0,0.0,0.0,0.0
2432,0.0,0.0,0.0,0.0,0.0,0.0
2433,0.0,0.0,0.0,0.0,0.0,0.0
2434,0.0,0.0,0.0,0.0,0.0,0.0
2435,0.0,0.0,0.0,0.0,0.0,0.0
2436,0.0,0.0,0.0,0.0,0.0,0.0
2437,0.0,0.0,0.0,0.0,0.0,0.0
2438,0.0,0.0,0.0,0.0,0.0,0.0
2439,0.0,0.0,0.0,0.14490311710193765,0.0,0.0
2440,0.0,0.0,0.0,0.0,0.0,0.0
2441,0.0,0.0,0.0,0.045576407506702415,0.0,0.0
2442,0.0,0.0,0.0,0.0,0.0,0.0
2443,0.0,0.0,0.0,0.0,0.0,0.0
2444,0.040123456790123455,0.0,0.0,0.3549382716049383,0.0,0.0
2445,0.014470677837014471,0.0,0.0,0.005331302361005331,0.0,0.0
2446,0.0,0.0,0.0,0.147083685545224,0.0,0.0
2447,0.0,0.0,0.0,0.11979166666666667,0.0,0.0
2448,0.0,0.0,0.0,0.0,0.0,0.0
2449,0.0,0.0,0.0,0.20190895741556533,0.0,0.0
2450,0.0,0.0,0.0,0.0,0.0,0.0
2451,0.01487778958554729,0.0,0.0,0.3315621679064825,0.039319872476089264,0.0
2452,0.0,0.0,0.0,0.0,0.0,0.0
2453,0.0,0.0,0.0,0.06382978723404255,0.0,0.0
2454,0.0,0.0,0.0,0.015625,0.0,0.0
2455,0.0,0.0,0.0,0.0,0.0,0.0
2456,0.0,0.0,0.0,0.014743589743589743,0.0,0.0
2457,0.0,0.0,0.0,0.02008928571428572,0.0,0.0
2458,0.0,0.0,0.0,0.0,0.0,0.0
2459,0.0,0.0,0.0,0.0,0.0,0.0
2460,0.0,0.0,0.0,0.01048951048951049,0.0,0.0
2461,0.0,0.0,0.0,0.2575757575757576,0.0,0.0
2462,0.0,0.0,0.0,0.2,0.0,0.0
2463,0.0,0.0,0.0,0.005852842809364548,0.0,0.0
2464,0.0,0.0,0.0,0.0,0.0,0.0
2465,0.0,0.0,0.0,0.0,0.0,0.0
2466,0.0,0.0,0.0,0.0070063694267515925,0.0,0.0
2467,0.0,0.0,0.0,0.0,0.0,0.0
2468,0.0,0.0,0.0,0.07142857142857142,0.0,0.0
2469,0.0,0.0,0.0,0.0,0.0,0.0
2470,0.0,0.0,0.0,0.10228233305156384,0.0,0.0
2471,0.0,0.0,0.0,0.1774193548387097,0.0,0.0
2472,0.053984575835475584,0.0,0.0,0.4177377892030849,0.0,0.0
2473,0.0,0.0,0.0,0.03971119133574008,0.0,0.0
2474,0.0,0.0,0.0,0.0,0.0,0.0
2475,0.0,0.0,0.0,0.2631578947368421,0.0,0.0
2476,0.0,0.0,0.0,0.0,0.0,0.0
2477,0.0,0.0,0.0,0.0,0.0,0.0
2478,0.0,0.0,0.0,0.0,0.0,0.0
2479,0.0,0.0,0.0,0.00532319391634981,0.0,0.0
2480,0.0,0.0,0.0,0.0,0.0,0.0
2481,0.0,0.0,0.0,0.0,0.0,0.0
2482,0.0,0.0,0.0,0.0,0.0,0.0
2483,0.0,0.0,0.0,0.0364963503649635,0.0,0.0
2484,0.0,0.0,0.0,0.016282987085906794,0.0,0.0
2485,0.0,0.0,0.0,0.15384615384615385,0.0,0.0
2486,0.0,0.0,0.0,0.0,0.0,0.0
2487,0.0,0.0,0.0,0.03115264797507788,0.0,0.0
2488,0.0,0.0,0.0,0.010204081632653059,0.0,0.0
2489,0.0,0.0,0.0,0.0,0.0,0.0
2490,0.0,0.0,0.0,0.0,0.0,0.0
2491,0.0,0.0,0.0,0.0,0.0,0.0
2492,0.0,0.0,0.0,0.0,0.0,0.0
2493,0.0,0.0,0.0,0.0,0.0,0.0
2494,0.0,0.0,0.0,0.0,0.0,0.0
2495,0.0,0.0,0.0,0.02830188679245283,0.0,0.0
2496,0.0,0.0,0.0,0.0,0.0,0.0
2497,0.0,0.0,0.0,0.0,0.0,0.0
2498,0.0,0.0,0.0,0.0398936170212766,0.0,0.0
2499,0.0,0.0,0.0,0.0478309232480534,0.0,0.0
2500,0.0,0.0,0.0,0.07327905255366396,0.0,0.0
2501,0.0,0.0,0.0,0.2317415730337079,0.0,0.0
2502,0.0,0.0,0.0,0.03513174404015056,0.0,0.0
2503,0.0,0.0,0.0,0.05813953488372092,0.0,0.0
2504,0.0,0.0,0.0,0.21052631578947367,0.0,0.0
2505,0.017167381974248927,0.0,0.0,0.16738197424892706,0.0,0.0
2506,0.0,0.0,0.0,0.0,0.0,0.0
2507,0.0,0.0,0.0,0.0,0.0,0.0
2508,0.0,0.0,0.0,0.0,0.0,0.0
2509,0.0,0.0,0.0,0.06818181818181818,0.0,0.0
2510,0.0,0.0,0.0,0.0,0.0,0.0
2511,0.0,0.0,0.0,0.08333333333333333,0.0,0.0
2512,0.0,0.0,0.0,0.0,0.0,0.0
2513,0.0,0.0,0.0,0.29411764705882354,0.0,0.0
2514,0.0,0.0,0.0,0.0,0.0,0.0
2515,0.0,0.0,0.0,0.0,0.0,0.0
2516,0.0,0.0,0.0,0.2564102564102564,0.0,0.0
2517,0.0,0.0,0.0,0.00944386149003148,0.0,0.0
2518,0.0,0.0,0.0,0.0,0.0,0.0
2519,0.0,0.0,0.0,0.02089783281733746,0.0,0.0
2520,0.0,0.0,0.0,0.0,0.0,0.0
2521,0.0,0.0,0.0,0.042682926829268296,0.0,0.0
2522,0.0,0.0,0.0,0.11086474501108648,0.0,0.0
2523,0.0,0.0,0.0,0.0,0.0,0.0
2524,0.0,0.0,0.0,0.0205761316872428,0.0,0.0
2525,0.0,0.0,0.0,0.0,0.0,0.0
2526,0.0,0.0,0.0,0.0,0.0,0.0
2527,0.0,0.0,0.0,0.0,0.0,0.0
2528,0.0,0.0,0.0,0.0,0.0,0.0
2529,0.0,0.0,0.0,0.0,0.0,0.0
2530,0.0,0.0,0.0,0.01078167115902965,0.0,0.0
2531,0.0,0.0,0.0,0.10452961672473868,0.0,0.0
2532,0.0,0.0,0.0,0.0,0.0,0.0
2533,0.0,0.0,0.0,0.01905829596412556,0.0,0.0
2534,0.0,0.0,0.0,0.0,0.0,0.0
2535,0.2857142857142857,0.0,0.0,0.16326530612244894,0.0,0.0
2536,0.0,0.0,0.0,0.4411111111111111,0.0,0.0
2537,0.0,0.0,0.0,0.18571428571428567,0.0,0.0
2538,0.0,0.0,0.0,0.0270042194092827,0.0,0.0
2539,0.0,0.0,0.0,0.0,0.0,0.0
2540,0.0,0.0,0.0,0.0,0.0,0.0
2541,0.0,0.0,0.0,0.08858603066439523,0.01306076093128904,0.01306076093128904
2542,0.0,0.0,0.0,0.0,0.0,0.0
2543,0.0,0.0,0.0,0.0,0.0,0.0
2544,0.0,0.0,0.0,0.0,0.0,0.0
2545,0.0,0.0,0.0,0.0,0.0,0.0
2546,0.0,0.0,0.0,0.01959306706857573,0.0,0.0
2547,0.0,0.0,0.0,0.23318385650224216,0.0,0.0
2548,0.0,0.0,0.0,0.005291005291005291,0.0,0.0
2549,0.03526280771789754,0.017298735861610112,0.017298735861610112,0.1483699268130406,0.0,0.0
2550,0.0,0.0,0.0,0.0,0.0,0.0
2551,0.0,0.0,0.0,0.0,0.0,0.0
2552,0.0,0.0,0.0,0.0,0.0,0.0
2553,0.0,0.0,0.0,0.025408348457350276,0.0,0.0
2554,0.0,0.0,0.0,0.002843601895734597,0.0,0.0
2555,0.0,0.0,0.0,0.0,0.0,0.0
2556,0.0,0.0,0.0,0.0,0.0,0.0
2557,0.0,0.0,0.0,0.0,0.0,0.0
2558,0.0,0.0,0.0,0.0,0.0,0.0
2559,0.0,0.0,0.0,0.0,0.0,0.0
2560,0.0,0.0,0.0,0.046028880866426,0.0,0.0
2561,0.0,0.0,0.0,0.015312131919905773,0.0,0.0
2562,0.0,0.0,0.0,0.0,0.0,0.0
2563,0.0,0.0,0.0,0.0,0.0,0.0
2564,0.0,0.0,0.0,0.02346570397111913,0.0,0.0
2565,0.01918819188191882,0.0,0.0,0.0,0.0,0.0
2566,0.0,0.0,0.0,0.0,0.0,0.0
2567,0.0,0.0,0.0,0.0,0.0,0.0
2568,0.0,0.0,0.0,0.0,0.0,0.0
2569,0.0,0.0,0.0,0.12408759124087593,0.0,0.0
2570,0.0,0.0,0.0,0.0,0.0,0.0
2571,0.0,0.0,0.0,0.03518187239117472,0.0,0.0
2572,0.0,0.0,0.0,0.023052464228934817,0.0,0.0
2573,0.0,0.0,0.0,0.0,0.0,0.0
2574,0.0,0.0,0.0,0.0,0.0,0.0
2575,0.0,0.0,0.0,0.0,0.0,0.0
2576,0.017772511848341232,0.017772511848341232,0.0,0.08234597156398105,0.0,0.0
2577,0.0,0.0,0.0,0.003351206434316354,0.0,0.0
2578,0.0,0.0,0.0,0.0,0.0,0.0
2579,0.0,0.0,0.0,0.0,0.0,0.0
2580,0.0,0.0,0.0,0.0,0.0,0.0
2581,0.0,0.0,0.0,0.018473895582329317,0.0,0.0
2582,0.0,0.0,0.0,0.1590909090909091,0.0,0.0
2583,0.0,0.0,0.0,0.0,0.0,0.0
2584,0.0,0.0,0.0,0.0,0.0,0.0
2585,0.0,0.0,0.0,0.0,0.0,0.0
2586,0.0,0.0,0.0,0.0,0.0,0.0
2587,0.0,0.0,0.0,0.2333333333333333,0.0,0.0
2588,0.0,0.0,0.0,0.016790123456790124,0.0,0.0
2589,0.0,0.0,0.0,0.0,0.0,0.0
2590,0.0,0.0,0.0,0.0,0.0,0.0
2591,0.0,0.0,0.0,0.0,0.0,0.0
2592,0.0,0.0,0.0,0.0044404973357015974,0.0,0.0
2593,0.1,0.0,0.0,0.1,0.0,0.0
2594,0.0,0.0,0.0,0.0050062578222778474,0.0,0.0
2595,0.0,0.0,0.0,0.0,0.0,0.0
2596,0.0,0.0,0.0,0.0,0.0,0.0
2597,0.0,0.0,0.0,0.11529223378702964,0.0,0.0
2598,0.0,0.0,0.0,0.0,0.0,0.0
2599,0.0,0.0,0.0,0.039097744360902256,0.0,0.0
2600,0.0,0.0,0.0,0.0,0.0,0.0
2601,0.029211295034079845,0.0,0.0,0.05939629990262903,0.0,0.0
2602,0.0,0.0,0.0,0.0,0.0,0.0
2603,0.0,0.0,0.0,0.006896551724137931,0.0,0.0
2604,0.0,0.0,0.0,0.0,0.0,0.0
2605,0.0,0.0,0.0,0.0,0.0,0.0
2606,0.0,0.0,0.0,0.0,0.0,0.0
2607,0.0,0.0,0.0,0.0,0.0,0.0
2608,0.0,0.0,0.0,0.14457831325301204,0.0,0.0
2609,0.0,0.0,0.0,0.00746268656716418,0.0,0.0
2610,0.0,0.0,0.0,0.011494252873563218,0.0,0.0
2611,0.0,0.0,0.0,0.00625,0.0,0.0
2612,0.0,0.0,0.0,0.0,0.0,0.0
2613,0.0,0.0,0.0,0.0,0.0,0.0
2614,0.0,0.0,0.0,0.1,0.0,0.0
2615,0.0,0.0,0.0,0.0,0.0,0.0
2616,0.0,0.0,0.0,0.0,0.0,0.0
2617,0.0,0.0,0.0,0.0,0.0,0.0
2618,0.0,0.0,0.0,0.0,0.0,0.0
2619,0.0,0.0,0.0,0.014975041597337773,0.0,0.0
2620,0.0,0.0,0.0,0.006341154090044389,0.0,0.0
2621,0.01697998787143723,0.0,0.0,0.0018192844147968464,0.0,0.0
2622,0.0,0.0,0.0,0.0,0.0,0.0
2623,0.0,0.0,0.0,0.16299559471365638,0.0,0.0
2624,0.0,0.0,0.0,0.02945859872611465,0.0,0.0
2625,0.0,0.0,0.0,0.0,0.0,0.0
2626,0.0,0.0,0.0,0.0,0.0,0.0
2627,0.0,0.0,0.0,0.0,0.0,0.0
2628,0.0,0.0,0.0,0.21922428330522767,0.0,0.0
2629,0.0,0.0,0.0,0.2645739910313901,0.0,0.0
2630,0.0,0.0,0.0,0.0,0.0,0.0
2631,0.0,0.0,0.0,0.2316715542521994,0.0,0.0
2632,0.0,0.0,0.0,0.0,0.0,0.0
2633,0.0,0.0,0.0,0.0,0.0,0.0
2634,0.0,0.0,0.0,0.0,0.0,0.0
2635,0.0,0.0,0.0,0.06222707423580786,0.0,0.0
2636,0.0,0.0,0.0,0.0,0.0,0.0
2637,0.0,0.0,0.0,0.055026455026455035,0.0,0.0
2638,0.0,0.0,0.0,0.0,0.0,0.0
2639,0.0,0.0,0.0,0.04819277108433735,0.0,0.0
2640,0.0,0.0,0.0,0.3043478260869565,0.0,0.0
2641,0.0,0.0,0.0,0.1118820468343452,0.0,0.0
2642,0.0,0.0,0.0,0.03614457831325301,0.0,0.0
2643,0.0,0.0,0.0,0.304093567251462,0.0,0.0
2644,0.0,0.0,0.0,0.0,0.0,0.0
2645,0.0,0.0,0.0,0.034220532319391636,0.0,0.0
2646,0.0,0.0,0.0,0.0,0.0,0.0
2647,0.0,0.0,0.0,0.21175637393767704,0.0,0.0
2648,0.0,0.0,0.0,0.021514629948364887,0.0,0.0
2649,0.0,0.0,0.0,0.05974025974025974,0.0,0.0
2650,0.0,0.0,0.0,0.05349344978165939,0.0,0.0
2651,0.0,0.0,0.0,0.0,0.0,0.0
2652,0.0,0.0,0.0,0.02768549280177187,0.0,0.0
2653,0.0,0.0,0.0,0.0,0.0,0.0
2654,0.0,0.0,0.0,0.0,0.0,0.0
2655,0.0,0.0,0.0,0.018867924528301886,0.0,0.0
2656,0.0,0.0,0.0,0.0,0.0,0.0
2657,0.0,0.0,0.0,0.22006472491909385,0.0,0.0
2658,0.0,0.0,0.0,0.0,0.0,0.0
2659,0.0,0.0,0.0,0.0,0.0,0.0
2660,0.0,0.0,0.0,0.0071492403932082215,0.0,0.0
2661,0.0,0.0,0.0,0.0,0.0,0.0
2662,0.017490952955367914,0.0,0.0,0.11278648974668275,0.0,0.0
2663,0.0,0.0,0.0,0.0,0.0,0.0
2664,0.022944550669216062,0.0,0.0,0.0869980879541109,0.0,0.0
2665,0.0,0.0,0.0,0.0,0.0,0.0
2666,0.0,0.0,0.0,0.0,0.0,0.0
2667,0.0,0.0,0.0,0.0,0.0,0.0
2668,0.0,0.0,0.0,0.08548387096774193,0.0,0.0
2669,0.0,0.0,0.0,0.0594059405940594,0.0,0.0
2670,0.0,0.0,0.0,0.04512635379061372,0.0,0.0
2671,0.0,0.0,0.0,0.0,0.0,0.0
2672,0.0,0.0,0.0,0.0,0.0,0.0
2673,0.0,0.0,0.0,0.045166402535657686,0.0,0.0
2674,0.0,0.0,0.0,0.018338727076591156,0.0,0.0
2675,0.0,0.0,0.0,0.0,0.0,0.0
2676,0.0,0.0,0.0,0.05813953488372092,0.0,0.0
2677,0.0,0.0,0.0,0.48,0.0,0.0
2678,0.0,0.0,0.0,0.2894736842105263,0.0,0.0
2679,0.0,0.0,0.0,0.0,0.0,0.0
2680,0.0,0.0,0.0,0.06614349775784753,0.0,0.0
2681,0.0,0.0,0.0,0.0,0.0,0.0
2682,0.055732484076433116,0.0,0.0,0.14012738853503184,0.0,0.0
2683,0.0,0.0,0.0,0.15517241379310345,0.0,0.0
2684,0.0,0.0,0.0,0.0189431704885344,0.0,0.0
2685,0.0,0.0,0.0,0.0,0.0,0.0
2686,0.0,0.0,0.0,0.0,0.0,0.0
2687,0.0,0.0,0.0,0.0,0.0,0.0
2688,0.0,0.0,0.0,0.0,0.0,0.0
2689,0.0,0.0,0.0,0.0038953811908736783,0.0,0.0
2690,0.0,0.0,0.0,0.0,0.0,0.0
2691,0.0,0.0,0.0,0.0,0.0,0.0
2692,0.0,0.0,0.0,0.0,0.0,0.0
2693,0.0,0.0,0.0,0.03561643835616438,0.0,0.0
2694,0.0,0.0,0.0,0.0,0.0,0.0
2695,0.0,0.0,0.0,0.0,0.0,0.0
2696,0.0,0.0,0.0,0.20967741935483872,0.0,0.0
2697,0.0,0.0,0.0,0.0,0.0,0.0
2698,0.0,0.0,0.0,0.2368421052631579,0.0,0.0
2699,0.0,0.0,0.0,0.004467609828741623,0.0,0.0
2700,0.0,0.0,0.0,0.027149321266968326,0.0,0.0
2701,0.06070287539936103,0.0,0.0,0.08839190628328009,0.0,0.0
2702,0.0,0.0,0.0,0.10141685309470544,0.0,0.0
2703,0.0,0.0,0.0,0.043824701195219126,0.0,0.0
2704,0.0,0.0,0.0,0.0,0.0,0.0
2705,0.0,0.0,0.0,0.005408328826392646,0.0,0.0
2706,0.0,0.0,0.0,0.005825242718446602,0.0,0.0
2707,0.0,0.0,0.0,0.0,0.0,0.0
2708,0.0,0.02408256880733945,0.0,0.040711009174311925,0.00974770642201835,0.0
2709,0.13043478260869565,0.0,0.0,0.21739130434782608,0.0,0.0
2710,0.0,0.0,0.0,0.06519208381839348,0.0,0.0
2711,0.0,0.0,0.0,0.054592164418754016,0.0,0.0
2712,0.0,0.0,0.0,0.0,0.0,0.0
2713,0.0,0.0,0.0,0.0,0.0,0.0
2714,0.0,0.0,0.0,0.16751269035532995,0.0,0.0
2715,0.0,0.0,0.0,0.0,0.0,0.0
2716,0.0,0.0,0.0,0.0,0.0,0.0
2717,0.0,0.0,0.0,0.0,0.0,0.0
2718,0.0,0.0,0.0,0.0,0.0,0.0
2719,0.0,0.0,0.0,0.01040943789035392,0.0,0.0
2720,0.0,0.0,0.0,0.0217687074829932,0.0,0.0
2721,0.0,0.0,0.0,0.0,0.0,0.0
2722,0.0,0.0,0.0,0.0,0.0,0.0
2723,0.0,0.0,0.0,0.0,0.0,0.0
2724,0.0,0.0,0.0,0.09691629955947137,0.0,0.0
2725,0.0,0.0,0.0,0.010126582278481013,0.0,0.0
2726,0.0,0.0,0.0,0.0,0.0,0.0
2727,0.0,0.0,0.0,0.1922246220302376,0.0,0.0
2728,0.0,0.0,0.0,0.008517887563884156,0.0,0.0
2729,0.0,0.0,0.0,0.0,0.0,0.0
2730,0.0,0.0,0.0,0.06521739130434782,0.0,0.0
2731,0.0,0.0,0.0,0.0,0.0,0.0
2732,0.0,0.0,0.0,0.0,0.0,0.0
2733,0.0,0.0,0.0,0.02109704641350211,0.0,0.0
2734,0.0,0.0,0.0,0.019522776572668116,0.0,0.0
2735,0.0,0.0,0.0,0.0,0.0,0.0
2736,0.0,0.0,0.0,0.185378590078329,0.0,0.0
2737,0.0,0.0,0.0,0.0,0.0,0.0
2738,0.0,0.0,0.0,0.0,0.0,0.0
2739,0.0,0.0,0.0,0.0,0.0,0.0
2740,0.0,0.0,0.0,0.0,0.0,0.0
2741,0.0,0.0,0.0,0.3273381294964029,0.0,0.0
2742,0.0,0.0,0.0,0.08316221765913757,0.0,0.0
2743,0.0,0.0,0.0,0.11449016100178892,0.0,0.0
2744,0.0,0.0,0.0,0.0,0.0,0.0
2745,0.0,0.0,0.0,0.0984081041968162,0.0,0.0
2746,0.0,0.0,0.0,0.0,0.0,0.0
2747,0.0,0.0,0.0,0.0,0.0,0.0
2748,0.0,0.0,0.0,0.0,0.0,0.0
2749,0.0,0.0,0.0,0.0,0.0,0.0
2750,0.0,0.0,0.0,0.0,0.0,0.0
2751,0.05456255879586077,0.0,0.0,0.15145813734713076,0.0,0.0
2752,0.0,0.0,0.0,0.020876826722338204,0.0,0.0
2753,0.0,0.0,0.0,0.0,0.0,0.0
2754,0.0,0.0,0.0,0.0037842951750236523,0.0,0.0
2755,0.0,0.0,0.0,0.0,0.0,0.0
2756,0.0,0.0,0.0,0.0,0.0,0.0
2757,0.0,0.0,0.0,0.4166666666666667,0.0,0.0
2758,0.0,0.0,0.0,0.005958829902491874,0.0,0.0
2759,0.023608768971332208,0.0,0.0,0.0,0.0,0.0
2760,0.0,0.0,0.0,0.0,0.0,0.0
2761,0.0,0.0,0.0,0.0,0.0,0.0
2762,0.0,0.0,0.0,0.12609736632083002,0.0,0.0
2763,0.0,0.0,0.0,0.04678362573099415,0.0,0.0
2764,0.0,0.0,0.0,0.046065259117082535,0.0,0.0
2765,0.0,0.0,0.0,0.0,0.0,0.0
2766,0.0,0.0,0.0,0.0,0.0,0.0
2767,0.0,0.0,0.0,0.0,0.0,0.0
2768,0.0,0.0,0.0,0.054390054390054385,0.0,0.0
2769,0.0,0.0,0.0,0.0,0.0,0.0
2770,0.1232876712328767,0.0,0.0,0.1506849315068493,0.0,0.0
2771,0.0,0.0,0.0,0.0,0.0,0.0
2772,0.0,0.0,0.0,0.0,0.0,0.0
2773,0.0,0.0,0.0,0.005499541704857928,0.0,0.0
2774,0.0,0.0,0.0,0.0,0.0,0.0
2775,0.0,0.0,0.0,0.012491325468424705,0.0,0.0
2776,0.0,0.0,0.0,0.0,0.0,0.0
2777,0.0,0.0,0.0,0.0,0.0,0.0
2778,0.0,0.0,0.0,0.0,0.0,0.0
2779,0.0,0.0,0.0,0.0,0.0,0.0
2780,0.0,0.012303485987696514,0.0,0.2330827067669173,0.0,0.0
2781,0.0,0.0,0.0,0.0,0.0,0.0
2782,0.0,0.0,0.0,0.0,0.0,0.0
2783,0.0,0.0,0.0,0.0117011701170117,0.0,0.0
2784,0.0,0.0,0.0,0.015503875968992246,0.0,0.0
2785,0.0,0.0,0.0,0.0,0.0,0.0
2786,0.0,0.0,0.0,0.0,0.0,0.0
2787,0.0,0.0,0.0,0.0,0.0,0.0
2788,0.0,0.0,0.0,0.0,0.0,0.0
2789,0.0,0.0,0.0,0.01187980433263452,0.0,0.0
2790,0.0,0.0,0.0,0.0,0.0,0.0
2791,0.0,0.0,0.0,0.0,0.0,0.0
2792,0.0,0.0,0.0,0.03160270880361174,0.0,0.0
2793,0.0,0.0,0.0,0.0,0.0,0.0
2794,0.0,0.0,0.0,0.029985007496251874,0.0,0.0
2795,0.0,0.0,0.0,0.0,0.0,0.0
2796,0.0,0.0,0.0,0.030803906836964687,0.0,0.0
2797,0.0,0.0,0.0,0.0,0.0,0.0
2798,0.0,0.0,0.0,0.0,0.0,0.0
2799,0.0,0.0,0.0,0.0,0.0,0.0
2800,0.0,0.0,0.0,0.04385964912280702,0.0,0.0
2801,0.0,0.0,0.0,0.0072815533980582535,0.0,0.0
2802,0.0,0.0,0.0,0.05826906598114824,0.0,0.0
2803,0.0,0.0,0.0,0.012987012987012988,0.0,0.0
2804,0.0,0.0,0.0,0.0,0.0,0.0
2805,0.0,0.0,0.0,0.0,0.0,0.0
2806,0.0,0.0,0.0,0.12704918032786885,0.0,0.0
2807,0.0,0.0,0.0,0.0,0.0,0.0
2808,0.0,0.0,0.0,0.0,0.0,0.0
2809,0.0,0.0,0.0,0.0,0.0,0.0
2810,0.0,0.0,0.0,0.0,0.0,0.0
2811,0.0,0.0,0.0,0.0,0.0,0.0
2812,0.0,0.0,0.0,0.019622641509433963,0.019622641509433963,0.0
2813,0.0,0.0,0.0,0.00351288056206089,0.0,0.0
2814,0.0,0.0,0.0,0.03314917127071823,0.0,0.0
2815,0.0,0.0,0.0,0.0,0.0,0.0
2816,0.0,0.0,0.0,0.0,0.0,0.0
2817,0.0,0.0,0.0,0.0,0.0,0.0
2818,0.0,0.0,0.0,0.0,0.0,0.0
2819,0.0,0.0,0.0,0.0,0.0,0.0
2820,0.0,0.0,0.0,0.000784313725490196,0.0,0.0
2821,0.0,0.0,0.0,0.0,0.0,0.0
2822,0.0,0.0,0.0,0.0,0.0,0.0
2823,0.0,0.0,0.0,0.011540680900173109,0.0,0.0
2824,0.0,0.0,0.0,0.0013020833333333333,0.0,0.0
2825,0.0,0.0,0.0,0.0,0.0,0.0
2826,0.0,0.0,0.0,0.0024813895781637717,0.0,0.0
2827,0.0,0.0,0.0,0.0,0.0,0.0
2828,0.0,0.0,0.0,0.06598984771573604,0.0,0.0
2829,0.0,0.0,0.0,0.025267993874425732,0.0,0.0
2830,0.0,0.0,0.0,0.3457943925233645,0.0,0.0
2831,0.0,0.0,0.0,0.05783385909568875,0.0,0.0
2832,0.0,0.0,0.0,0.0,0.0,0.0
2833,0.0,0.0,0.0,0.0,0.0,0.0
2834,0.0,0.0,0.0,0.0,0.0,0.0
2835,0.0,0.0,0.0,0.0,0.0,0.0
2836,0.0,0.0,0.0,0.04581993569131833,0.0,0.0
2837,0.0,0.0,0.0,0.017488076311605722,0.0,0.0
2838,0.0,0.0,0.0,0.0,0.0,0.0
2839,0.0,0.0,0.0,0.11345646437994725,0.0,0.0
2840,0.0,0.0,0.0,0.0,0.0,0.0
2841,0.0,0.0,0.0,0.111716621253406,0.0,0.0
2842,0.0,0.0,0.0,0.09006622516556291,0.0,0.0
2843,0.0,0.0,0.0,0.11320754716981132,0.0,0.0
2844,0.0,0.0,0.0,0.05825242718446603,0.0,0.0
2845,0.0,0.0,0.0,0.02649656526005888,0.0,0.0
2846,0.0,0.0,0.0,0.4516129032258064,0.0,0.0
2847,0.0,0.0,0.0,0.0,0.0,0.0
2848,0.0,0.0,0.0,0.0340632603406326,0.0,0.0
2849,0.06169296987087518,0.0,0.0,0.01721664275466284,0.0,0.0
2850,0.0,0.0,0.0,0.0,0.0,0.0
2851,0.0,0.0,0.0,0.0,0.0,0.0
2852,0.0,0.0,0.0,0.03888888888888889,0.0,0.0
2853,0.0,0.0,0.0,0.18938480096501809,0.0,0.0
2854,0.0,0.0,0.0,0.0,0.0,0.0
2855,0.0,0.0,0.0,0.0,0.0,0.0
2856,0.0,0.0,0.0,0.02185380557648832,0.0,0.0
2857,0.0,0.0,0.0,0.16332982086406744,0.0,0.0
2858,0.0,0.0,0.0,0.0,0.0,0.0
2859,0.0,0.0,0.0,0.3320754716981132,0.0,0.0
2860,0.0,0.0,0.0,0.0,0.0,0.0
2861,0.0,0.0,0.0,0.0,0.0,0.0
2862,0.0,0.0,0.0,0.1931993817619784,0.0,0.0
2863,0.0,0.0,0.0,0.05374001452432825,0.0,0.0
2864,0.0,0.0,0.0,0.09863013698630137,0.0,0.0
2865,0.0,0.0,0.0,0.014796547472256475,0.0,0.0
2866,0.0,0.0,0.0,0.10810810810810813,0.0,0.0
2867,0.0,0.0,0.0,0.0,0.0,0.0
2868,0.0,0.0,0.0,0.018567639257294433,0.0,0.0
2869,0.0,0.0,0.0,0.099009900990099,0.0,0.0
2870,0.0,0.0,0.0,0.0,0.0,0.0
2871,0.0,0.0,0.0,0.0,0.0,0.0
2872,0.0,0.0,0.0,0.05506391347099312,0.0,0.0
2873,0.0,0.0,0.0,0.001941747572815534,0.0,0.0
2874,0.0,0.0,0.0,0.0,0.0,0.0
2875,0.0,0.0,0.0,0.0,0.0,0.0
2876,0.0,0.0,0.0,0.0,0.0,0.0
2877,0.0,0.0,0.0,0.0,0.0,0.0
2878,0.0,0.0,0.0,0.000725689404934688,0.0,0.0
2879,0.0,0.0,0.0,0.006920415224913495,0.0,0.0
2880,0.0,0.0,0.0,0.0015822784810126582,0.0,0.0
2881,0.0,0.0,0.0,0.0,0.0,0.0
2882,0.0,0.0,0.0,0.0,0.0,0.0
2883,0.02491103202846975,0.0,0.0,0.066429418742586,0.0,0.0
2884,0.0,0.0,0.0,0.0,0.0,0.0
2885,0.0,0.0,0.0,0.061420345489443376,0.0,0.0
2886,0.0,0.0,0.0,0.04672897196261682,0.0,0.0
2887,0.0,0.0,0.0,0.0,0.0,0.0
2888,0.0,0.0,0.0,0.034676663542642934,0.0,0.0
2889,0.0,0.0,0.0,0.014945652173913044,0.0,0.0
2890,0.0,0.0,0.0,0.0,0.0,0.0
2891,0.0,0.0,0.0,0.2611464968152866,0.0,0.0
2892,0.0,0.0,0.0,0.0,0.0,0.0
2893,0.0,0.0,0.0,0.0,0.0,0.0
2894,0.0,0.0,0.0,0.0,0.0,0.0
2895,0.0,0.0,0.0,0.0,0.0,0.0
2896,0.0,0.0,0.0,0.06623735050597976,0.0,0.0
2897,0.0,0.0,0.0,0.06388888888888887,0.0,0.0
2898,0.0,0.0,0.0,0.008333333333333333,0.0,0.0
2899,0.0,0.0,0.0,0.3786127167630058,0.0,0.0
2900,0.0,0.0,0.0,0.03483992467043315,0.0,0.0
2901,0.0,0.0,0.0,0.0,0.0,0.0
2902,0.0,0.0,0.0,0.0078125,0.0,0.0
2903,0.0,0.0,0.0,0.0,0.0,0.0
2904,0.0,0.0,0.0,0.007317073170731708,0.0,0.0
2905,0.0,0.0,0.0,0.07936507936507936,0.0,0.0
2906,0.0,0.0,0.0,0.0,0.0,0.0
2907,0.0,0.0,0.0,0.3707865168539326,0.0,0.0
2908,0.0,0.0,0.0,0.22965551672491266,0.0,0.0
2909,0.0,0.0,0.0,0.0,0.0,0.0
2910,0.0,0.0,0.0,0.1951219512195122,0.0,0.0
2911,0.0,0.0,0.0,0.16793893129770993,0.0,0.0
2912,0.0,0.0,0.0,0.0,0.0,0.0
2913,0.0,0.0,0.0,0.0,0.0,0.0
2914,0.0,0.0,0.0,0.03770491803278689,0.0,0.0
2915,0.0,0.0,0.0,0.03954802259887006,0.0,0.0
2916,0.0,0.0,0.0,0.05316091954022988,0.0,0.0
2917,0.0,0.0,0.0,0.0,0.0,0.0
2918,0.0,0.0,0.0,0.019553072625698324,0.0,0.0
2919,0.0,0.0,0.0,0.0650887573964497,0.0,0.0
2920,0.0,0.0,0.0,0.0017513134851138356,0.0,0.0
2921,0.0,0.0,0.0,0.0,0.0,0.0
2922,0.0,0.0,0.0,0.03205629397967162,0.0,0.0
2923,0.0,0.0,0.0,0.05856515373352855,0.0,0.0
2924,0.0,0.0,0.0,0.0,0.0,0.0
2925,0.0,0.0,0.0,0.0,0.0,0.0
2926,0.0,0.0,0.0,0.0,0.0,0.0
2927,0.0,0.0,0.0,0.0,0.0,0.0
2928,0.0,0.0,0.0,0.06784968684759916,0.0,0.0
2929,0.0,0.0,0.0,0.0,0.0,0.0
2930,0.0,0.0,0.0,0.0,0.0,0.0
2931,0.0,0.0,0.0,0.05869797225186766,0.0,0.0
2932,0.0,0.0,0.0,0.0,0.0,0.0
2933,0.0,0.0,0.0,0.10824742268041238,0.0,0.0
2934,0.0,0.0,0.0,0.0,0.0,0.0
2935,0.0,0.0,0.0,0.05340223944875108,0.0,0.0
2936,0.0,0.0,0.0,0.05612648221343874,0.0,0.0
2937,0.0,0.0,0.0,0.0,0.0,0.0
2938,0.0,0.0,0.0,0.10185185185185183,0.0,0.0
2939,0.0,0.0,0.0,0.07228915662650602,0.0,0.0
2940,0.0,0.0,0.0,0.03083109919571045,0.0,0.0
2941,0.0,0.0,0.0,0.0,0.0,0.0
2942,0.0,0.0,0.0,0.13530465949820789,0.0,0.0
2943,0.0,0.0,0.0,0.3434343434343434,0.0,0.0
2944,0.0,0.0,0.0,0.0,0.0,0.0
2945,0.0,0.0,0.0,0.0,0.0,0.0
2946,0.0,0.0,0.0,0.08866615265998458,0.0,0.0
2947,0.0,0.0,0.0,0.0,0.0,0.0
2948,0.0,0.0,0.0,0.0,0.0,0.0
2949,0.0,0.0,0.0,0.07724425887265135,0.0,0.0
2950,0.0,0.0,0.0,0.0,0.0,0.0
2951,0.0,0.0,0.0,0.007531380753138075,0.0,0.0
2952,0.0,0.0,0.0,0.0,0.0,0.0
2953,0.0,0.0,0.0,0.09626556016597512,0.0,0.0
2954,0.0,0.0,0.0,0.17543859649122806,0.0,0.0
2955,0.0,0.0,0.0,0.02358887952822241,0.0,0.0
2956,0.0,0.0,0.0,0.08273381294964029,0.0,0.0
2957,0.0,0.0,0.0,0.0,0.0,0.0
2958,0.0,0.0,0.0,0.00837138508371385,0.0,0.0
2959,0.0,0.0,0.0,0.0,0.0,0.0
2960,0.0,0.0,0.0,0.0,0.0,0.0
2961,0.0,0.0,0.0,0.0,0.0,0.0
2962,0.0,0.0,0.0,0.2202970297029703,0.0,0.0
2963,0.0,0.0,0.0,0.0,0.0,0.0
2964,0.0,0.0,0.0,0.2,0.0,0.0
2965,0.0,0.0,0.0,0.0,0.0,0.0
2966,0.0,0.0,0.0,0.025868440502586843,0.0,0.0
2967,0.0,0.0,0.0,0.0,0.0,0.0
2968,0.0,0.0,0.0,0.04215851602023609,0.0,0.0
2969,0.0,0.0,0.0,0.0,0.0,0.0
2970,0.0,0.0,0.0,0.3245033112582781,0.0,0.0
2971,0.0,0.0,0.0,0.018050541516245487,0.0,0.0
2972,0.0,0.0,0.0,0.037100949094046584,0.0,0.0
2973,0.0,0.0,0.0,0.0,0.0,0.0
2974,0.0,0.0,0.0,0.0,0.0,0.0
2975,0.0,0.0,0.0,0.0,0.0,0.0
2976,0.0,0.0,0.0,0.0,0.0,0.0
2977,0.0,0.0,0.0,0.0,0.0,0.0
2978,0.0,0.0,0.0,0.12997903563941302,0.0,0.0
2979,0.0,0.0,0.0,0.18414322250639387,0.0,0.0
2980,0.0,0.0,0.0,0.006864988558352402,0.0,0.0
2981,0.030181086519114688,0.0,0.0,0.06639839034205232,0.0,0.0
2982,0.0,0.0,0.0,0.03747072599531616,0.0,0.0
2983,0.0,0.0,0.0,0.0032573289902280127,0.0,0.0
2984,0.0,0.0,0.0,0.016496465043205028,0.0,0.0
2985,0.0,0.0,0.0,0.0,0.0,0.0
2986,0.0,0.0,0.0,0.0,0.0,0.0
2987,0.0,0.0,0.0,0.11160714285714286,0.0,0.0
2988,0.0,0.0,0.0,0.0,0.0,0.0
2989,0.0,0.0,0.0,0.10344827586206896,0.0,0.0
2990,0.0,0.0,0.0,0.0,0.0,0.0
2991,0.0,0.0,0.0,0.0389768574908648,0.0,0.0
2992,0.0,0.0,0.0,0.0,0.0,0.0
2993,0.0,0.0,0.0,0.0,0.0,0.0
2994,0.0,0.0,0.0,0.0,0.0,0.0
2995,0.0,0.0,0.0,0.02042253521126761,0.0,0.0
2996,0.0,0.0,0.0,0.0,0.0,0.0
2997,0.0,0.0,0.0,0.0051867219917012455,0.0,0.0
2998,0.0,0.0,0.0,0.0,0.0,0.0
2999,0.0,0.0,0.0,0.0,0.0,0.0
3000,0.0,0.0,0.0,0.0,0.0,0.0
3001,0.0,0.0,0.0,0.0,0.0,0.0
3002,0.0,0.0,0.0,0.041822721598002495,0.0,0.0
3003,0.0,0.0,0.0,0.04444444444444445,0.0,0.0
3004,0.0,0.0,0.0,0.023195876288659798,0.0,0.0
3005,0.0,0.0,0.0,0.0,0.0,0.0
3006,0.018010963194988253,0.0,0.0,0.0,0.0,0.0
3007,0.0,0.0,0.0,0.10176991150442477,0.0,0.0
3008,0.0,0.0,0.0,0.026615969581749048,0.0,0.0
3009,0.0,0.0,0.0,0.0,0.0,0.0
3010,0.0,0.0,0.0,0.00816326530612245,0.0,0.0
3011,0.0,0.0,0.0,0.0,0.0,0.0
3012,0.0,0.0,0.0,0.0,0.0,0.0
3013,0.0,0.0,0.0,0.0,0.0,0.0
3014,0.0,0.0,0.0,0.08677685950413222,0.0,0.0
3015,0.0,0.0,0.0,0.16666666666666666,0.0,0.0
3016,0.0,0.0,0.0,0.0,0.0,0.0
3017,0.0,0.0,0.0,0.0,0.0,0.0
3018,0.0,0.0,0.0,0.2769556025369979,0.0,0.0
3019,0.0,0.0,0.0,0.0,0.0,0.0
3020,0.0,0.0,0.0,0.01914191419141914,0.0,0.0
3021,0.0,0.0,0.0,0.11736770691994572,0.0,0.0
3022,0.0,0.0,0.0,0.003629764065335753,0.0,0.0
3023,0.0,0.0,0.0,0.0,0.0,0.0
3024,0.0,0.0,0.0,0.0,0.0,0.0
3025,0.0,0.0,0.0,0.025441329179646942,0.0,0.0
3026,0.0,0.0,0.0,0.024096385542168683,0.0,0.0
3027,0.0,0.0,0.0,0.0,0.0,0.0
3028,0.0,0.0,0.0,0.0,0.0,0.0
3029,0.0,0.0,0.0,0.04931335830212235,0.0,0.0
3030,0.0,0.0,0.0,0.0,0.0,0.0
3031,0.0,0.0,0.0,0.03560371517027864,0.0,0.0
3032,0.0,0.0,0.0,0.19786096256684493,0.0,0.0
3033,0.0,0.0,0.0,0.0,0.0,0.0
3034,0.0,0.0,0.0,0.0,0.0,0.0
3035,0.0,0.0,0.0,0.011278195488721804,0.0,0.0
3036,0.0,0.0,0.0,0.1620879120879121,0.0013736263736263735,0.0
3037,0.0,0.0,0.0,0.01215611004478567,0.0,0.0
3038,0.0,0.0,0.0,0.004866180048661801,0.0,0.0
3039,0.0,0.0,0.0,0.0,0.0,0.0
3040,0.0,0.025510204081632654,0.0,0.030612244897959183,0.0,0.0
3041,0.0,0.0,0.0,0.0,0.0,0.0
3042,0.0,0.0,0.0,0.0,0.0,0.0
3043,0.0,0.0,0.0,0.0,0.0,0.0
3044,0.0,0.0,0.0,0.0,0.0,0.0
3045,0.0,0.0,0.0,0.0,0.0,0.0
3046,0.0,0.0,0.0,0.1725043782837128,0.0,0.0
3047,0.0,0.0,0.0,0.0,0.0,0.0
3048,0.0,0.0,0.0,0.0,0.0,0.0
3049,0.0,0.0,0.0,0.02127659574468085,0.0,0.0
3050,0.0,0.0,0.0,0.0,0.0,0.0
3051,0.0,0.0,0.0,0.020754716981132074,0.0,0.0
3052,0.0,0.0,0.0,0.15763546798029554,0.0,0.0
3053,0.0,0.0,0.0,0.0,0.0,0.0
3054,0.0,0.0,0.0,0.0,0.0,0.0
3055,0.0,0.0,0.0,0.0,0.0,0.0
3056,0.0,0.0,0.0,0.0,0.0,0.0
3057,0.0,0.0,0.0,0.0,0.0,0.0
3058,0.0,0.0,0.0,0.02256809338521401,0.0,0.0
3059,0.0,0.0,0.0,0.0,0.0,0.0
3060,0.0,0.0,0.0,0.0,0.0,0.0
3061,0.0,0.0,0.0,0.06443298969072164,0.0,0.0
3062,0.0,0.0,0.0,0.0,0.0,0.0
3063,0.0,0.0,0.0,0.15681233933161953,0.0,0.0
3064,0.0,0.0,0.0,0.0,0.0,0.0
3065,0.0,0.0,0.0,0.0,0.0,0.0
3066,0.0,0.0,0.0,0.0,0.0,0.0
3067,0.0,0.0,0.0,0.0,0.0,0.0
3068,0.0,0.0,0.0,0.08424908424908427,0.0,0.0
3069,0.0,0.0,0.0,0.011475409836065572,0.0,0.0
3070,0.0,0.0,0.0,0.2,0.0,0.0
3071,0.0,0.0,0.0,0.02569593147751606,0.0,0.0
3072,0.0,0.0,0.0,0.0,0.0,0.0
3073,0.0,0.0,0.0,0.0,0.0,0.0
3074,0.0,0.0,0.0,0.0,0.0,0.0
3075,0.0,0.0,0.0,0.0,0.0,0.0
3076,0.0,0.0,0.0,0.01705237515225335,0.0,0.0
3077,0.0,0.0,0.0,0.027454242928452582,0.0,0.0
3078,0.0,0.0,0.0,0.38738738738738737,0.0,0.0
3079,0.0,0.0,0.0,0.0,0.0,0.0
3080,0.0,0.0,0.0,0.0787037037037037,0.0,0.0
3081,0.0,0.0,0.0,0.0,0.0,0.0
3082,0.0,0.0,0.0,0.0,0.0,0.0
3083,0.0,0.0,0.0,0.0,0.0,0.0
3084,0.011117612638970159,0.0,0.0,0.09537741369221768,0.014628437682855471,0.014628437682855471
3085,0.0,0.0,0.0,0.08340080971659919,0.0,0.0
3086,0.0,0.0,0.0,0.0,0.0,0.0
3087,0.0,0.0,0.0,0.14176663031624864,0.0,0.0
3088,0.13297872340425532,0.0,0.0,0.22872340425531915,0.0,0.0
3089,0.0,0.0,0.0,0.0,0.0,0.0
3090,0.0,0.0,0.0,0.0,0.0,0.0
3091,0.0,0.0,0.0,0.034289713086074175,0.0,0.0
3092,0.0,0.0,0.0,0.0,0.0,0.0
3093,0.0,0.0,0.0,0.1122047244094488,0.0,0.0
3094,0.0,0.0,0.0,0.0,0.0,0.0
3095,0.0,0.0,0.0,0.0,0.0,0.0
3096,0.0,0.0,0.0,0.0,0.0,0.0
3097,0.0,0.0,0.0,0.0,0.0,0.0
3098,0.0,0.0,0.0,0.0,0.0,0.0
3099,0.0,0.0,0.0,0.0,0.0,0.0
3100,0.0,0.0,0.0,0.003347280334728033,0.0,0.0
3101,0.0,0.0,0.0,0.005533596837944664,0.0,0.0
3102,0.0,0.0,0.0,0.0,0.0,0.0
3103,0.0,0.0,0.0,0.0,0.0,0.0
3104,0.0,0.0,0.0,0.0,0.0,0.0
3105,0.0,0.0,0.0,0.0,0.0,0.0
3106,0.0,0.0,0.0,0.06081601231716705,0.0,0.0
3107,0.0,0.0,0.0,0.0,0.0,0.0
3108,0.0,0.0,0.0,0.0,0.0,0.0
3109,0.0,0.0,0.0,0.0,0.0,0.0
3110,0.0,0.0,0.0,0.0,0.0,0.0
3111,0.0,0.0,0.0,0.024725274725274724,0.0,0.0
3112,0.0,0.0,0.0,0.0013689253935660506,0.0,0.0
3113,0.0,0.0,0.0,0.25,0.0,0.0
3114,0.0,0.0,0.0,0.0,0.0,0.0
3115,0.0,0.0,0.0,0.0,0.0,0.0
3116,0.0,0.0,0.0,0.0,0.0,0.0
3117,0.0,0.0,0.0,0.0,0.0,0.0
3118,0.0,0.0,0.0,0.0,0.0,0.0
3119,0.0,0.0,0.0,0.1217948717948718,0.0,0.0
3120,0.0,0.0,0.0,0.0,0.0,0.0
3121,0.0,0.0,0.0,0.0,0.0,0.0
3122,0.0,0.0,0.0,0.0,0.0,0.0
3123,0.0,0.0,0.0,0.0,0.0,0.0
3124,0.0,0.0,0.0,0.0,0.0,0.0
3125,0.0,0.0,0.0,0.0,0.0,0.0
3126,0.0,0.0,0.0,0.0,0.0,0.0
3127,0.0,0.0,0.0,0.0,0.0,0.0
3128,0.0,0.0,0.0,0.28365878725590954,0.0,0.0
3129,0.0,0.0,0.0,0.1346153846153846,0.0,0.0
3130,0.0,0.0,0.0,0.0,0.0,0.0
3131,0.0,0.0,0.0,0.0,0.0,0.0
3132,0.0,0.0,0.0,0.3263888888888889,0.0,0.0
3133,0.0,0.0,0.0,0.012216404886561954,0.0,0.0
3134,0.16666666666666666,0.0,0.0,0.4074074074074074,0.07407407407407407,0.07407407407407407
3135,0.0,0.0,0.0,0.0,0.0,0.0
3136,0.0,0.0,0.0,0.15151515151515152,0.0,0.0
3137,0.0,0.0,0.0,0.06666666666666668,0.0,0.0
3138,0.0,0.0,0.0,0.0,0.0,0.0
3139,0.0,0.0,0.0,0.04672897196261682,0.0,0.0
3140,0.0,0.0,0.0,0.0,0.0,0.0
3141,0.0,0.0,0.0,0.06666666666666668,0.0,0.0
3142,0.0,0.0,0.0,0.0,0.0,0.0
3143,0.0,0.0,0.0,0.0,0.0,0.0
3144,0.0,0.0,0.0,0.0,0.0,0.0
3145,0.0,0.0,0.0,0.07292616226071102,0.0,0.0
3146,0.0,0.0,0.0,0.07112253641816624,0.0,0.0
3147,0.0,0.0,0.0,0.0,0.0,0.0
3148,0.0,0.0,0.0,0.29336734693877553,0.0,0.0
3149,0.0,0.0,0.0,0.0,0.0,0.0
3150,0.0,0.0,0.0,0.024390243902439025,0.0,0.0
3151,0.0,0.0,0.0,0.04043126684636118,0.0,0.0
3152,0.0,0.0,0.0,0.02538071065989848,0.0,0.0
3153,0.0,0.0,0.0,0.0,0.0,0.0
3154,0.0,0.0,0.0,0.0,0.0,0.0
3155,0.0,0.0,0.0,0.0,0.0,0.0
3156,0.0,0.0,0.0,0.0,0.0,0.0
3157,0.0,0.0,0.0,0.0,0.0,0.0
3158,0.0,0.0,0.0,0.0,0.0,0.0
3159,0.0,0.0,0.0,0.0,0.0,0.0
3160,0.0,0.0,0.0,0.011363636363636364,0.0,0.0
3161,0.0,0.0,0.0,0.0,0.0,0.0
3162,0.0,0.0,0.0,0.0,0.0,0.0
3163,0.0,0.0,0.0,0.03394495412844037,0.0,0.0
3164,0.0,0.0,0.0,0.018502943650126155,0.0,0.0
3165,0.0,0.0,0.0,0.0,0.0,0.0
3166,0.0,0.0,0.0,0.0,0.0,0.0
3167,0.0,0.0,0.0,0.0,0.0,0.0
3168,0.0,0.0,0.0,0.0,0.0,0.0
3169,0.0,0.0,0.0,0.014781966001478197,0.0,0.0
3170,0.0,0.0,0.0,0.0055248618784530384,0.0,0.0
3171,0.0,0.0,0.0,0.0,0.0,0.0
3172,0.0,0.0,0.0,0.0,0.0,0.0
3173,0.0,0.0,0.0,0.0,0.0,0.0
3174,0.0,0.0,0.0,0.0,0.0,0.0
3175,0.0,0.0,0.0,0.023809523809523808,0.0,0.0
3176,0.0,0.0,0.0,0.18373983739837402,0.0,0.0
3177,0.022151898734177212,0.023734177215189875,0.0,0.19541139240506328,0.0,0.0
3178,0.0,0.0,0.0,0.04361370716510903,0.0,0.0
3179,0.0,0.0,0.0,0.10280373831775699,0.0,0.0
3180,0.0,0.0,0.0,0.0,0.0,0.0
3181,0.0,0.0,0.0,0.0,0.0,0.0
3182,0.0,0.0,0.0,0.0,0.0,0.0
3183,0.0,0.0,0.0,0.0,0.0,0.0
3184,0.0,0.0,0.0,0.04344512195121951,0.0,0.0
3185,0.0,0.0,0.0,0.030470914127423827,0.0,0.0
3186,0.0,0.0,0.0,0.04540763673890609,0.0,0.0
3187,0.0,0.0,0.0,0.0,0.0,0.0
3188,0.0,0.0,0.0,0.0,0.0,0.0
3189,0.0,0.0,0.0,0.0658882402001668,0.0,0.0
3190,0.032911392405063286,0.0,0.0,0.03164556962025317,0.0,0.0
3191,0.0,0.0,0.0,0.0,0.0,0.0
3192,0.0,0.0,0.0,0.0,0.0,0.0
3193,0.015065913370998116,0.0,0.0,0.160075329566855,0.0,0.0
3194,0.027366863905325445,0.0,0.0,0.3609467455621302,0.01849112426035503,0.0
3195,0.0,0.0,0.0,0.0,0.0,0.0
3196,0.0,0.0,0.0,0.028350515463917526,0.0,0.0
3197,0.0,0.0,0.0,0.012756909992912829,0.0,0.0
3198,0.0,0.0,0.0,0.0,0.0,0.0
3199,0.0,0.0,0.0,0.054279749478079335,0.0,0.0
3200,0.0,0.0,0.0,0.0,0.0,0.0
3201,0.0,0.0,0.0,0.013460015835312748,0.0,0.0
3202,0.0,0.0,0.0,0.0,0.0,0.0
3203,0.0,0.0,0.0,0.0,0.0,0.0
3204,0.02309913378248316,0.0,0.0,0.23195380173243504,0.0,0.0
3205,0.0,0.0,0.0,0.0,0.0,0.0
3206,0.0,0.0,0.0,0.03389830508474576,0.0,0.0
3207,0.0,0.0,0.0,0.17100371747211895,0.0,0.0
3208,0.0,0.0,0.0,0.0,0.0,0.0
3209,0.0,0.0,0.0,0.1648068669527897,0.0,0.0
3210,0.0,0.0,0.0,0.0156507413509061,0.0,0.0
3211,0.0,0.0,0.0,0.0,0.0,0.0
3212,0.0,0.0,0.0,0.0,0.0,0.0
3213,0.0,0.0,0.0,0.00746268656716418,0.0,0.0
3214,0.0,0.0,0.0,0.0,0.0,0.0
3215,0.0,0.0,0.0,0.023968042609853527,0.0,0.0
3216,0.0,0.0,0.0,0.0,0.0,0.0
3217,0.0,0.0,0.0,0.0,0.0,0.0
3218,0.0,0.0,0.0,0.002061855670103093,0.0,0.0
3219,0.0,0.0,0.0,0.0,0.0,0.0
3220,0.0,0.0,0.0,0.0,0.0,0.0
3221,0.0,0.0,0.0,0.0,0.0,0.0
3222,0.0,0.0,0.0,0.1169467787114846,0.0,0.0
3223,0.0,0.0,0.0,0.004793289394847214,0.0,0.0
3224,0.0,0.0,0.0,0.0,0.0,0.0
3225,0.0,0.0,0.0,0.0,0.0,0.0
3226,0.0,0.0,0.0,0.0,0.0,0.0
3227,0.0,0.0,0.0,0.0,0.0,0.0
3228,0.0,0.0,0.0,0.04820261437908497,0.0,0.0
3229,0.0,0.0,0.0,0.012112036336109008,0.0,0.0
3230,0.0,0.0,0.0,0.0218209179834462,0.0,0.0
3231,0.0,0.0,0.0,0.0,0.0,0.0
3232,0.0,0.0,0.0,0.0,0.0,0.0
3233,0.0,0.0,0.0,0.0,0.0,0.0
3234,0.0,0.0,0.0,0.0,0.0,0.0
3235,0.0,0.0,0.0,0.002320185614849188,0.0,0.0
3236,0.0,0.0,0.0,0.0,0.0,0.0
3237,0.0,0.0,0.0,0.0,0.0,0.0
3238,0.0,0.0,0.0,0.09630702389572772,0.0,0.0
3239,0.0,0.0,0.0,0.06816677696889477,0.0,0.0
3240,0.0,0.0,0.0,0.02773497688751926,0.0,0.0
3241,0.013349514563106795,0.0,0.0,0.2924757281553398,0.0036407766990291268,0.0036407766990291268
3242,0.0,0.0,0.0,0.0,0.0,0.0
3243,0.0,0.0,0.0,0.007014028056112225,0.0,0.0
3244,0.0,0.0,0.0,0.09518072289156626,0.0,0.0
3245,0.0,0.0,0.0,0.3548387096774194,0.0,0.0
3246,0.02172338884866039,0.0,0.0,0.0,0.0,0.0
3247,0.0,0.0,0.0,0.4545454545454545,0.0,0.0
3248,0.0,0.0,0.0,0.025022341376228774,0.0,0.0
3249,0.0,0.0,0.0,0.0,0.0,0.0
3250,0.0,0.0,0.0,0.0,0.0,0.0
3251,0.0,0.0,0.0,0.0425531914893617,0.0,0.0
3252,0.0,0.0,0.0,0.0,0.0,0.0
3253,0.0,0.0,0.0,0.05230769230769231,0.0,0.0
3254,0.0,0.0,0.0,0.051341890315052506,0.0,0.0
3255,0.0,0.0,0.0,0.17025440313111545,0.0,0.0
3256,0.0,0.0,0.0,0.0,0.0,0.0
3257,0.0,0.0,0.0,0.0,0.0,0.0
3258,0.0,0.0,0.0,0.0,0.0,0.0
3259,0.0,0.0,0.0,0.0,0.0,0.0
3260,0.0,0.0,0.0,0.2777777777777778,0.0,0.0
3261,0.0,0.0,0.0,0.0,0.0,0.0
3262,0.0,0.0,0.0,0.03389830508474576,0.0,0.0
3263,0.0,0.0,0.0,0.08133971291866028,0.0,0.0
3264,0.0,0.0,0.0,0.008818342151675485,0.0,0.0
3265,0.0,0.0,0.0,0.03333333333333333,0.0,0.0
3266,0.0,0.0,0.0,0.0,0.0,0.0
3267,0.08284883720930232,0.0,0.0,0.28997093023255816,0.0,0.0
3268,0.0,0.0,0.0,0.0,0.0,0.0
3269,0.0,0.0,0.0,0.011049723756906077,0.0,0.0
3270,0.0,0.0,0.0,0.0,0.0,0.0
3271,0.0,0.0,0.0,0.10490921318090114,0.0,0.0
3272,0.0,0.0,0.0,0.0,0.0,0.0
3273,0.0,0.0,0.0,0.0,0.0,0.0
3274,0.0,0.0,0.0,0.0,0.0,0.0
3275,0.0,0.0,0.0,0.0,0.0,0.0
3276,0.01950078003120125,0.0,0.0,0.0202808112324493,0.0,0.0
3277,0.0,0.0,0.0,0.0,0.0,0.0
3278,0.0,0.0,0.0,0.0,0.0,0.0
3279,0.0,0.0,0.0,0.3055555555555556,0.0,0.0
3280,0.0,0.0,0.0,0.033299697275479316,0.0,0.0
3281,0.0,0.0,0.0,0.0,0.0,0.0
3282,0.0,0.0,0.0,0.0,0.0,0.0
3283,0.0,0.0,0.0,0.034602076124567484,0.0,0.0
3284,0.0,0.0,0.0,0.0,0.0,0.0
3285,0.0,0.0,0.0,0.00535475234270415,0.0,0.0
3286,0.0,0.0,0.0,0.013502779984114376,0.0,0.0
3287,0.0,0.0,0.0,0.0,0.0,0.0
3288,0.0,0.0,0.0,0.0,0.0,0.0
3289,0.0,0.0,0.0,0.02497398543184183,0.0,0.0
3290,0.0,0.0,0.0,0.0,0.0,0.0
3291,0.0,0.0,0.0,0.0,0.0,0.0
3292,0.0,0.0,0.0,0.0,0.0,0.0
3293,0.0,0.0,0.0,0.0,0.0,0.0
3294,0.022004889975550126,0.0,0.0,0.07823960880195599,0.0,0.0
3295,0.0,0.0,0.0,0.0,0.0,0.0
3296,0.0,0.0,0.0,0.0,0.0,0.0
3297,0.0,0.0,0.0,0.0,0.0,0.0
3298,0.023728813559322038,0.0,0.023728813559322038,0.061016949152542375,0.0,0.0
3299,0.0,0.0,0.0,0.0,0.0,0.0
3300,0.0,0.0,0.0,0.0,0.0,0.0
3301,0.0,0.0,0.0,0.031639501438159155,0.0,0.0
3302,0.0,0.0,0.0,0.06554756195043965,0.0,0.0
3303,0.0,0.0,0.0,0.0,0.0,0.0
3304,0.0,0.0,0.0,0.029793735676088617,0.0,0.0
3305,0.10128913443830573,0.0,0.0,0.15837937384898712,0.0,0.0
3306,0.0,0.0,0.0,0.0,0.0,0.0
3307,0.0,0.0,0.0,0.08609271523178808,0.0,0.0
3308,0.0,0.0,0.0,0.0,0.0,0.0
3309,0.0,0.0,0.0,0.0,0.0,0.0
3310,0.0,0.0,0.0,0.0,0.0,0.0
3311,0.0,0.0,0.0,0.1945392491467577,0.0,0.0
3312,0.0,0.0,0.0,0.0,0.0,0.0
3313,0.0,0.0,0.0,0.0,0.0,0.0
3314,0.0,0.0,0.0,0.024886877828054297,0.0,0.0
3315,0.0,0.0,0.0,0.0,0.0,0.0
3316,0.0,0.0,0.0,0.0,0.0,0.0
3317,0.0,0.0,0.0,0.5172413793103449,0.0,0.0
3318,0.0,0.0,0.0,0.0,0.0,0.0
3319,0.0,0.0,0.0,0.0,0.0,0.0
3320,0.0,0.0,0.0,0.06029106029106029,0.0,0.0
3321,0.0,0.0,0.0,0.004355400696864111,0.0,0.0
3322,0.0,0.0,0.0,0.0,0.0,0.0
3323,0.0,0.0,0.0,0.2453846153846154,0.0,0.0
3324,0.0,0.0,0.0,0.03958333333333333,0.0,0.0
3325,0.0,0.0,0.0,0.0034071550255536627,0.0,0.0
3326,0.0,0.0,0.0,0.0,0.0,0.0
3327,0.0,0.0,0.0,0.05521472392638037,0.0,0.0
3328,0.0,0.0,0.0,0.026104417670682733,0.0,0.0
3329,0.0,0.0,0.0,0.0,0.0,0.0
3330,0.0,0.0,0.0,0.0,0.0,0.0
3331,0.0,0.0,0.0,0.07547169811320754,0.0,0.0
3332,0.0,0.0,0.0,0.0,0.0,0.0
3333,0.0,0.0,0.0,0.0,0.0,0.0
3334,0.0,0.0,0.0,0.0053285968028419185,0.0,0.0
3335,0.0,0.0,0.0,0.0,0.0,0.0
3336,0.0,0.0,0.0,0.0,0.0,0.0
3337,0.0,0.0,0.0,0.24096385542168675,0.0,0.0
3338,0.0,0.0,0.0,0.4615384615384616,0.0,0.0
3339,0.0,0.0,0.0,0.0,0.0,0.0
3340,0.0,0.0,0.0,0.06761565836298933,0.0,0.0
3341,0.0,0.0,0.0,0.0,0.0,0.0
3342,0.0,0.0,0.0,0.0,0.0,0.0
3343,0.0,0.0,0.0,0.0,0.0,0.0
3344,0.0,0.0,0.0,0.017825311942959002,0.0,0.0
3345,0.0,0.0,0.0,0.0,0.0,0.0
3346,0.0,0.0,0.0,0.0,0.0,0.0
3347,0.0,0.0,0.0,0.0,0.0,0.0
3348,0.0,0.0,0.0,0.07529411764705883,0.0,0.0
3349,0.0,0.0,0.0,0.0,0.0,0.0
3350,0.0,0.0,0.0,0.0,0.0,0.0
3351,0.0,0.0,0.0,0.03755215577190543,0.0,0.0
3352,0.0,0.0,0.0,0.03978779840848806,0.0,0.0
3353,0.0,0.0,0.0,0.0,0.0,0.0
3354,0.0,0.0,0.0,0.0,0.0,0.0
3355,0.028484231943031537,0.0,0.0,0.0508646998982706,0.004069175991861648,0.0
3356,0.0,0.0,0.0,0.1511627906976744,0.0,0.0
3357,0.0,0.0,0.0,0.0,0.0,0.0
3358,0.0,0.0,0.0,0.0,0.0,0.0
3359,0.0,0.0,0.0,0.00847457627118644,0.0,0.0
3360,0.0,0.0,0.0,0.0,0.0,0.0
3361,0.0,0.0,0.0,0.0,0.0,0.0
3362,0.0,0.0,0.0,0.00979192166462668,0.0,0.0
3363,0.0,0.0,0.0,0.13499245852187028,0.0,0.0
3364,0.0,0.0,0.0,0.024080267558528427,0.0,0.0
3365,0.0,0.0,0.0,0.0014285714285714286,0.0,0.0
3366,0.0,0.0,0.0,0.1681159420289855,0.0,0.0
3367,0.0,0.0,0.0,0.00980392156862745,0.0,0.0
3368,0.0,0.0,0.0,0.0,0.0,0.0
3369,0.0,0.0,0.0,0.016666666666666666,0.0,0.0
3370,0.0,0.0,0.0,0.16946308724832215,0.0,0.0
3371,0.0,0.0,0.0,0.0,0.0,0.0
3372,0.0,0.0,0.0,0.03197925669835782,0.0,0.0
3373,0.0,0.0,0.0,0.11133200795228627,0.0,0.0
3374,0.0,0.0,0.0,0.0,0.0,0.0
3375,0.0,0.0,0.0,0.0,0.0,0.0
3376,0.0,0.0,0.0,0.0,0.0,0.0
3377,0.0,0.0,0.0,0.0,0.0,0.0
3378,0.0,0.0,0.0,0.0,0.0,0.0
3379,0.0,0.0,0.0,0.021865889212827987,0.021865889212827987,0.0
3380,0.0,0.0,0.0,0.0,0.0,0.0
3381,0.0,0.0,0.0,0.0,0.0,0.0
3382,0.0,0.0,0.0,0.1759697256385998,0.0,0.0
3383,0.0,0.0,0.0,0.0563019833653231,0.0,0.0
3384,0.0,0.0,0.0,0.14285714285714285,0.0,0.0
3385,0.0,0.0,0.0,0.2325072886297376,0.0,0.0
3386,0.0,0.0,0.0,0.0,0.0,0.0
3387,0.0,0.0,0.0,0.017902813299232736,0.0,0.0
3388,0.0,0.0,0.0,0.01023391812865497,0.0,0.0
3389,0.0,0.0,0.0,0.03879310344827586,0.0,0.0
3390,0.0,0.0,0.0,0.0,0.0,0.0
3391,0.0,0.0,0.0,0.0,0.0,0.0
3392,0.0,0.0,0.0,0.0,0.0,0.0
3393,0.0,0.0,0.0,0.0,0.0,0.0
3394,0.0,0.0,0.0,0.0,0.0,0.0
3395,0.0,0.0,0.0,0.01908957415565345,0.0,0.0
3396,0.0,0.0,0.0,0.0,0.0,0.0
3397,0.0,0.0,0.0,0.0,0.0,0.0
3398,0.0,0.0,0.0,0.0,0.0,0.0
3399,0.0,0.0,0.0,0.2322357019064125,0.0,0.0
3400,0.0,0.0,0.0,0.0,0.0,0.0
3401,0.0,0.0,0.0,0.1588170865279299,0.0,0.0
3402,0.0,0.0,0.0,0.04542372881355932,0.0,0.0
3403,0.0,0.0,0.0,0.10614525139664804,0.0,0.0
3404,0.0,0.0,0.0,0.047745358090185666,0.0,0.0
3405,0.0,0.0,0.0,0.2971014492753623,0.0,0.0
3406,0.0,0.0,0.0,0.14603960396039606,0.0,0.0
3407,0.0,0.0,0.0,0.0,0.0,0.0
3408,0.0,0.0,0.0,0.0,0.0,0.0
3409,0.0,0.0,0.0,0.0,0.0,0.0
3410,0.0,0.0,0.0,0.0,0.0,0.0
3411,0.0,0.0,0.0,0.0,0.0,0.0
3412,0.0,0.0,0.0,0.01899335232668566,0.0,0.0
3413,0.0,0.0,0.0,0.0,0.0,0.0
3414,0.0,0.0,0.0,0.0,0.0,0.0
3415,0.0,0.0,0.0,0.34057971014492755,0.0,0.0
3416,0.0,0.0,0.0,0.0,0.0,0.0
3417,0.0,0.0,0.0,0.16399286987522282,0.0,0.0
3418,0.0,0.0,0.0,0.0,0.0,0.0
3419,0.0,0.0,0.0,0.0,0.0,0.0
3420,0.0,0.0,0.0,0.0,0.0,0.0
3421,0.0,0.0,0.0,0.0046253469010175755,0.0,0.0
3422,0.0,0.0,0.0,0.0,0.0,0.0
3423,0.0,0.0,0.0,0.0,0.0,0.0
3424,0.0,0.0,0.0,0.0,0.0,0.0
3425,0.0,0.0,0.0,0.3811544991511036,0.0,0.0
3426,0.0,0.0,0.0,0.0,0.0,0.0
3427,0.0,0.0,0.0,0.0,0.0,0.0
3428,0.0,0.0,0.0,0.0387409200968523,0.0,0.0
3429,0.0,0.0,0.0,0.1016949152542373,0.0,0.0
3430,0.0,0.0,0.0,0.0,0.0,0.0
3431,0.029644268774703563,0.0,0.0,0.2954545454545455,0.0,0.0
3432,0.0,0.0,0.0,0.0,0.0,0.0
3433,0.0,0.0,0.0,0.08888888888888889,0.0,0.0
3434,0.0,0.0,0.0,0.068714632174616,0.0,0.0
3435,0.0,0.0,0.0,0.10921501706484643,0.0,0.0
3436,0.0,0.0,0.0,0.062100456621004566,0.0,0.0
3437,0.0,0.0,0.0,0.0,0.0,0.0
3438,0.0,0.0,0.0,0.35714285714285715,0.0,0.0
3439,0.0,0.0,0.0,0.0,0.0,0.0
3440,0.05263157894736842,0.0,0.0,0.08771929824561403,0.0,0.0
3441,0.0,0.0,0.0,0.17891373801916932,0.0,0.0
3442,0.0,0.0,0.0,0.0,0.0,0.0
3443,0.0,0.0,0.0,0.006973500697350071,0.0,0.0
3444,0.0,0.0,0.0,0.1478770131771596,0.0,0.0
3445,0.0,0.0,0.0,0.0,0.0,0.0
3446,0.0,0.0,0.0,0.0,0.0,0.0
3447,0.0,0.0,0.0,0.10442349528643943,0.0,0.0
3448,0.0,0.0,0.0,0.0,0.0,0.0
3449,0.0,0.0,0.0,0.013805004314063849,0.0,0.0
3450,0.0,0.0,0.0,0.0576923076923077,0.0,0.0
3451,0.0,0.0,0.0,0.11015325670498084,0.0,0.0
3452,0.0,0.0,0.0,0.0196078431372549,0.0,0.0
3453,0.0,0.0,0.0,0.0,0.0,0.0
3454,0.0,0.0,0.0,0.0,0.0,0.0
3455,0.0,0.0,0.0,0.35714285714285715,0.0,0.0
3456,0.0,0.0,0.0,0.3263009845288326,0.0,0.0
3457,0.0,0.0,0.0,0.3540609137055837,0.0,0.0
3458,0.0,0.0,0.0,0.018700787401574805,0.0,0.0
3459,0.0,0.0,0.0,0.1111111111111111,0.0,0.0
3460,0.0,0.0,0.0,0.1743912018853103,0.0,0.0
3461,0.0,0.0,0.0,0.0,0.0,0.0
3462,0.0,0.0,0.0,0.0,0.0,0.0
3463,0.0,0.0,0.0,0.0,0.0,0.0
3464,0.0,0.0,0.0,0.0,0.0,0.0
3465,0.0,0.0,0.0,0.0,0.0,0.0
3466,0.0,0.0,0.0,0.0,0.0,0.0
3467,0.0,0.0,0.0,0.0,0.0,0.0
3468,0.0,0.0,0.0,0.0,0.0,0.0
3469,0.0,0.0,0.0,0.021714285714285717,0.0,0.0
3470,0.0,0.0,0.0,0.0,0.0,0.0
3471,0.0,0.0,0.0,0.009297520661157023,0.0,0.0
3472,0.0,0.0,0.0,0.0,0.0,0.0
3473,0.0,0.0,0.0,0.0,0.0,0.0
3474,0.04204204204204205,0.0,0.0,0.06606606606606606,0.0,0.0
3475,0.0,0.0,0.0,0.0,0.0,0.0
3476,0.0,0.0,0.0,0.0,0.0,0.0
3477,0.0,0.0,0.0,0.5130890052356021,0.0,0.0
3478,0.0,0.0,0.0,0.0,0.0,0.0
3479,0.0,0.0,0.0,0.21296296296296294,0.0,0.0
3480,0.0,0.0,0.0,0.01985559566787004,0.0,0.0
3481,0.0,0.0,0.0,0.4,0.0,0.0
3482,0.0,0.0,0.0,0.041604754829123326,0.0,0.0
3483,0.0,0.0,0.0,0.0,0.0,0.0
3484,0.0,0.0,0.0,0.0,0.0,0.0
3485,0.0,0.0,0.0,0.0,0.0,0.0
3486,0.0,0.0,0.0,0.0,0.0,0.0
3487,0.0,0.0,0.0,0.0,0.0,0.0
3488,0.0,0.0,0.0,0.0,0.0,0.0
3489,0.0,0.0,0.0,0.0,0.0,0.0
3490,0.0,0.0,0.0,0.0,0.0,0.0
3491,0.0,0.0,0.0,0.0,0.0,0.0
3492,0.0,0.0,0.0,0.0,0.0,0.0
3493,0.0,0.0,0.0,0.013539651837524178,0.0,0.0
3494,0.0,0.0,0.0,0.0,0.0,0.0
3495,0.0,0.0,0.0,0.0,0.0,0.0
3496,0.0,0.0,0.0,0.1131868131868132,0.0,0.0
3497,0.0,0.0,0.0,0.0,0.0,0.0
3498,0.0,0.0,0.0,0.2191780821917808,0.0,0.0
3499,0.0,0.0,0.0,0.0,0.0,0.0
3500,0.0,0.0,0.0,0.0,0.0,0.0
3501,0.0,0.0,0.0,0.0,0.0,0.0
3502,0.0,0.0,0.0,0.022753128555176336,0.0,0.0
3503,0.0,0.0,0.0,0.009235936188077248,0.0,0.0
3504,0.03787878787878788,0.0,0.0,0.2840909090909091,0.0,0.0
3505,0.0,0.0,0.0,0.0,0.0,0.0
3506,0.0,0.0,0.0,0.0,0.0,0.0
3507,0.0,0.0,0.0,0.0,0.0,0.0
3508,0.01208617971623752,0.0,0.0,0.010509721492380452,0.0,0.0
3509,0.0,0.0,0.0,0.052036199095022634,0.0,0.0
3510,0.0,0.0,0.0,0.0,0.0,0.0
3511,0.0,0.0,0.0,0.0,0.0,0.0
3512,0.0,0.0,0.0,0.0,0.0,0.0
3513,0.0,0.0,0.0,0.6666666666666666,0.0,0.0
3514,0.0,0.0,0.0,0.11650485436893206,0.0,0.0
3515,0.0,0.0,0.0,0.0,0.0,0.0
3516,0.0,0.0,0.0,0.0,0.0,0.0
3517,0.0,0.0,0.0,0.0,0.0,0.0
3518,0.0,0.0,0.0,0.0,0.0,0.0
3519,0.0,0.0,0.0,0.0,0.0,0.0
3520,0.0,0.0,0.0,0.8181818181818182,0.0,0.0
3521,0.0,0.0,0.0,0.07711442786069651,0.0,0.0
3522,0.0,0.0,0.0,0.0,0.0,0.0
3523,0.0,0.0,0.0,0.020066889632107024,0.0,0.0
3524,0.0,0.0,0.0,0.049180327868852465,0.0,0.0
3525,0.0,0.0,0.0,0.07450980392156863,0.0,0.0
3526,0.0,0.0,0.0,0.0,0.0,0.0
3527,0.0,0.0,0.0,0.019193857965451054,0.0,0.0
3528,0.0,0.0,0.0,0.1057347670250896,0.0,0.0
3529,0.0,0.0,0.0,0.013764624913971095,0.0,0.0
3530,0.0,0.0,0.0,0.0,0.0,0.0
3531,0.0,0.0,0.0,0.02168674698795181,0.0,0.0
3532,0.0,0.0,0.0,0.047619047619047616,0.0,0.0
3533,0.0,0.0,0.0,0.0,0.0,0.0
3534,0.0,0.0,0.0,0.006064690026954178,0.0,0.0
3535,0.0,0.0,0.0,0.0102880658436214,0.0,0.0
3536,0.0,0.0,0.0,0.0,0.0,0.0
3537,0.0,0.0,0.0,0.0,0.0,0.0
3538,0.0,0.0,0.0,0.0790273556231003,0.0,0.0
3539,0.0,0.0,0.0,0.045714285714285714,0.0,0.0
3540,0.029106029106029108,0.0,0.0,0.20582120582120586,0.029106029106029108,0.0
3541,0.0,0.0,0.0,0.3333333333333333,0.0,0.0
3542,0.0,0.0,0.0,0.2563739376770538,0.0,0.0
3543,0.0,0.0,0.0,0.0,0.0,0.0
3544,0.0,0.0,0.0,0.24256837098692036,0.0,0.0
3545,0.0,0.0,0.0,0.0,0.0,0.0
3546,0.0,0.0,0.0,0.014404852160727824,0.0,0.0
3547,0.0,0.0,0.0,0.0,0.0,0.0
3548,0.0,0.0,0.0,0.0,0.0,0.0
3549,0.0,0.0,0.0,0.0,0.0,0.0
3550,0.0,0.0,0.0,0.0,0.0,0.0
3551,0.0,0.0,0.0,0.0,0.0,0.0
3552,0.0,0.0,0.0,0.0,0.0,0.0
3553,0.0,0.0,0.0,0.0,0.0,0.0
3554,0.0,0.0,0.0,0.0007072135785007072,0.0,0.0
3555,0.0,0.0,0.0,0.0,0.0,0.0
3556,0.0,0.0,0.0,0.0,0.0,0.0
3557,0.0,0.0,0.0,0.04854368932038835,0.0,0.0
3558,0.0,0.0,0.0,0.2929292929292929,0.0,0.0
3559,0.0,0.0,0.0,0.0,0.0,0.0
3560,0.0,0.0,0.0,0.0,0.0,0.0
3561,0.0,0.0,0.0,0.0,0.0,0.0
3562,0.0,0.0,0.0,0.13768115942028986,0.0,0.0
3563,0.0,0.0,0.0,0.1016949152542373,0.0,0.0
3564,0.0,0.0,0.0,0.0,0.0,0.0
3565,0.0,0.0,0.0,0.0,0.0,0.0
3566,0.0,0.0,0.0,0.10818888224745964,0.0,0.0
3567,0.0,0.0,0.0,0.2301587301587301,0.0,0.0
3568,0.0,0.0,0.0,0.04297994269340974,0.0,0.0
3569,0.0,0.0,0.0,0.07692307692307693,0.0,0.0
3570,0.0,0.0,0.0,0.0,0.0,0.0
3571,0.061538461538461535,0.0,0.0,0.04615384615384616,0.0,0.0
3572,0.0,0.0,0.0,0.1265397536394177,0.0,0.0
3573,0.0,0.0,0.0,0.0,0.0,0.0
3574,0.0,0.0,0.0,0.0,0.0,0.0
3575,0.0,0.0,0.0,0.3605015673981191,0.0,0.0
3576,0.0,0.0,0.0,0.0851063829787234,0.0,0.0
3577,0.0,0.0,0.0,0.0,0.0,0.0
3578,0.0,0.0,0.0,0.11976047904191615,0.0,0.0
3579,0.0,0.0,0.0,0.04078857919782461,0.0,0.0
3580,0.0,0.0,0.0,0.0,0.0,0.0
3581,0.0,0.0,0.0,0.0,0.0,0.0
3582,0.0,0.0,0.0,0.017994858611825194,0.0,0.0
3583,0.0,0.0,0.0,0.0,0.0,0.0
3584,0.0,0.0,0.0,0.0,0.0,0.0
3585,0.0,0.0,0.0,0.06451612903225806,0.0,0.0
3586,0.0,0.0,0.0,0.0,0.0,0.0
3587,0.0,0.0,0.0,0.021261516654854717,0.0,0.0
3588,0.0,0.0,0.0,0.03125,0.0,0.0
3589,0.0,0.0,0.0,0.0,0.0,0.0
3590,0.0,0.0,0.0,0.0,0.0,0.0
3591,0.0,0.0,0.0,0.04804270462633452,0.0,0.0
3592,0.0,0.0,0.0,0.013513513513513514,0.0,0.0
3593,0.0,0.0,0.0,0.0,0.0,0.0
3594,0.0,0.0,0.0,0.0,0.0,0.0
3595,0.0,0.0,0.0,0.0,0.0,0.0
3596,0.0,0.0,0.0,0.0,0.0,0.0
3597,0.01205626255860683,0.0,0.0,0.01205626255860683,0.0,0.0
3598,0.0,0.0,0.0,0.025327510917030567,0.0,0.0
3599,0.0,0.0,0.0,0.0,0.0,0.0
3600,0.0,0.0,0.0,0.0,0.0,0.0
3601,0.0,0.0,0.0,0.0,0.0,0.0
3602,0.0,0.0,0.0,0.0,0.0,0.0
3603,0.0,0.0,0.0,0.0,0.0,0.0
3604,0.0,0.0,0.0,0.012313104661389622,0.0,0.0
3605,0.0,0.0,0.0,0.21739130434782608,0.0,0.0
3606,0.0,0.0,0.0,0.0,0.0,0.0
3607,0.0,0.0,0.0,0.0,0.0,0.0
3608,0.0,0.0,0.0,0.010276679841897231,0.0,0.0
3609,0.0,0.0,0.0,0.0,0.0,0.0
3610,0.0,0.0,0.0,0.0,0.0,0.0
3611,0.0,0.0,0.0,0.0,0.0,0.0
3612,0.0,0.0,0.0,0.05583756345177665,0.0,0.0
3613,0.0,0.0,0.0,0.0013736263736263735,0.0,0.0
3614,0.0,0.0,0.0,0.0,0.0,0.0
3615,0.0,0.0,0.0,0.0,0.0,0.0
3616,0.0,0.0,0.0,0.0,0.0,0.0
3617,0.0,0.0,0.0,0.0,0.0,0.0
3618,0.0,0.0,0.0,0.0,0.0,0.0
3619,0.0,0.0,0.0,0.08035714285714286,0.0,0.0
3620,0.0,0.0,0.0,0.14867617107942974,0.0,0.0
3621,0.0,0.0,0.0,0.0,0.0,0.0
3622,0.0,0.0,0.0,0.0,0.0,0.0
3623,0.0,0.0,0.0,0.0,0.0,0.0
3624,0.0,0.0,0.0,0.7142857142857143,0.0,0.0
3625,0.0,0.0,0.0,0.18863049095607234,0.0,0.0
3626,0.0,0.0,0.0,0.034505640345056404,0.0,0.0
3627,0.0,0.0,0.0,0.072992700729927,0.0,0.0
3628,0.0,0.0,0.0,0.19718309859154928,0.0,0.0
3629,0.0,0.0,0.0,0.05,0.0,0.0
3630,0.0,0.0,0.0,0.0,0.0,0.0
3631,0.0,0.0,0.0,0.029173419773095625,0.0,0.0
3632,0.0,0.0,0.0,0.0,0.0,0.0
3633,0.0,0.0,0.0,0.2884914463452566,0.0,0.0
3634,0.0,0.0,0.0,0.0,0.0,0.0
3635,0.0,0.0,0.0,0.14733542319749215,0.0,0.0
3636,0.0,0.0,0.0,0.0,0.0,0.0
3637,0.0,0.0,0.0,0.02427184466019417,0.0,0.0
3638,0.0,0.0,0.0,0.0,0.0,0.0
3639,0.0,0.0,0.0,0.0012594458438287153,0.0,0.0
3640,0.0,0.0,0.0,0.032520325203252036,0.0,0.0
3641,0.0,0.0,0.0,0.0,0.0,0.0
3642,0.0,0.0,0.0,0.057315233785822026,0.0,0.0
3643,0.0,0.0,0.0,0.027027027027027032,0.0,0.0
3644,0.0,0.0,0.0,0.0,0.0,0.0
3645,0.0,0.0,0.0,0.0,0.0,0.0
3646,0.0,0.0,0.0,0.0,0.0,0.0
3647,0.0,0.0,0.0,0.0,0.0,0.0
3648,0.0,0.0,0.0,0.0,0.0,0.0
3649,0.0,0.0,0.0,0.0,0.0,0.0
3650,0.0,0.0,0.0,0.0,0.0,0.0
3651,0.0,0.0,0.0,0.0,0.0,0.0
3652,0.0,0.0,0.0,0.0575609756097561,0.0,0.0
3653,0.0,0.0,0.0,0.0,0.0,0.0
3654,0.0,0.0,0.0,0.3483412322274881,0.0,0.0
3655,0.0,0.0,0.0,0.013959390862944164,0.0,0.0
3656,0.0,0.0,0.0,0.08108108108108109,0.0,0.0
3657,0.0,0.0,0.0,0.0,0.0,0.0
3658,0.0,0.0,0.0,0.0,0.0,0.0
3659,0.0,0.0,0.0,0.03473613894455578,0.0,0.0
3660,0.0,0.0,0.0,0.0,0.0,0.0
3661,0.0,0.0,0.0,0.0,0.0,0.0
3662,0.0,0.0,0.0,0.0,0.0,0.0
3663,0.0,0.0,0.0,0.06666666666666668,0.0,0.0
3664,0.0,0.0,0.0,0.25,0.0,0.0
3665,0.0,0.0,0.0,0.0,0.0,0.0
3666,0.0,0.0,0.0,0.0700888450148075,0.0,0.0
3667,0.0,0.0,0.0,0.04158145875937287,0.0,0.0
3668,0.0,0.0,0.0,0.0,0.0,0.0
3669,0.0,0.0,0.0,0.0,0.0,0.0
3670,0.0,0.0,0.0,0.0,0.0,0.0
3671,0.0,0.0,0.0,0.0,0.0,0.0
3672,0.0,0.0,0.0,0.3481481481481481,0.0,0.0
3673,0.0,0.0,0.0,0.0,0.0,0.0
3674,0.0,0.0,0.0,0.0,0.0,0.0
3675,0.0,0.0,0.0,0.0,0.0,0.0
3676,0.0,0.0,0.0,0.019424460431654675,0.0,0.0
3677,0.0,0.0,0.0,0.0,0.0,0.0
3678,0.0,0.0,0.0,0.0014084507042253524,0.0,0.0
3679,0.0,0.0,0.0,0.15535714285714286,0.0,0.0
3680,0.0,0.0,0.0,0.0,0.0,0.0
3681,0.0,0.0,0.0,0.0,0.0,0.0
3682,0.0,0.0,0.0,0.0,0.0,0.0
3683,0.0,0.0,0.0,0.0,0.0,0.0
3684,0.0,0.0,0.0,0.01643192488262911,0.0,0.0
3685,0.0,0.0,0.0,0.05637254901960784,0.0,0.0
3686,0.0,0.0,0.0,0.12522686025408347,0.0,0.0
3687,0.0,0.0,0.0,0.0,0.0,0.0
3688,0.0,0.0,0.0,0.001001001001001001,0.0,0.0
3689,0.0,0.0,0.0,0.01557632398753894,0.0,0.0
3690,0.03414634146341464,0.0,0.0,0.3853658536585366,0.0,0.0
3691,0.0,0.0,0.0,0.10414657666345227,0.0,0.0
3692,0.0,0.0,0.0,0.0,0.0,0.0
3693,0.0,0.0,0.0,0.0,0.0,0.0
3694,0.0,0.0,0.0,0.0,0.0,0.0
3695,0.0,0.0,0.0,0.0,0.0,0.0
3696,0.0,0.0,0.0,0.0,0.0,0.0
3697,0.055162659123055166,0.02263083451202263,0.0,0.3917963224893918,0.07072135785007072,0.042432814710042434
3698,0.0,0.0,0.0,0.0,0.0,0.0
3699,0.0,0.0,0.0,0.0,0.0,0.0
3700,0.0,0.0,0.0,0.09722222222222222,0.0,0.0
3701,0.0,0.0,0.0,0.018567639257294433,0.0,0.0
3702,0.0,0.0,0.0,0.027336860670194,0.0,0.0
3703,0.0,0.0,0.0,0.0,0.0,0.0
3704,0.0,0.0,0.0,0.2437120555073721,0.0,0.0
3705,0.0,0.0,0.0,0.014591439688715954,0.0,0.0
3706,0.0,0.0,0.0,0.0,0.0,0.0
3707,0.0,0.0,0.0,0.02339622641509434,0.0,0.0
3708,0.0,0.0,0.0,0.0,0.0,0.0
3709,0.0,0.0,0.0,0.09090909090909093,0.0,0.0
3710,0.0,0.0,0.0,0.0,0.0,0.0
3711,0.0,0.0,0.0,0.0,0.0,0.0
3712,0.0,0.0,0.0,0.010501750291715286,0.0,0.0
3713,0.0,0.0,0.0,0.009671179883945842,0.0,0.0
3714,0.0,0.0,0.0,0.07100591715976333,0.02071005917159764,0.02071005917159764
3715,0.0,0.0,0.0,0.0,0.0,0.0
3716,0.0,0.0,0.0,0.029726516052318668,0.0,0.0
3717,0.025416301489921123,0.0,0.0,0.1971954425942156,0.0,0.0
3718,0.0,0.0,0.0,0.04215304798962387,0.0,0.0
3719,0.0,0.0,0.0,0.0,0.0,0.0
3720,0.0,0.0,0.0,0.0,0.0,0.0
3721,0.0,0.0,0.0,0.0,0.0,0.0
3722,0.0,0.0,0.0,0.0,0.0,0.0
3723,0.0,0.0,0.0,0.0,0.0,0.0
3724,0.0,0.0,0.0,0.030612244897959183,0.0,0.0
3725,0.0,0.0,0.0,0.025790349417637276,0.0,0.0
3726,0.0,0.0,0.0,0.0,0.0,0.0
3727,0.0,0.0,0.0,0.012367491166077738,0.0,0.0
3728,0.0,0.0,0.0,0.0,0.0,0.0
3729,0.0,0.0,0.0,0.0,0.0,0.0
3730,0.0,0.0,0.0,0.04108391608391608,0.0,0.0
3731,0.0,0.0,0.0,0.003952569169960474,0.0,0.0
3732,0.0,0.0,0.0,0.01791044776119403,0.0,0.0
3733,0.0,0.0,0.0,0.0,0.0,0.0
3734,0.0,0.0,0.0,0.0,0.0,0.0
3735,0.0,0.0,0.0,0.07692307692307693,0.0,0.0
3736,0.0,0.0,0.0,0.0,0.0,0.0
3737,0.027992277992277992,0.0,0.0,0.21138996138996136,0.0,0.0
3738,0.0,0.0,0.0,0.06332757628094415,0.0,0.0
3739,0.0,0.0,0.0,0.02925989672977625,0.0,0.0
3740,0.0,0.0,0.0,0.0,0.0,0.0
3741,0.0,0.0,0.0,0.017034068136272545,0.0,0.0
3742,0.0,0.0,0.0,0.256140350877193,0.0,0.0
3743,0.0,0.0,0.0,0.03496503496503497,0.0,0.0
3744,0.0,0.0,0.0,0.015142337976983647,0.0,0.0
3745,0.008583690987124462,0.0,0.0,0.023366714353838816,0.0,0.0
3746,0.0,0.0,0.0,0.021215043394406944,0.0,0.0
3747,0.0,0.0,0.0,0.1111878453038674,0.0,0.0
3748,0.0,0.0,0.0,0.0,0.0,0.0
3749,0.0,0.0,0.0,0.0,0.0,0.0
3750,0.0,0.0,0.0,0.05559322033898305,0.0,0.0
3751,0.0,0.0,0.0,0.0,0.0,0.0
3752,0.0,0.0,0.0,0.03614457831325301,0.0,0.0
3753,0.0,0.0,0.0,0.0,0.0,0.0
3754,0.0,0.0,0.0,0.052083333333333336,0.0,0.0
3755,0.0,0.0,0.0,0.0,0.0,0.0
3756,0.0,0.0,0.0,0.0,0.0,0.0
3757,0.0,0.0,0.0,0.006,0.0,0.0
3758,0.0,0.0,0.0,0.0,0.0,0.0
3759,0.0,0.0,0.0,0.08440366972477065,0.0,0.0
3760,0.0,0.0,0.0,0.0851063829787234,0.0,0.0
3761,0.0,0.0,0.0,0.019230769230769232,0.0,0.0
3762,0.0,0.0,0.0,0.035075653370013754,0.0,0.0
3763,0.0,0.0,0.0,0.0,0.0,0.0
3764,0.0,0.0,0.0,0.0,0.0,0.0
3765,0.0,0.0,0.0,0.0,0.0,0.0
3766,0.0,0.0,0.0,0.0,0.0,0.0
3767,0.0,0.0,0.0,0.0,0.0,0.0
3768,0.0,0.0,0.0,0.3912337662337662,0.0,0.0
3769,0.0,0.0,0.0,0.0,0.0,0.0
3770,0.0,0.0,0.0,0.29310344827586204,0.0,0.0
3771,0.0,0.0,0.0,0.09613656783468104,0.0,0.0
3772,0.0,0.0,0.0,0.0,0.0,0.0
3773,0.0,0.0,0.0,0.001272264631043257,0.0,0.0
3774,0.0,0.0,0.0,0.0,0.0,0.0
3775,0.0,0.0,0.0,0.03937007874015748,0.0,0.0
3776,0.0,0.0,0.0,0.0,0.0,0.0
3777,0.0,0.0,0.0,0.0,0.0,0.0
3778,0.0,0.0,0.0,0.07776962582538519,0.0,0.0
3779,0.0,0.0,0.0,0.0,0.0,0.0
3780,0.0,0.0,0.0,0.049872122762148335,0.0,0.0
3781,0.0,0.0,0.0,0.13392857142857142,0.0,0.0
3782,0.0,0.0,0.0,0.028413575374901343,0.0,0.0
3783,0.0,0.0,0.0,0.0,0.0,0.0
3784,0.0,0.0,0.0,0.004648460197559558,0.0,0.0
3785,0.0,0.0,0.0,0.0,0.0,0.0
3786,0.0,0.0,0.0,0.0,0.0,0.0
3787,0.0,0.0,0.0,0.0,0.0,0.0
3788,0.0,0.0,0.0,0.0,0.0,0.0
3789,0.0,0.0,0.0,0.0,0.0,0.0
3790,0.0,0.0,0.0,0.09551656920077972,0.0,0.0
3791,0.0,0.0,0.0,0.01622718052738337,0.0,0.0
3792,0.0,0.0,0.0,0.0,0.0,0.0
3793,0.0,0.0,0.0,0.03807106598984772,0.0,0.0
3794,0.0,0.0,0.0,0.017950635751682868,0.0,0.0
3795,0.0,0.0,0.0,0.1285591026747196,0.0,0.0
3796,0.0,0.0,0.0,0.001212121212121212,0.0,0.0
3797,0.0,0.0,0.0,0.0,0.0,0.0
3798,0.0,0.0,0.0,0.0,0.0,0.0
3799,0.0,0.0,0.0,0.0,0.0,0.0
3800,0.0,0.0,0.0,0.011614401858304296,0.0,0.0
3801,0.0,0.0,0.0,0.01043338683788122,0.0,0.0
3802,0.0,0.0,0.0,0.0,0.0,0.0
3803,0.0,0.0,0.0,0.08643042350907519,0.0,0.0
3804,0.0,0.0,0.0,0.0,0.0,0.0
3805,0.0,0.0,0.0,0.0,0.0,0.0
3806,0.0,0.0,0.0,0.0,0.0,0.0
3807,0.0,0.0,0.0,0.002394253790901836,0.0,0.0
3808,0.0,0.0,0.0,0.0,0.0,0.0
3809,0.0,0.0,0.0,0.0018115942028985507,0.0,0.0
3810,0.0,0.0,0.0,0.0,0.0,0.0
3811,0.0,0.0,0.0,0.07009345794392523,0.0,0.0
3812,0.0,0.0,0.0,0.1509433962264151,0.0,0.0
3813,0.0,0.0,0.0,0.0,0.0,0.0
3814,0.0,0.0,0.0,0.4035346097201768,0.0,0.0
3815,0.0,0.0,0.0,0.0,0.0,0.0
3816,0.0,0.0,0.0,0.0,0.0,0.0
3817,0.0,0.0,0.0,0.0,0.0,0.0
3818,0.0,0.0,0.0,0.0,0.0,0.0
3819,0.0,0.0,0.0,0.13559322033898305,0.0,0.0
3820,0.0,0.0,0.0,0.0,0.0,0.0
3821,0.0,0.0,0.0,0.0,0.0,0.0
3822,0.0,0.0,0.0,0.0,0.0,0.0
3823,0.0,0.0,0.0,0.14285714285714285,0.0,0.0
3824,0.0,0.0,0.0,0.0,0.0,0.0
3825,0.0,0.0,0.0,0.02069857697283312,0.0,0.0
3826,0.0,0.0,0.0,0.0,0.0,0.0
3827,0.0,0.0,0.0,0.2103585657370518,0.0,0.0
3828,0.0,0.0,0.0,0.0,0.0,0.0
3829,0.0,0.0,0.0,0.04692556634304207,0.0,0.0
3830,0.0,0.0,0.0,0.0,0.0,0.0
3831,0.0,0.0,0.0,0.0633879781420765,0.0,0.0
3832,0.0,0.0,0.0,0.014814814814814815,0.0,0.0
3833,0.0,0.0,0.0,0.0,0.0,0.0
3834,0.0,0.0,0.0,0.2411660777385159,0.0,0.0
3835,0.0,0.0,0.0,0.056127221702525716,0.0,0.0
3836,0.0,0.0,0.0,0.0,0.0,0.0
3837,0.0,0.0,0.0,0.0,0.0,0.0
3838,0.0,0.0,0.0,0.00804289544235925,0.0,0.0
3839,0.0,0.0,0.0,0.0,0.0,0.0
3840,0.04482758620689655,0.022413793103448282,0.022413793103448282,0.08793103448275863,0.0,0.0
3841,0.0,0.0,0.0,0.0,0.0,0.0
3842,0.0,0.0,0.0,0.0,0.0,0.0
3843,0.0,0.0,0.0,0.0,0.0,0.0
3844,0.0,0.0,0.0,0.0,0.0,0.0
3845,0.0,0.0,0.0,0.0,0.0,0.0
3846,0.0,0.0,0.0,0.025477707006369428,0.0,0.0
3847,0.0,0.0,0.0,0.22375,0.0,0.0
3848,0.0,0.0,0.0,0.0,0.0,0.0
3849,0.0,0.0,0.0,0.13640167364016734,0.0,0.0
3850,0.04383561643835617,0.0,0.0,0.1232876712328767,0.04383561643835617,0.04383561643835617
3851,0.0,0.0,0.0,0.029620853080568717,0.0,0.0
3852,0.0,0.0,0.0,0.0,0.0,0.0
3853,0.0,0.0,0.0,0.0,0.0,0.0
3854,0.0,0.0,0.0,0.0,0.0,0.0
3855,0.0,0.0,0.0,0.0,0.0,0.0
3856,0.0,0.0,0.0,0.0,0.0,0.0
3857,0.0,0.0,0.0,0.08688699360341151,0.0,0.0
3858,0.0,0.0,0.0,0.017543859649122806,0.0,0.0
3859,0.0,0.0,0.0,0.02176470588235294,0.0,0.0
3860,0.07803867403314918,0.0,0.0,0.2334254143646409,0.020027624309392263,0.020027624309392263
3861,0.0,0.0,0.0,0.0,0.0,0.0
3862,0.0,0.0,0.0,0.0021164021164021165,0.0,0.0
3863,0.0,0.0,0.0,0.0,0.0,0.0
3864,0.043616177636796184,0.0,0.0,0.07930214115781126,0.0,0.0
3865,0.0,0.0,0.0,0.0,0.0,0.0
3866,0.0,0.0,0.0,0.06462212486308871,0.0,0.0
3867,0.0,0.0,0.0,0.012224938875305624,0.0,0.0
3868,0.019792648444863337,0.0,0.0,0.2384542884071631,0.0,0.0
3869,0.0,0.0,0.0,0.0,0.0,0.0
3870,0.0,0.0,0.0,0.0,0.0,0.0
3871,0.0,0.0,0.0,0.0,0.0,0.0
3872,0.0,0.0,0.0,0.0,0.0,0.0
3873,0.0,0.0,0.0,0.1948051948051948,0.0,0.0
3874,0.0,0.0,0.0,0.291970802919708,0.0,0.0
3875,0.0,0.0,0.0,0.0,0.0,0.0
3876,0.0,0.0,0.0,0.1291161178509532,0.0,0.0
3877,0.0,0.0,0.0,0.030601092896174863,0.0,0.0
3878,0.0,0.0,0.0,0.0,0.0,0.0
3879,0.0,0.0,0.0,0.0,0.0,0.0
3880,0.0,0.0,0.0,0.000975609756097561,0.0,0.0
3881,0.0,0.0,0.0,0.0,0.0,0.0
3882,0.0,0.0,0.0,0.0,0.0,0.0
3883,0.0,0.0,0.0,0.0,0.0,0.0
3884,0.0,0.0,0.0,0.031914893617021274,0.0,0.0
3885,0.0,0.0,0.0,0.0,0.0,0.0
3886,0.0,0.0,0.0,0.0,0.0,0.0
3887,0.0,0.0,0.0,0.0,0.0,0.0
3888,0.0,0.0,0.0,0.000846740050804403,0.0,0.0
3889,0.0,0.0,0.0,0.0,0.0,0.0
3890,0.0,0.0,0.0,0.060126582278481014,0.0,0.0
3891,0.0,0.0,0.0,0.005291005291005291,0.0,0.0
3892,0.0,0.0,0.0,0.0,0.0,0.0
3893,0.0,0.0,0.0,0.0,0.0,0.0
3894,0.0,0.0,0.0,0.26666666666666666,0.0,0.0
3895,0.0,0.0,0.0,0.0,0.0,0.0
3896,0.0,0.0,0.0,0.0,0.0,0.0
3897,0.0,0.0,0.0,0.0,0.0,0.0
3898,0.0,0.0,0.0,0.0,0.0,0.0
3899,0.0,0.0,0.0,0.19386909693454848,0.0,0.0
3900,0.0,0.0,0.0,0.0,0.0,0.0
3901,0.0,0.0,0.0,0.08669950738916256,0.0,0.0
3902,0.0,0.0,0.0,0.0,0.0,0.0
3903,0.0,0.0,0.0,0.3478260869565217,0.0,0.0
3904,0.0,0.0,0.0,0.01281085154483798,0.0,0.0
3905,0.0,0.0,0.0,0.11188811188811187,0.0,0.0
3906,0.0,0.0,0.0,0.06027397260273973,0.0,0.0
3907,0.0,0.0,0.0,0.0,0.0,0.0
3908,0.0,0.0,0.0,0.0,0.0,0.0
3909,0.0,0.0,0.0,0.0,0.0,0.0
3910,0.0,0.0,0.0,0.0,0.0,0.0
3911,0.0,0.0,0.0,0.0,0.0,0.0
3912,0.0,0.0,0.0,0.0,0.0,0.0
3913,0.0,0.0,0.0,0.0,0.0,0.0
3914,0.0,0.0,0.0,0.0,0.0,0.0
3915,0.0,0.0,0.0,0.0,0.0,0.0
3916,0.0,0.0,0.0,0.0,0.0,0.0
3917,0.0,0.0,0.0,0.17360285374554102,0.0,0.0
3918,0.0,0.0,0.0,0.016696481812760882,0.0,0.0
3919,0.0,0.0,0.0,0.0016233766233766235,0.0,0.0
3920,0.0,0.0,0.0,0.0,0.0,0.0
3921,0.0,0.0,0.0,0.001919385796545105,0.0,0.0
3922,0.0,0.0,0.0,0.023030303030303033,0.0,0.0
3923,0.0,0.0,0.0,0.0,0.0,0.0
3924,0.0,0.0,0.0,0.0,0.0,0.0
3925,0.0,0.0,0.0,0.0,0.0,0.0
3926,0.0,0.0,0.0,0.0,0.0,0.0
3927,0.0,0.0,0.0,0.225,0.0,0.0
3928,0.0,0.0,0.0,0.0,0.0,0.0
3929,0.0,0.0,0.0,0.08856502242152467,0.0,0.0
3930,0.0,0.0,0.0,0.016899338721528292,0.0,0.0
3931,0.0,0.0,0.0,0.0,0.0,0.0
3932,0.0,0.0,0.0,0.0,0.0,0.0
3933,0.0,0.0,0.0,0.0540084388185654,0.0,0.0
3934,0.0,0.0,0.0,0.0,0.0,0.0
3935,0.0,0.0,0.0,0.06973768394113884,0.0,0.0
3936,0.0,0.0,0.0,0.09134615384615384,0.0,0.0
3937,0.0,0.0,0.0,0.01478599221789883,0.0,0.0
3938,0.0,0.0,0.0,0.0,0.0,0.0
3939,0.0,0.0,0.0,0.05934242181234964,0.0,0.0
3940,0.0,0.0,0.0,0.040404040404040414,0.0,0.0
3941,0.0,0.0,0.0,0.17735042735042736,0.0,0.0
3942,0.0,0.0,0.0,0.0,0.0,0.0
3943,0.0,0.0,0.0,0.0,0.0,0.0
3944,0.0,0.0,0.0,0.0,0.0,0.0
3945,0.0,0.0,0.0,0.0014440433212996391,0.0,0.0
3946,0.0,0.0,0.0,0.0,0.0,0.0
3947,0.0,0.0,0.0,0.0,0.0,0.0
3948,0.0,0.0,0.0,0.0,0.0,0.0
3949,0.0,0.0,0.0,0.0,0.0,0.0
3950,0.0,0.0,0.0,0.0,0.0,0.0
3951,0.0,0.0,0.0,0.019830028328611898,0.0,0.0
3952,0.0,0.0,0.0,0.04431314623338257,0.0,0.0
3953,0.0,0.0,0.0,0.0,0.0,0.0
3954,0.0,0.0,0.0,0.0,0.0,0.0
3955,0.0,0.0,0.0,0.010367577756833177,0.0,0.0
3956,0.0,0.0,0.0,0.0,0.0,0.0
3957,0.0,0.0,0.0,0.004410838059231254,0.0,0.0
3958,0.0,0.0,0.0,0.0,0.0,0.0
3959,0.0,0.0,0.0,0.0,0.0,0.0
3960,0.0,0.0,0.0,0.0,0.0,0.0
3961,0.0,0.0,0.0,0.0,0.0,0.0
3962,0.0,0.0,0.0,0.0,0.0,0.0
3963,0.0,0.0,0.0,0.05617977528089888,0.0,0.0
3964,0.0,0.0,0.0,0.010638297872340424,0.0,0.0
3965,0.0,0.0,0.0,0.11285266457680253,0.0,0.0
3966,0.0,0.0,0.0,0.075,0.0,0.0
3967,0.0,0.0,0.0,0.024861878453038676,0.0,0.0
3968,0.0,0.0,0.0,0.02600780234070221,0.0,0.0
3969,0.0,0.0,0.0,0.0,0.0,0.0
3970,0.0,0.0,0.0,0.0,0.0,0.0
3971,0.0,0.0,0.0,0.2325581395348837,0.0,0.0
3972,0.0,0.0,0.0,0.0,0.0,0.0
3973,0.0,0.0,0.0,0.0,0.0,0.0
3974,0.0,0.0,0.0,0.0,0.0,0.0
3975,0.0,0.0,0.0,0.0,0.0,0.0
3976,0.0,0.0,0.0,0.02042483660130719,0.0,0.0
3977,0.0,0.0,0.0,0.08549222797927461,0.0,0.0
3978,0.0,0.0,0.0,0.0024630541871921183,0.0,0.0
3979,0.0,0.0,0.0,0.15789473684210525,0.0,0.0
3980,0.0,0.0,0.0,0.0,0.0,0.0
3981,0.0,0.0,0.0,0.0,0.0,0.0
3982,0.0,0.0,0.0,0.04551630434782609,0.0,0.0
3983,0.0,0.0,0.0,0.0,0.0,0.0
3984,0.0,0.0,0.0,0.0,0.0,0.0
3985,0.0,0.0,0.0,0.0958904109589041,0.0,0.0
3986,0.0,0.0,0.0,0.0,0.0,0.0
3987,0.0,0.0,0.0,0.11037527593818984,0.0,0.0
3988,0.0,0.0,0.0,0.06906906906906908,0.0,0.0
3989,0.0,0.0,0.0,0.0,0.0,0.0
3990,0.0,0.0,0.0,0.0,0.0,0.0
3991,0.0,0.0,0.0,0.0,0.0,0.0
3992,0.0,0.0,0.0,0.0,0.0,0.0
3993,0.0,0.0,0.0,0.0,0.0,0.0
3994,0.0,0.0,0.0,0.0,0.0,0.0
3995,0.0,0.0,0.0,0.0,0.0,0.0
3996,0.0,0.0,0.0,0.09389671361502347,0.0,0.0
3997,0.0,0.0,0.0,0.03636363636363636,0.0,0.0
3998,0.0,0.0,0.0,0.0,0.0,0.0
3999,0.0,0.0,0.0,0.0,0.0,0.0
4000,0.0,0.0,0.0,0.024922118380062305,0.0,0.0
4001,0.0,0.0,0.0,0.0,0.0,0.0
4002,0.0,0.0,0.0,0.0,0.0,0.0
4003,0.0,0.0,0.0,0.0,0.0,0.0
4004,0.0,0.0,0.0,0.05194805194805195,0.0,0.0
4005,0.08064516129032258,0.0,0.0,0.1989247311827957,0.04301075268817205,0.04301075268817205
4006,0.0,0.0,0.0,0.0561622464898596,0.0,0.0
4007,0.0,0.0,0.0,0.0,0.0,0.0
4008,0.0,0.0,0.0,0.0,0.0,0.0
4009,0.0,0.0,0.0,0.018425460636515914,0.0,0.0
4010,0.0,0.0,0.0,0.10282776349614396,0.0,0.0
4011,0.0,0.025219298245614037,0.0,0.2576754385964912,0.0,0.0
4012,0.0,0.0,0.0,0.1409961685823755,0.0,0.0
4013,0.0,0.0,0.0,0.010181818181818184,0.0,0.0
4014,0.0,0.0,0.0,0.09220985691573927,0.0,0.0
4015,0.0,0.0,0.0,0.06265984654731457,0.0,0.0
4016,0.0,0.0,0.0,0.0,0.0,0.0
4017,0.0,0.0,0.0,0.0,0.0,0.0
4018,0.0,0.0,0.0,0.06802721088435375,0.0,0.0
4019,0.0,0.0,0.0,0.0,0.0,0.0
4020,0.0,0.0,0.0,0.11351351351351352,0.0,0.0
4021,0.0,0.0,0.0,0.08660351826792964,0.0,0.0
4022,0.0,0.0,0.0,0.0,0.0,0.0
4023,0.0,0.0,0.0,0.0,0.0,0.0
4024,0.0,0.0,0.0,0.022140221402214017,0.0,0.0
4025,0.0076838638858397375,0.0,0.0,0.00987925356750823,0.0,0.0
4026,0.0,0.0,0.0,0.0,0.0,0.0
4027,0.0,0.0,0.0,0.0,0.0,0.0
4028,0.0,0.0,0.0,0.0,0.0,0.0
4029,0.0,0.0,0.0,0.0,0.0,0.0
4030,0.0,0.0,0.0,0.0,0.0,0.0
4031,0.0,0.0,0.0,0.0,0.0,0.0
4032,0.0,0.0,0.0,0.07191011235955057,0.0,0.0
4033,0.0,0.0,0.0,0.0,0.0,0.0
4034,0.031216361679224976,0.0,0.0,0.2346609257265877,0.04090419806243272,0.04090419806243272
4035,0.0,0.0,0.0,0.0,0.0,0.0
4036,0.0,0.0,0.0,0.0,0.0,0.0
4037,0.0,0.0,0.0,0.0,0.0,0.0
4038,0.0,0.0,0.0,0.0,0.0,0.0
4039,0.0,0.0,0.0,0.0,0.0,0.0
4040,0.0,0.0,0.0,0.0,0.0,0.0
4041,0.07818181818181819,0.0,0.0,0.054545454545454536,0.0,0.0
4042,0.0,0.0,0.0,0.08955223880597014,0.0,0.0
4043,0.0,0.0,0.0,0.0,0.0,0.0
4044,0.0,0.0,0.0,0.0,0.0,0.0
4045,0.0,0.0,0.0,0.0,0.0,0.0
4046,0.0,0.0,0.0,0.008460236886632827,0.0,0.0
4047,0.0,0.0,0.0,0.0,0.0,0.0
4048,0.0,0.0,0.0,0.0015174506828528073,0.0,0.0
4049,0.0,0.0,0.0,0.0,0.0,0.0
4050,0.0,0.0,0.0,0.0,0.0,0.0
4051,0.0,0.0,0.0,0.031088082901554407,0.0,0.0
4052,0.0,0.0,0.0,0.0,0.0,0.0
4053,0.0,0.0,0.0,0.17837465564738292,0.0,0.0
4054,0.0,0.0,0.0,0.0,0.0,0.0
4055,0.0,0.0,0.0,0.015584415584415584,0.0,0.0
4056,0.0,0.0,0.0,0.02333931777378815,0.0,0.0
4057,0.0,0.0,0.0,0.02205882352941177,0.0,0.0
4058,0.0,0.0,0.0,0.01153846153846154,0.0,0.0
4059,0.0,0.0,0.0,0.0,0.0,0.0
4060,0.0,0.0,0.0,0.07200000000000001,0.0,0.0
4061,0.0,0.0,0.0,0.015782828282828284,0.0,0.0
4062,0.0,0.0,0.0,0.018638573743922204,0.0,0.0
4063,0.0,0.0,0.0,0.05319148936170213,0.0,0.0
4064,0.0,0.0,0.0,0.09053497942386833,0.0,0.0
4065,0.0,0.0,0.0,0.0,0.0,0.0
4066,0.0,0.0,0.0,0.007007007007007007,0.0,0.0
4067,0.0,0.0,0.0,0.0,0.0,0.0
4068,0.0,0.0,0.0,0.03165298944900352,0.0,0.0
4069,0.0,0.0,0.0,0.12160566706021253,0.0,0.0
4070,0.0,0.0,0.0,0.0,0.0,0.0
4071,0.0,0.0,0.0,0.061278863232682064,0.0,0.0
4072,0.0,0.0,0.0,0.0,0.0,0.0
4073,0.0,0.0,0.0,0.0054794520547945215,0.0,0.0
4074,0.0,0.0,0.0,0.11871657754010695,0.0,0.0
4075,0.0,0.0,0.0,0.0,0.0,0.0
4076,0.0,0.0,0.0,0.010228166797797013,0.0,0.0
4077,0.0,0.0,0.0,0.0,0.0,0.0
4078,0.0,0.0,0.0,0.0,0.0,0.0
4079,0.0,0.0,0.0,0.0,0.0,0.0
4080,0.0,0.0,0.0,0.06222222222222223,0.0,0.0
4081,0.0,0.0,0.0,0.017391304347826087,0.0,0.0
4082,0.0,0.0,0.0,0.0,0.0,0.0
4083,0.0,0.0,0.0,0.05232558139534884,0.0,0.0
4084,0.0,0.0,0.0,0.17818574514038876,0.0,0.0
4085,0.0,0.0,0.0,0.0,0.0,0.0
4086,0.0,0.0,0.0,0.0,0.0,0.0
4087,0.0,0.0,0.0,0.0,0.0,0.0
4088,0.0,0.0,0.0,0.049504950495049514,0.0,0.0
4089,0.0,0.0,0.0,0.0,0.0,0.0
4090,0.0,0.0,0.0,0.054592164418754016,0.0,0.0
4091,0.0,0.0,0.0,0.0,0.0,0.0
4092,0.0,0.0,0.0,0.0,0.0,0.0
4093,0.0,0.0,0.0,0.08470764617691154,0.0,0.0
4094,0.0,0.0,0.0,0.0,0.0,0.0
4095,0.0,0.0,0.0,0.03571428571428571,0.0,0.0
4096,0.0,0.0,0.0,0.0,0.0,0.0
4097,0.0,0.0,0.0,0.0,0.0,0.0
4098,0.0,0.0,0.0,0.0,0.0,0.0
4099,0.0,0.0,0.0,0.15306122448979592,0.0,0.0
4100,0.0,0.0,0.0,0.0,0.0,0.0
4101,0.0,0.0,0.0,0.0,0.0,0.0
4102,0.0,0.0,0.0,0.0,0.0,0.0
4103,0.0,0.0,0.0,0.0,0.0,0.0
4104,0.0,0.0,0.0,0.0,0.0,0.0
4105,0.0,0.0,0.0,0.0,0.0,0.0
4106,0.0,0.0,0.0,0.12350597609561753,0.0,0.0
4107,0.0,0.0,0.0,0.024128686327077747,0.0,0.0
4108,0.0,0.0,0.0,0.2603036876355748,0.0,0.0
4109,0.0,0.0,0.0,0.0,0.0,0.0
4110,0.0,0.0,0.0,0.08155339805825243,0.0,0.0
4111,0.0,0.0,0.0,0.0,0.0,0.0
4112,0.0,0.0,0.0,0.0,0.0,0.0
4113,0.0,0.0,0.0,0.0,0.0,0.0
4114,0.0,0.0,0.0,0.0,0.0,0.0
4115,0.0,0.0,0.0,0.0,0.0,0.0
4116,0.0,0.0,0.0,0.01478494623655914,0.0,0.0
4117,0.0,0.0,0.0,0.0,0.0,0.0
4118,0.0,0.0,0.0,0.06022187004754359,0.0,0.0
4119,0.054600606673407485,0.054600606673407485,0.0262891809908999,0.12841253791708795,0.0,0.0
4120,0.0,0.0,0.0,0.12131596984235778,0.0,0.0
4121,0.0,0.0,0.0,0.0,0.0,0.0
4122,0.0,0.0,0.0,0.018027571580063628,0.0,0.0
4123,0.0,0.0,0.0,0.0,0.0,0.0
4124,0.0,0.0,0.0,0.0,0.0,0.0
4125,0.0,0.0,0.0,0.0,0.0,0.0
4126,0.0,0.0,0.0,0.0,0.0,0.0
4127,0.0,0.0,0.0,0.0,0.0,0.0
4128,0.0,0.0,0.0,0.13471502590673576,0.0,0.0
4129,0.0,0.0,0.0,0.05,0.0,0.0
4130,0.0,0.0,0.0,0.20930232558139536,0.0,0.0
4131,0.0,0.0,0.0,0.015807560137457044,0.0,0.0
4132,0.0,0.0,0.0,0.0041884816753926715,0.0,0.0
4133,0.0,0.0,0.0,0.0,0.0,0.0
4134,0.0,0.0,0.0,0.02423698384201077,0.0,0.0
4135,0.0,0.0,0.0,0.07462686567164177,0.0,0.0
4136,0.0,0.0,0.0,0.009699321047526674,0.0,0.0
4137,0.0,0.0,0.0,0.00796812749003984,0.0,0.0
4138,0.0,0.0,0.0,0.0246800731261426,0.0,0.0
4139,0.0,0.0,0.0,0.22748815165876776,0.0,0.0
4140,0.0,0.0,0.0,0.02531645569620253,0.0,0.0
4141,0.0,0.0,0.0,0.02321981424148607,0.0,0.0
4142,0.0,0.0,0.0,0.0,0.0,0.0
4143,0.0,0.0,0.0,0.007092198581560284,0.0,0.0
4144,0.0,0.0,0.0,0.0,0.0,0.0
4145,0.0,0.0,0.0,0.0,0.0,0.0
4146,0.0,0.0,0.0,0.006437768240343348,0.0,0.0
4147,0.0,0.0,0.0,0.0,0.0,0.0
4148,0.0,0.0,0.0,0.04,0.0,0.0
4149,0.0,0.0,0.0,0.4592760180995475,0.0,0.0
4150,0.0,0.0,0.0,0.0,0.0,0.0
4151,0.0,0.0,0.0,0.0,0.0,0.0
4152,0.0,0.0,0.0,0.0,0.0,0.0
4153,0.0,0.0,0.0,0.0,0.0,0.0
4154,0.0,0.0,0.0,0.3126861226920786,0.0,0.01786777843954735
4155,0.0,0.0,0.0,0.0,0.0,0.0
4156,0.0,0.0,0.0,0.0,0.0,0.0
4157,0.02015503875968992,0.0,0.0,0.2062015503875969,0.0,0.0
4158,0.0,0.0,0.0,0.02836879432624113,0.0,0.0
4159,0.0,0.0,0.0,0.023411371237458192,0.0,0.0
4160,0.0,0.0,0.0,0.0,0.0,0.0
4161,0.0,0.0,0.0,0.10109622411693056,0.0,0.0
4162,0.0,0.0,0.0,0.05997001499250375,0.0,0.0
4163,0.0,0.0,0.0,0.05882352941176471,0.0,0.0
4164,0.0,0.0,0.0,0.0,0.0,0.0
4165,0.0,0.0,0.0,0.0,0.0,0.0
4166,0.0,0.0,0.0,0.09473684210526316,0.0,0.0
4167,0.0,0.0,0.0,0.0,0.0,0.0
4168,0.0,0.0,0.0,0.0,0.0,0.0
4169,0.0,0.0,0.0,0.021645021645021644,0.0,0.0
4170,0.0,0.0,0.0,0.13043478260869565,0.0,0.0
4171,0.0,0.0,0.0,0.0,0.0,0.0
4172,0.0,0.0,0.0,0.02741116751269036,0.0,0.0
4173,0.0,0.0,0.0,0.10886075949367087,0.0,0.0
4174,0.0,0.0,0.0,0.0,0.0,0.0
4175,0.0,0.0,0.0,0.14416243654822336,0.0,0.0
4176,0.0,0.0,0.0,0.0,0.0,0.0
4177,0.0,0.0,0.0,0.03180212014134275,0.0,0.0
4178,0.0,0.0,0.0,0.07012987012987013,0.0,0.0
4179,0.0,0.0,0.0,0.0,0.0,0.0
4180,0.0,0.0,0.0,0.0,0.0,0.0
4181,0.0,0.0,0.0,0.015817223198594025,0.0,0.0
4182,0.0,0.0,0.0,0.03853211009174312,0.0,0.0
4183,0.0,0.0,0.0,0.1893939393939394,0.0,0.0
4184,0.0,0.0,0.0,0.0,0.0,0.0
4185,0.0,0.0,0.0,0.0825242718446602,0.0,0.0
4186,0.0,0.0,0.0,0.0,0.0,0.0
4187,0.0,0.0,0.0,0.04017857142857143,0.0,0.0
4188,0.0,0.0,0.0,0.0,0.0,0.0
4189,0.04519774011299435,0.0,0.0,0.1016949152542373,0.0,0.0
4190,0.0,0.0,0.0,0.02424242424242424,0.0,0.0
4191,0.0,0.0,0.0,0.045887961859356376,0.0,0.0
4192,0.0,0.0,0.0,0.0,0.0,0.0
4193,0.0,0.0,0.0,0.013460015835312748,0.0,0.0
4194,0.0,0.0,0.0,0.0,0.0,0.0
4195,0.0,0.0,0.0,0.0,0.0,0.0
4196,0.0,0.0,0.0,0.01844532279314888,0.0,0.0
4197,0.0,0.0,0.0,0.0,0.0,0.0
4198,0.0,0.0,0.0,0.0,0.0,0.0
4199,0.0,0.0,0.0,0.0,0.0,0.0
4200,0.0,0.0,0.0,0.0,0.0,0.0
4201,0.0,0.0,0.0,0.062146892655367235,0.0,0.0
4202,0.0,0.0,0.0,0.2637661454792658,0.020394289598912305,0.020394289598912305
4203,0.0,0.0,0.0,0.0,0.0,0.0
4204,0.0,0.0,0.0,0.08482142857142858,0.0,0.0
4205,0.0,0.0,0.0,0.0,0.0,0.0
4206,0.0,0.0,0.0,0.09886937695453453,0.006495068559057011,0.006495068559057011
4207,0.0,0.0,0.0,0.0,0.0,0.0
4208,0.0,0.0,0.0,0.0,0.0,0.0
4209,0.0,0.0,0.0,0.0022396416573348264,0.0,0.0
4210,0.0,0.0,0.0,0.0,0.0,0.0
4211,0.0,0.0,0.0,0.023010546500479387,0.0,0.0
4212,0.0,0.0,0.0,0.06423357664233577,0.0,0.0
4213,0.0,0.0,0.0,0.0,0.0,0.0
4214,0.0,0.0,0.0,0.05639614855570839,0.0,0.0
4215,0.0,0.0,0.0,0.2301304863582444,0.0,0.0
4216,0.0,0.0,0.0,0.2539893617021277,0.0013297872340425534,0.0
4217,0.0,0.0,0.0,0.034188034188034185,0.0,0.0
4218,0.0,0.0,0.0,0.01440329218106996,0.0,0.0
4219,0.0,0.0,0.0,0.0,0.0,0.0
4220,0.0,0.0,0.0,0.0,0.0,0.0
4221,0.0,0.0,0.0,0.021137026239067054,0.0,0.0
4222,0.0,0.0,0.0,0.08571428571428573,0.0,0.0
4223,0.0,0.0,0.0,0.2818181818181818,0.0,0.0
4224,0.0,0.0,0.0,0.019794721407624637,0.0,0.0
4225,0.0,0.0,0.0,0.0,0.0,0.0
4226,0.0,0.0,0.0,0.0,0.0,0.0
4227,0.0,0.0,0.0,0.15298507462686567,0.0,0.0
4228,0.0,0.0,0.0,0.0,0.0,0.0
4229,0.0,0.0,0.0,0.06884377758164166,0.0,0.0
4230,0.0,0.0,0.0,0.07512402551381997,0.0,0.0
4231,0.0,0.0,0.0,0.0,0.0,0.0
4232,0.0,0.0,0.0,0.0,0.0,0.0
4233,0.0,0.0,0.0,0.0,0.0,0.0
4234,0.0,0.0,0.0,0.31313131313131315,0.0,0.0
4235,0.0,0.0,0.0,0.07097933513027853,0.0,0.0
4236,0.0,0.0,0.0,0.321084864391951,0.0,0.0
4237,0.0,0.0,0.0,0.05319148936170213,0.0,0.0
4238,0.0,0.0,0.0,0.0,0.0,0.0
4239,0.0,0.0,0.0,0.024830699774266364,0.0,0.0
4240,0.0,0.0,0.0,0.22994652406417115,0.0,0.0
4241,0.0,0.012327773749093546,0.0,0.015228426395939087,0.0,0.0
4242,0.0,0.0,0.0,0.06423982869379015,0.0,0.0
4243,0.0,0.0,0.0,0.4705882352941176,0.0,0.0
4244,0.0,0.0,0.0,0.0,0.0,0.0
4245,0.0,0.0,0.0,0.013458162668227034,0.0,0.0
4246,0.0,0.0,0.0,0.11639344262295083,0.0,0.0
4247,0.0,0.0,0.0,0.009626955475330929,0.0,0.0
4248,0.0,0.0,0.0,0.028716216216216218,0.0,0.0
4249,0.0,0.0,0.0,0.007326007326007327,0.0,0.0
4250,0.0,0.0,0.0,0.2631578947368421,0.0,0.0
4251,0.0,0.0,0.0,0.0,0.0,0.0
4252,0.0,0.0,0.0,0.0,0.0,0.0
4253,0.0,0.0,0.0,0.0,0.0,0.0
4254,0.0,0.0,0.0,0.018564356435643563,0.0,0.0
4255,0.0,0.0,0.0,0.0,0.0,0.0
4256,0.0,0.0,0.0,0.0,0.0,0.0
4257,0.0,0.0,0.0,0.4393939393939394,0.0,0.0
4258,0.0,0.0,0.0,0.0,0.0,0.0
4259,0.0,0.0,0.0,0.0,0.0,0.0
4260,0.0,0.0,0.0,0.0,0.0,0.0
4261,0.0,0.0,0.0,0.0,0.0,0.0
4262,0.0,0.0,0.0,0.0,0.0,0.0
4263,0.0,0.0,0.0,0.015789473684210527,0.0,0.0
4264,0.0,0.0,0.0,0.04979811574697174,0.0,0.0
4265,0.0,0.0,0.0,0.04664536741214057,0.0,0.0
4266,0.0,0.0,0.0,0.020750199521149242,0.0,0.0
4267,0.0,0.0,0.0,0.0,0.0,0.0
4268,0.0,0.0,0.0,0.0,0.0,0.0
4269,0.0,0.0,0.0,0.4044943820224719,0.0,0.0
4270,0.0,0.0,0.0,0.054054054054054064,0.0,0.0
4271,0.0,0.0,0.0,0.057668711656441725,0.0,0.0
4272,0.0,0.0,0.0,0.050802139037433164,0.0,0.0
4273,0.0,0.0,0.0,0.041310541310541314,0.0,0.0
4274,0.0,0.0,0.0,0.0,0.0,0.0
4275,0.0,0.0,0.0,0.0,0.0,0.0
4276,0.0,0.0,0.0,0.2324521422060164,0.0,0.0
4277,0.0,0.0,0.0,0.02631578947368421,0.0,0.0
4278,0.0,0.0,0.0,0.01784121320249777,0.0,0.0
4279,0.0,0.0,0.0,0.0,0.0,0.0
4280,0.0,0.0,0.0,0.018604651162790697,0.0,0.0
4281,0.0,0.0,0.0,0.031407035175879394,0.0,0.0
4282,0.0,0.0,0.0,0.20535714285714285,0.0,0.0
4283,0.00931899641577061,0.0,0.0,0.00931899641577061,0.0,0.0
4284,0.0,0.0,0.0,0.0,0.0,0.0
4285,0.0,0.0,0.0,0.04,0.0,0.0
4286,0.0,0.0,0.0,0.00906344410876133,0.0,0.0
4287,0.0,0.0,0.0,0.05084745762711865,0.0,0.0
4288,0.0,0.0,0.0,0.2962962962962963,0.0,0.0
4289,0.0,0.0,0.0,0.2433206106870229,0.0,0.0
4290,0.0,0.0,0.0,0.0,0.0,0.0
4291,0.0,0.0,0.0,0.2116788321167883,0.0,0.0
4292,0.0,0.0,0.0,0.0,0.0,0.0
4293,0.0,0.0,0.0,0.0,0.0,0.0
4294,0.0,0.0,0.0,0.029880478087649407,0.0,0.0
4295,0.0,0.0,0.0,0.0,0.0,0.0
4296,0.0,0.0,0.0,0.0,0.0,0.0
4297,0.0,0.0,0.0,0.014028056112224449,0.0,0.0
4298,0.0,0.0,0.0,0.01892744479495268,0.0,0.0
4299,0.0,0.0,0.0,0.016788321167883213,0.0,0.0
4300,0.0,0.0,0.0,0.07831900668576887,0.0,0.0
4301,0.0,0.0,0.0,0.10983981693363844,0.0,0.0
4302,0.0,0.0,0.0,0.0,0.0,0.0
4303,0.0,0.0,0.0,0.0,0.0,0.0
4304,0.02235597592433362,0.0,0.0,0.18400687876182287,0.0,0.0
4305,0.0,0.0,0.0,0.0,0.0,0.0
4306,0.0,0.0,0.0,0.0,0.0,0.0
4307,0.0,0.0,0.0,0.011960132890365448,0.0,0.0
4308,0.0,0.0,0.0,0.0,0.0,0.0
4309,0.0,0.0,0.0,0.16030534351145034,0.0,0.0
4310,0.0,0.0,0.0,0.0,0.0,0.0
4311,0.0,0.0,0.0,0.041493775933609964,0.0,0.0
4312,0.008766803039158387,0.0,0.0,0.07422559906487435,0.0,0.0
4313,0.0,0.0,0.0,0.0,0.0,0.0
4314,0.0,0.0,0.0,0.14564102564102566,0.0,0.0
4315,0.0,0.0,0.0,0.0,0.0,0.0
4316,0.0,0.0,0.0,0.007506255212677232,0.0,0.0
4317,0.0,0.0,0.0,0.0,0.0,0.0
4318,0.0,0.0,0.0,0.15530569219957835,0.0,0.0
4319,0.0,0.0,0.0,0.0,0.0,0.0
4320,0.0,0.0,0.0,0.0,0.0,0.0
4321,0.0,0.0,0.0,0.0,0.0,0.0
4322,0.0,0.0,0.0,0.20106761565836295,0.0,0.0
4323,0.0,0.0,0.0,0.0,0.0,0.0
4324,0.0,0.0,0.0,0.0,0.0,0.0
4325,0.0,0.0,0.0,0.054545454545454536,0.0,0.0
4326,0.0,0.0,0.0,0.033126293995859216,0.0,0.0
4327,0.0,0.0,0.0,0.0,0.0,0.0
4328,0.0,0.0,0.0,0.0,0.0,0.0
4329,0.0,0.0,0.0,0.0358227079538555,0.0,0.0
4330,0.0,0.0,0.0,0.03564356435643564,0.0,0.0
4331,0.0,0.0,0.0,0.10522151898734178,0.0,0.0
4332,0.0,0.0,0.0,0.0,0.0,0.0
4333,0.043740573152337855,0.01885369532428356,0.0,0.05279034690799397,0.0,0.0
4334,0.0,0.0,0.0,0.0,0.0,0.0
4335,0.0,0.0,0.0,0.2345679012345679,0.0,0.0
4336,0.0,0.0,0.0,0.0,0.0,0.0
4337,0.0,0.0,0.0,0.0,0.0,0.0
4338,0.0,0.0,0.0,0.0,0.0,0.0
4339,0.0,0.0,0.0,0.012671594508975714,0.0,0.0
4340,0.16326530612244894,0.08163265306122447,0.08163265306122447,0.08163265306122447,0.0,0.0
4341,0.0,0.0,0.0,0.0,0.0,0.0
4342,0.0,0.0,0.0,0.0,0.0,0.0
4343,0.0,0.0,0.0,0.0,0.0,0.0
4344,0.0,0.0,0.0,0.0,0.0,0.0
4345,0.0,0.0,0.0,0.4761904761904762,0.0,0.0
4346,0.0,0.0,0.0,0.0,0.0,0.0
4347,0.0,0.0,0.0,0.0,0.0,0.0
4348,0.0,0.0,0.0,0.0,0.0,0.0
4349,0.0,0.0,0.0,0.013366750208855471,0.0,0.0
4350,0.0,0.0,0.0,0.02017291066282421,0.0,0.0
4351,0.0,0.0,0.0,0.06696428571428571,0.0,0.0
4352,0.0,0.0,0.0,0.0,0.0,0.0
4353,0.0,0.0,0.0,0.04671280276816609,0.0,0.0
4354,0.0,0.0,0.0,0.019933554817275743,0.0,0.0
4355,0.0,0.0,0.0,0.0,0.0,0.0
4356,0.0,0.0,0.0,0.0,0.0,0.0
4357,0.0,0.0,0.0,0.0,0.0,0.0
4358,0.0,0.0,0.0,0.005519779208831647,0.0,0.0
4359,0.0,0.0,0.0,0.0,0.0,0.0
4360,0.0,0.0,0.0,0.0,0.0,0.0
4361,0.0,0.0,0.0,0.0,0.0,0.0
4362,0.0,0.0,0.0,0.0,0.0,0.0
4363,0.0,0.0,0.0,0.03707865168539326,0.0,0.0
4364,0.0,0.0,0.0,0.0,0.0,0.0
4365,0.0,0.0,0.0,0.0,0.0,0.0
4366,0.0,0.0,0.0,0.3253012048192771,0.0,0.0
4367,0.0,0.0,0.0,0.0,0.0,0.0
4368,0.0,0.0,0.0,0.0,0.0,0.0
4369,0.0,0.0,0.0,0.0026385224274406327,0.0,0.0
4370,0.0,0.0,0.0,0.0,0.0,0.0
4371,0.0,0.0,0.0,0.0,0.0,0.0
4372,0.0,0.0,0.0,0.0,0.0,0.0
4373,0.0,0.0,0.0,0.0,0.0,0.0
4374,0.0,0.0,0.0,0.0,0.0,0.0
4375,0.0,0.0,0.0,0.0,0.0,0.0
4376,0.0,0.0,0.0,0.2528301886792453,0.0,0.0
4377,0.0,0.0,0.0,0.02413793103448276,0.0,0.0
4378,0.0,0.0,0.0,0.003785488958990536,0.0,0.0
4379,0.0,0.0,0.0,0.03658536585365853,0.0,0.0
4380,0.0,0.0,0.0,0.0,0.0,0.0
4381,0.0,0.0,0.0,0.0,0.0,0.0
4382,0.0,0.0,0.0,0.0,0.0,0.0
4383,0.0,0.0,0.0,0.0,0.0,0.0
4384,0.0,0.0,0.0,0.17314814814814813,0.0,0.0
4385,0.0,0.0,0.0,0.0013774104683195593,0.0,0.0
4386,0.0,0.0,0.0,0.0,0.0,0.0
4387,0.0,0.0,0.0,0.1120162932790224,0.0,0.0
4388,0.0,0.0,0.0,0.0,0.0,0.0
4389,0.0,0.0,0.0,0.0,0.0,0.0
4390,0.0,0.0,0.0,0.20058997050147487,0.0,0.0
4391,0.0,0.0,0.0,0.0,0.0,0.0
4392,0.0,0.0,0.0,0.0,0.0,0.0
4393,0.0,0.0,0.0,0.015780730897009966,0.0,0.0
4394,0.0,0.0,0.0,0.0,0.0,0.0
4395,0.0,0.0,0.0,0.0,0.0,0.0
4396,0.0,0.0,0.0,0.10256410256410256,0.0,0.0
4397,0.0,0.0,0.0,0.0,0.0,0.0
4398,0.0,0.0,0.0,0.0,0.0,0.0
4399,0.0,0.0,0.0,0.6363636363636364,0.0,0.0
4400,0.0,0.0,0.0,0.0408695652173913,0.0,0.0
4401,0.0,0.0,0.0,0.013000000000000001,0.0,0.0
4402,0.0,0.0,0.0,0.0497677504976775,0.0,0.0
4403,0.0,0.0,0.0,0.0,0.0,0.0
4404,0.0,0.0,0.0,0.17874396135265697,0.0,0.0
4405,0.0,0.0,0.0,0.0,0.0,0.0
4406,0.0,0.0,0.0,0.0,0.0,0.0
4407,0.0,0.0,0.0,0.0,0.0,0.0
4408,0.0,0.0,0.0,0.0,0.0,0.0
4409,0.0,0.0,0.0,0.0,0.0,0.0
4410,0.0,0.0,0.0,0.0,0.0,0.0
4411,0.0,0.0,0.0,0.0,0.0,0.0
4412,0.0,0.0,0.0,0.0,0.0,0.0
4413,0.0,0.0,0.0,0.0,0.0,0.0
4414,0.0,0.0,0.0,0.0,0.0,0.0
4415,0.0,0.0,0.0,0.0,0.0,0.0
4416,0.01345291479820628,0.0,0.0,0.06427503736920777,0.0,0.0
4417,0.0,0.0,0.0,0.0,0.0,0.0
4418,0.0,0.0,0.0,0.014340344168260038,0.0,0.0
4419,0.0,0.0,0.0,0.0,0.0,0.0
4420,0.0,0.0,0.0,0.0008680555555555555,0.0,0.0
4421,0.0,0.0,0.0,0.0920535011801731,0.0,0.0
4422,0.0,0.0,0.0,0.0,0.0,0.0
4423,0.0,0.0,0.0,0.4175467099918765,0.024370430544272948,0.0008123476848090983
4424,0.04651162790697674,0.0,0.0,0.2232558139534884,0.0,0.0
4425,0.0,0.0,0.0,0.04901960784313725,0.0,0.0
4426,0.0,0.0,0.0,0.12612612612612611,0.0,0.0
4427,0.0,0.0,0.0,0.0,0.0,0.0
4428,0.0,0.0,0.0,0.07399103139013452,0.0,0.0
4429,0.0,0.0,0.0,0.0,0.0,0.0
4430,0.0,0.0,0.0,0.0,0.0,0.0
4431,0.0,0.0,0.0,0.008781558726673985,0.0,0.0
4432,0.0,0.0,0.0,0.0,0.0,0.0
4433,0.0,0.0,0.0,0.0,0.0,0.0
4434,0.0,0.0,0.0,0.0,0.0,0.0
4435,0.0,0.0,0.0,0.0,0.0,0.0
4436,0.026578073089701,0.0,0.0,0.024363233665559248,0.0,0.0
4437,0.0,0.0,0.0,0.0,0.0,0.0
4438,0.0,0.0,0.0,0.0295159386068477,0.0,0.0
4439,0.0,0.0,0.0,0.08308308308308307,0.0,0.0
4440,0.0,0.0,0.0,0.0,0.0,0.0
4441,0.0,0.0,0.0,0.0,0.0,0.0
4442,0.0,0.0,0.0,0.0,0.0,0.0
4443,0.0,0.0,0.0,0.024294156270518712,0.0,0.0
4444,0.0,0.0,0.0,0.023337222870478413,0.0,0.0
4445,0.0,0.0,0.0,0.11741214057507987,0.0,0.0
4446,0.0483271375464684,0.0,0.0,0.14869888475836432,0.0,0.0
4447,0.0,0.0,0.0,0.0,0.0,0.0
4448,0.0,0.0,0.0,0.004939626783754115,0.0,0.0
4449,0.0,0.0,0.0,0.0,0.0,0.0
4450,0.0,0.0,0.0,0.0,0.0,0.0
4451,0.0,0.0,0.0,0.0,0.0,0.0
4452,0.0,0.0,0.0,0.16666666666666666,0.0,0.0
4453,0.0,0.0,0.0,0.24783634933123525,0.0,0.0
4454,0.0,0.0,0.0,0.0,0.0,0.0
4455,0.0,0.0,0.0,0.12043301759133965,0.0,0.0
4456,0.0,0.0,0.0,0.0,0.0,0.0
4457,0.0,0.0,0.0,0.05882352941176471,0.0,0.0
4458,0.0,0.0,0.0,0.0,0.0,0.0
4459,0.0,0.0,0.0,0.02054794520547945,0.0,0.0
4460,0.0,0.0,0.0,0.0,0.0,0.0
4461,0.08851674641148326,0.0,0.0,0.045454545454545456,0.0,0.0
4462,0.0,0.0,0.0,0.36811926605504586,0.0,0.0
4463,0.0,0.0,0.0,0.0,0.0,0.0
4464,0.0,0.0,0.0,0.213903743315508,0.0,0.0
4465,0.0,0.0,0.0,0.0,0.0,0.0
4466,0.0,0.0,0.0,0.06890459363957598,0.0,0.0
4467,0.0,0.0,0.0,0.4763513513513514,0.0,0.0
4468,0.0,0.0,0.0,0.0,0.0,0.0
4469,0.0,0.0,0.0,0.0,0.0,0.0
4470,0.0,0.0,0.0,0.0,0.0,0.0
4471,0.0,0.0,0.0,0.0,0.0,0.0
4472,0.0,0.0,0.0,0.0,0.0,0.0
4473,0.0,0.0,0.0,0.0776255707762557,0.0,0.0
4474,0.0,0.0,0.0,0.0,0.0,0.0
4475,0.0,0.0,0.0,0.0,0.0,0.0
4476,0.0,0.0,0.0,0.0,0.0,0.0
4477,0.0,0.0,0.0,0.025899280575539568,0.0,0.0
4478,0.0,0.0,0.0,0.0,0.0,0.0
4479,0.0,0.0,0.0,0.0,0.0,0.0
4480,0.0,0.0,0.0,0.0,0.0,0.0
4481,0.0,0.0,0.0,0.05788982259570495,0.0,0.0
4482,0.0,0.0,0.0,0.0,0.0,0.0
4483,0.0,0.0,0.0,0.0,0.0,0.0
4484,0.0,0.0,0.0,0.011363636363636364,0.0,0.0
4485,0.0,0.0,0.0,0.0,0.0,0.0
4486,0.0,0.0,0.0,0.0,0.0,0.0
4487,0.0,0.0,0.0,0.037037037037037035,0.0,0.0
4488,0.0,0.0,0.0,0.0,0.0,0.0
4489,0.0,0.0,0.0,0.0,0.0,0.0
4490,0.0,0.0,0.0,0.0,0.0,0.0
4491,0.0,0.0,0.0,0.03173431734317343,0.0,0.0
4492,0.0,0.0,0.0,0.0,0.0,0.0
4493,0.0,0.0,0.0,0.0,0.0,0.0
4494,0.0,0.0,0.0,0.0,0.0,0.0
4495,0.0,0.0,0.0,0.09852216748768472,0.0,0.0
4496,0.0,0.0,0.0,0.06072874493927125,0.0,0.0
4497,0.0,0.0,0.0,0.0,0.0,0.0
4498,0.0,0.0,0.0,0.0,0.0,0.0
4499,0.0,0.0,0.0,0.0,0.0,0.0
4500,0.0,0.0,0.0,0.17757009345794392,0.0,0.0
4501,0.0,0.0,0.0,0.0,0.0,0.0
4502,0.0,0.0,0.0,0.0,0.0,0.0
4503,0.0,0.0,0.0,0.0,0.0,0.0
4504,0.0,0.0,0.0,0.0,0.0,0.0
4505,0.0,0.0,0.0,0.0,0.0,0.0
4506,0.020042949176807445,0.0,0.0,0.21045096635647814,0.0,0.0
4507,0.0,0.0,0.0,0.0,0.0,0.0
4508,0.0,0.0,0.0,0.0,0.0,0.0
4509,0.0,0.0,0.0,0.11233480176211454,0.0,0.0
4510,0.0,0.0,0.0,0.029304029304029307,0.0,0.0
4511,0.0,0.0,0.0,0.017527675276752766,0.0,0.0
4512,0.0,0.0,0.0,0.0,0.0,0.0
4513,0.0,0.0,0.0,0.0,0.0,0.0
4514,0.0,0.0,0.0,0.0316622691292876,0.0,0.0
4515,0.0,0.0,0.0,0.05114083398898505,0.0,0.0
4516,0.0,0.0,0.0,0.0,0.0,0.0
4517,0.0,0.0,0.0,0.018472906403940892,0.0,0.0
4518,0.0,0.0,0.0,0.14705882352941174,0.0,0.0
4519,0.0,0.0,0.0,1.0,0.0,0.0
4520,0.0,0.0,0.0,0.053475935828877004,0.0,0.0
4521,0.0,0.0,0.0,0.0,0.0,0.0
4522,0.0,0.0,0.0,0.03883495145631068,0.0,0.0
4523,0.0,0.0,0.0,0.021108179419525062,0.0,0.0
4524,0.0,0.0,0.0,0.0,0.0,0.0
4525,0.0,0.0,0.0,0.0,0.0,0.0
4526,0.0,0.0,0.0,0.0,0.0,0.0
4527,0.0,0.0,0.0,0.16666666666666666,0.0,0.0
4528,0.0,0.0,0.0,0.0,0.0,0.0
4529,0.0,0.0,0.0,0.0,0.0,0.0
4530,0.0,0.0,0.0,0.024531956100710132,0.0,0.0
4531,0.0,0.0,0.0,0.15033947623666344,0.0,0.0
4532,0.0,0.0,0.0,0.0,0.0,0.0
4533,0.0,0.0,0.0,0.00598802395209581,0.0,0.0
4534,0.0,0.0,0.0,0.1641304347826087,0.0,0.0
4535,0.0,0.0,0.0,0.0,0.0,0.0
4536,0.0,0.0,0.0,0.07424812030075187,0.0,0.0
4537,0.0,0.0,0.0,0.0,0.0,0.0
4538,0.0,0.0,0.0,0.0,0.0,0.0
4539,0.0,0.0,0.0,0.10645724258289704,0.0,0.0
4540,0.0,0.0,0.0,0.044233807266982623,0.0,0.0
4541,0.0,0.0,0.0,0.0,0.0,0.0
4542,0.0,0.0,0.0,0.0,0.0,0.0
4543,0.0,0.0,0.0,0.0,0.0,0.0
4544,0.0,0.0,0.0,0.0,0.0,0.0
4545,0.0,0.0,0.0,0.08,0.0,0.0
4546,0.0,0.0,0.0,0.0,0.0,0.0
4547,0.0,0.0,0.0,0.9285714285714286,0.0,0.0
4548,0.0,0.0,0.0,0.0,0.0,0.0
4549,0.0,0.0,0.0,0.0,0.0,0.0
4550,0.0,0.0,0.0,0.0,0.0,0.0
4551,0.0,0.0,0.0,0.0,0.0,0.0
4552,0.0,0.0,0.0,0.0,0.0,0.0
4553,0.0,0.0,0.0,0.0,0.0,0.0
4554,0.0,0.0,0.0,0.0,0.0,0.0
4555,0.0,0.0,0.0,0.0,0.0,0.0
4556,0.0,0.0,0.0,0.0,0.0,0.0
4557,0.0,0.0,0.0,0.0,0.0,0.0
4558,0.0,0.0,0.0,0.01885014137606032,0.0,0.0
4559,0.0,0.0,0.0,0.0,0.0,0.0
4560,0.0,0.0,0.0,0.0,0.0,0.0
4561,0.0,0.0,0.0,0.0,0.0,0.0
4562,0.0,0.0,0.0,0.0,0.0,0.0
4563,0.0,0.0,0.0,0.0,0.0,0.0
4564,0.0,0.0,0.0,0.07371794871794872,0.0,0.0
4565,0.0,0.0,0.0,0.0,0.0,0.0
4566,0.0,0.0,0.0,0.0,0.0,0.0
4567,0.0,0.0,0.0,0.013592233009708738,0.0,0.0
4568,0.0,0.0,0.0,0.0,0.0,0.0
4569,0.0,0.0,0.0,0.0,0.0,0.0
4570,0.0,0.0,0.0,0.0505050505050505,0.0,0.0
4571,0.0,0.0,0.0,0.054945054945054944,0.0,0.0
4572,0.03006134969325153,0.0,0.014723926380368096,0.2294478527607362,0.0,0.0
4573,0.0,0.0,0.0,0.03167420814479638,0.0,0.0
4574,0.0,0.0,0.0,0.011131725417439705,0.0,0.0
4575,0.0,0.0,0.0,0.04679376083188908,0.0,0.0
4576,0.0,0.0,0.0,0.029950083194675545,0.0,0.0
4577,0.0,0.0,0.0,0.0,0.0,0.0
4578,0.0,0.0,0.0,0.0,0.0,0.0
4579,0.0,0.0,0.0,0.0,0.0,0.0
4580,0.0,0.0,0.0,0.0,0.0,0.0
4581,0.0,0.0,0.0,0.0,0.0,0.0
4582,0.0,0.0,0.0,0.6635944700460831,0.004608294930875576,0.0
4583,0.0,0.0,0.0,0.02016689847009736,0.0,0.0
4584,0.0,0.0,0.0,0.0,0.0,0.0
4585,0.0,0.0,0.0,0.0,0.0,0.0
4586,0.0,0.0,0.0,0.0,0.0,0.0
4587,0.0,0.0,0.0,0.0,0.0,0.0
4588,0.0,0.0,0.0,0.05186721991701245,0.0,0.0
4589,0.0,0.0,0.0,0.17209302325581394,0.0,0.0
4590,0.0,0.0,0.0,0.2948717948717949,0.0,0.0
4591,0.0,0.0,0.0,0.19030390738060785,0.0,0.0
4592,0.0,0.0,0.0,0.0,0.0,0.0
4593,0.0,0.0,0.0,0.0,0.0,0.0
4594,0.0,0.0,0.0,0.6,0.0,0.0
4595,0.0,0.0,0.0,0.0,0.0,0.0
4596,0.0,0.0,0.0,0.0,0.0,0.0
4597,0.0,0.0,0.0,0.012733446519524618,0.0,0.0
4598,0.0,0.0,0.0,0.03167062549485352,0.0,0.0
4599,0.0,0.0,0.0,0.005369127516778522,0.0,0.0
4600,0.0,0.0,0.0,0.01647286821705426,0.0,0.0
4601,0.0,0.0,0.0,0.0,0.0,0.0
4602,0.0,0.0,0.0,0.0,0.0,0.0
4603,0.0,0.0,0.0,0.0,0.0,0.0
4604,0.0,0.0,0.0,0.0,0.0,0.0
4605,0.007782101167315175,0.0,0.0,0.007782101167315175,0.007782101167315175,0.007782101167315175
4606,0.0,0.0,0.0,0.0,0.0,0.0
4607,0.0,0.0,0.0,0.017170329670329672,0.0,0.0
4608,0.0,0.0,0.0,0.0,0.0,0.0
4609,0.0,0.0,0.0,0.10857142857142857,0.0,0.0
4610,0.0,0.0,0.0,0.14518900343642613,0.0,0.0
4611,0.0,0.0,0.0,0.025796661608497726,0.0,0.0
4612,0.0,0.0,0.0,0.0,0.0,0.0
4613,0.0,0.0,0.0,0.0,0.0,0.0
4614,0.0,0.0,0.0,0.04864433811802233,0.0,0.0
4615,0.0,0.0,0.0,0.0,0.0,0.0
4616,0.0,0.0,0.0,0.0,0.0,0.0
4617,0.0,0.0,0.0,0.0,0.0,0.0
4618,0.0,0.0,0.0,0.0,0.0,0.0
4619,0.0,0.0,0.0,0.1720430107526882,0.0,0.0
4620,0.0,0.0,0.0,0.0,0.0,0.0
4621,0.0,0.0,0.0,0.0,0.0,0.0
4622,0.0,0.0,0.0,0.0,0.0,0.0
4623,0.0,0.0,0.0,0.0,0.0,0.0
4624,0.0,0.0,0.0,0.0415617128463476,0.0,0.0
4625,0.0,0.0,0.0,0.0,0.0,0.0
4626,0.0,0.0,0.0,0.0,0.0,0.0
4627,0.0,0.0,0.0,0.06795224977043159,0.0,0.0
4628,0.0,0.0,0.0,0.003980891719745223,0.0,0.0
4629,0.0,0.0,0.0,0.0,0.0,0.0
4630,0.0,0.0,0.0,0.020955574182732608,0.0,0.0
4631,0.0,0.0,0.0,0.0806997742663657,0.0,0.0
4632,0.0,0.0,0.0,0.0,0.0,0.0
4633,0.0,0.0,0.0,0.0,0.0,0.0
4634,0.0,0.0,0.0,0.003382949932341001,0.0,0.0
4635,0.0,0.0,0.0,0.044563279857397504,0.0,0.0
4636,0.0,0.0,0.0,0.0,0.0,0.0
4637,0.0,0.0,0.0,0.0,0.0,0.0
4638,0.0,0.0,0.0,0.02837837837837838,0.0,0.0
4639,0.0,0.0,0.0,0.2807017543859649,0.0,0.0
4640,0.0,0.0,0.0,0.0,0.0,0.0
4641,0.0,0.0,0.0,0.0,0.0,0.0
4642,0.0,0.0,0.0,0.0,0.0,0.0
4643,0.0,0.0,0.0,0.014814814814814815,0.0,0.0
4644,0.0,0.0,0.0,0.0,0.0,0.0
4645,0.0,0.0,0.0,0.0,0.0,0.0
4646,0.0,0.0,0.0,0.0,0.0,0.0
4647,0.0,0.0,0.0,0.0,0.0,0.0
4648,0.0,0.0,0.0,0.0,0.0,0.0
4649,0.0,0.0,0.0,0.0,0.0,0.0
4650,0.0,0.0,0.0,0.36597938144329895,0.0,0.0
4651,0.0,0.0,0.0,0.0,0.0,0.0
4652,0.0,0.0,0.0,0.0,0.0,0.0
4653,0.0,0.0,0.0,0.0,0.0,0.0
4654,0.0,0.0,0.0,0.0,0.0,0.0
4655,0.0,0.0,0.0,0.12133072407045008,0.0,0.0
4656,0.0,0.0,0.0,0.0,0.0,0.0
4657,0.0,0.0,0.0,0.059829059829059825,0.0,0.0
4658,0.0,0.0,0.0,0.09777015437392796,0.0,0.0
4659,0.0,0.0,0.0,0.0,0.0,0.0
4660,0.0,0.0,0.0,0.0,0.0,0.0
4661,0.0,0.0,0.0,0.0,0.0,0.0
4662,0.0,0.0,0.0,0.10813308687615526,0.0,0.0
4663,0.0,0.0,0.0,0.008992805755395683,0.0,0.0
4664,0.0,0.0,0.0,0.08665511265164645,0.0,0.0
4665,0.0,0.0,0.0,0.1812015503875969,0.0,0.0
4666,0.0,0.0,0.0,0.11627906976744184,0.0,0.0
4667,0.0,0.0,0.0,0.0952712100139082,0.0,0.0
4668,0.0,0.0,0.0,0.0,0.0,0.0
4669,0.0,0.0,0.0,0.0,0.0,0.0
4670,0.0,0.0,0.0,0.0,0.0,0.0
4671,0.0,0.0,0.0,0.043133802816901406,0.0,0.0
4672,0.0,0.0,0.0,0.0,0.0,0.0
4673,0.0,0.0,0.0,0.0,0.0,0.0
4674,0.0,0.0,0.0,0.0,0.0,0.0
4675,0.0,0.0,0.0,0.04794520547945205,0.0,0.0
4676,0.0,0.0,0.0,0.00745156482861401,0.0,0.0
4677,0.0,0.0,0.0,0.11297071129707112,0.0,0.0
4678,0.0,0.0,0.0,0.1175,0.0,0.0
4679,0.0,0.0,0.0,0.0,0.0,0.0
4680,0.0,0.0,0.0,0.0,0.0,0.0
4681,0.0,0.0,0.0,0.0,0.0,0.0
4682,0.0,0.0,0.0,0.0,0.0,0.0
4683,0.0,0.0,0.0,0.0,0.0,0.0
4684,0.0,0.0,0.0,0.2857142857142857,0.0,0.0
4685,0.0,0.0,0.0,0.0014005602240896359,0.0,0.0
4686,0.0,0.0,0.0,0.22794117647058826,0.0,0.0
4687,0.0,0.0,0.0,0.22831050228310498,0.0,0.0
4688,0.0,0.0,0.0,0.0,0.0,0.0
4689,0.0,0.0,0.0,0.0027472527472527475,0.0,0.0
4690,0.0,0.0,0.0,0.0,0.0,0.0
4691,0.0,0.0,0.0,0.1196319018404908,0.0,0.0
4692,0.0,0.0,0.0,0.0038759689922480615,0.0,0.0
4693,0.0,0.0,0.0,0.2318840579710145,0.0,0.0
4694,0.0,0.0,0.0,0.0,0.0,0.0
4695,0.0,0.0,0.0,0.01820830298616169,0.0,0.0
4696,0.0,0.0,0.0,0.008040201005025126,0.0,0.0
4697,0.0,0.0,0.0,0.0,0.0,0.0
4698,0.026532479414455627,0.0,0.0,0.2241537053979872,0.0,0.0
4699,0.0,0.0,0.0,0.27056277056277056,0.0,0.0
4700,0.0,0.0,0.0,0.07482993197278913,0.0,0.0
4701,0.0,0.0,0.0,0.0,0.0,0.0
4702,0.0,0.0,0.0,0.0,0.0,0.0
4703,0.09272030651340996,0.0,0.0,0.2559386973180077,0.0030651340996168588,0.0
4704,0.0,0.0,0.0,0.0,0.0,0.0
4705,0.0,0.0,0.0,0.031164069660861594,0.0,0.0
4706,0.0,0.0,0.0,0.15151515151515152,0.0,0.0
4707,0.0,0.0,0.0,0.0,0.0,0.0
4708,0.0,0.0,0.0,0.06883116883116883,0.0,0.0
4709,0.0,0.0,0.0,0.03571428571428571,0.0,0.0
4710,0.0,0.0,0.0,0.0,0.0,0.0
4711,0.0,0.0,0.0,0.018461538461538463,0.0,0.0
4712,0.0,0.0,0.0,0.0,0.0,0.0
4713,0.0,0.0,0.0,0.0,0.0,0.0
4714,0.0,0.0,0.0,0.025495750708215296,0.0,0.0
4715,0.0,0.0,0.0,0.0,0.0,0.0
4716,0.0,0.0,0.0,0.0,0.0,0.0
4717,0.0,0.0,0.0,0.2676056338028169,0.0,0.0
4718,0.0,0.0,0.0,0.03413821815154038,0.0,0.0
4719,0.0,0.0,0.0,0.19090909090909086,0.0,0.0
4720,0.0,0.0,0.0,0.0,0.0,0.0
4721,0.0,0.0,0.0,0.0,0.0,0.0
4722,0.0,0.0,0.0,0.0,0.0,0.0
4723,0.0,0.0,0.0,0.0,0.0,0.0
4724,0.0,0.0,0.0,0.0,0.0,0.0
4725,0.0,0.0,0.0,0.0,0.0,0.0
4726,0.0,0.0,0.0,0.0,0.0,0.0
4727,0.0,0.0,0.0,0.0,0.0,0.0
4728,0.0,0.0,0.0,0.0,0.0,0.0
4729,0.0,0.0,0.0,0.04948124501197127,0.0,0.0
4730,0.0,0.0,0.0,0.0,0.0,0.0
4731,0.0,0.0,0.0,0.22989276139410186,0.0,0.0
4732,0.0,0.0,0.0,0.16666666666666666,0.0,0.0
4733,0.0,0.0,0.0,0.0,0.0,0.0
4734,0.0,0.0,0.0,0.0017391304347826088,0.0,0.0
4735,0.0,0.0,0.0,0.0,0.0,0.0
4736,0.0,0.0,0.0,0.032418952618453865,0.0,0.0
4737,0.0,0.0,0.0,0.3364180729450191,0.0,0.0
4738,0.0,0.0,0.0,0.0,0.0,0.0
4739,0.0,0.0,0.0,0.0,0.0,0.0
4740,0.0,0.0,0.0,0.14953271028037382,0.0,0.0
4741,0.0,0.0,0.0,0.0,0.0,0.0
4742,0.0,0.0,0.0,0.15979381443298968,0.0,0.0
4743,0.0,0.0,0.0,0.0,0.0,0.0
4744,0.0,0.0,0.0,0.0,0.0,0.0
4745,0.0,0.0,0.0,0.2857142857142857,0.0,0.0
4746,0.0,0.0,0.0,0.1242798353909465,0.0,0.0
4747,0.0,0.0,0.0,0.0,0.0,0.0
4748,0.0,0.0,0.0,0.0,0.0,0.0
4749,0.0,0.0,0.0,0.04201680672268908,0.0,0.0
4750,0.0,0.0,0.0,0.0,0.0,0.0
4751,0.0,0.0,0.0,0.0,0.0,0.0
4752,0.048986486486486486,0.0,0.0,0.15371621621621626,0.0,0.0
4753,0.0,0.0,0.0,0.0,0.0,0.0
4754,0.0,0.0,0.0,0.009760425909494231,0.0,0.0
4755,0.0,0.0,0.0,0.0,0.0,0.0
4756,0.0,0.0,0.0,0.040478380864765406,0.0,0.0
4757,0.0,0.0,0.0,0.0,0.0,0.0
4758,0.0,0.0,0.0,0.008945686900958467,0.0,0.0
4759,0.0,0.0,0.0,0.0,0.0,0.0
4760,0.0,0.0,0.0,0.18711656441717792,0.0,0.0
4761,0.0,0.0,0.0,0.02447980416156671,0.0,0.0
4762,0.0,0.0,0.0,0.0,0.0,0.0
4763,0.027531083481349916,0.0,0.0,0.08792184724689166,0.0,0.0
4764,0.0,0.0,0.0,0.0,0.0,0.0
4765,0.0,0.0,0.0,0.0,0.0,0.0
4766,0.03978779840848806,0.0,0.0,0.2387267904509284,0.018567639257294433,0.0
4767,0.0,0.0,0.0,0.0,0.0,0.0
4768,0.0,0.0,0.0,0.0,0.0,0.0
4769,0.0,0.0,0.0,0.010482180293501049,0.0,0.0
4770,0.0,0.0,0.0,0.0,0.0,0.0
4771,0.0,0.0,0.0,0.0,0.0,0.0
4772,0.0,0.0,0.0,0.0,0.0,0.0
4773,0.0,0.0,0.0,0.0,0.0,0.0
4774,0.0,0.0,0.0,0.0,0.0,0.0
4775,0.0,0.0,0.0,0.0,0.0,0.0
4776,0.0,0.0,0.0,0.0,0.0,0.0
4777,0.0,0.0,0.0,0.0,0.0,0.0
4778,0.0,0.0,0.0,0.0,0.0,0.0
4779,0.0,0.0,0.0,0.0,0.0,0.0
4780,0.0,0.0,0.0,0.0,0.0,0.0
4781,0.0,0.0,0.0,0.4937611408199644,0.0,0.0
4782,0.0,0.0,0.0,0.0,0.0,0.0
4783,0.0,0.0,0.0,0.0,0.0,0.0
4784,0.0,0.0,0.0,0.0,0.0,0.0
4785,0.0,0.0,0.0,0.0,0.0,0.0
4786,0.0,0.0,0.0,0.0,0.0,0.0
4787,0.0,0.0,0.0,0.1553956834532374,0.0,0.0
4788,0.0,0.0,0.0,0.0,0.0,0.0
4789,0.0,0.0,0.0,0.016656384947563233,0.0,0.0
4790,0.0,0.0,0.0,0.0,0.0,0.0
4791,0.0,0.0,0.0,0.0,0.0,0.0
4792,0.0,0.0,0.0,0.0,0.0,0.0
4793,0.0,0.0,0.0,0.0,0.0,0.0
4794,0.0,0.0,0.0,0.0,0.0,0.0
4795,0.0,0.0,0.0,0.0,0.0,0.0
4796,0.0,0.0,0.0,0.010737294201861132,0.0,0.0
4797,0.0,0.0,0.0,0.06015037593984963,0.0,0.0
4798,0.0,0.0,0.0,0.0,0.0,0.0
4799,0.02830188679245283,0.0,0.0,0.08490566037735849,0.0,0.0
4800,0.0,0.0,0.0,0.0,0.0,0.0
4801,0.0,0.0,0.0,0.0,0.0,0.0
4802,0.0,0.0,0.0,0.0,0.0,0.0
4803,0.0,0.0,0.0,0.0,0.0,0.0
4804,0.0,0.0,0.0,0.0,0.0,0.0
4805,0.0,0.0,0.0,0.0,0.0,0.0
4806,0.0,0.0,0.0,0.0,0.0,0.0
4807,0.0,0.0,0.0,0.0,0.0,0.0
4808,0.0,0.0,0.0,0.031914893617021274,0.0,0.0
4809,0.0,0.0,0.0,0.0,0.0,0.0
4810,0.0,0.0,0.0,0.0,0.0,0.0
4811,0.0,0.0,0.0,0.026041666666666668,0.0,0.0
4812,0.0,0.0,0.0,0.0,0.0,0.0
4813,0.0,0.0,0.0,0.0,0.0,0.0
4814,0.0,0.0,0.0,0.0,0.0,0.0
4815,0.0,0.0,0.0,0.3548387096774194,0.0,0.0
4816,0.0,0.0,0.0,0.0,0.0,0.0
4817,0.0,0.0,0.0,0.0,0.0,0.0
4818,0.0,0.0,0.0,0.04875,0.0,0.0
4819,0.0,0.0,0.0,0.0,0.0,0.0
4820,0.0,0.0,0.0,0.040022870211549454,0.0,0.0
4821,0.0,0.0,0.0,0.21869782971619364,0.0,0.0
4822,0.0,0.0,0.0,0.017107309486780714,0.0,0.0
4823,0.0,0.0,0.0,0.1931956257594168,0.0,0.0
4824,0.0,0.0,0.0,0.0,0.0,0.0
4825,0.0,0.0,0.0,0.06518282988871224,0.0,0.0
4826,0.0,0.0,0.0,0.04873949579831933,0.0,0.0
4827,0.0,0.0,0.0,0.0,0.0,0.0
4828,0.0,0.0,0.0,0.0,0.0,0.0
4829,0.0,0.0,0.0,0.1409507923269391,0.0,0.0
4830,0.0,0.0,0.0,0.013100436681222708,0.0,0.0
4831,0.0,0.0,0.0,0.0,0.0,0.0
4832,0.0,0.0,0.0,0.23876123876123875,0.0,0.0
4833,0.0,0.0,0.0,0.011444921316165951,0.0,0.0
4834,0.0,0.0,0.0,0.05230769230769231,0.0,0.0
4835,0.0,0.0,0.0,0.08690012970168612,0.0,0.0
4836,0.0,0.0,0.0,0.002621231979030144,0.0,0.0
4837,0.0,0.0,0.0,0.0,0.0,0.0
4838,0.0,0.0,0.0,0.0,0.0,0.0
4839,0.0,0.0,0.0,0.0,0.0,0.0
4840,0.0,0.0,0.0,0.10084033613445377,0.0,0.0
4841,0.0,0.0,0.0,0.006392694063926941,0.0,0.0
4842,0.0,0.0,0.0,0.046052631578947366,0.0,0.0
4843,0.0,0.0,0.0,0.0,0.0,0.0
4844,0.0,0.0,0.0,0.013291634089132134,0.0,0.0
4845,0.0,0.0,0.0,0.0,0.0,0.0
4846,0.0,0.0,0.0,0.0,0.0,0.0
4847,0.0,0.0,0.0,0.2456597222222222,0.0,0.0
4848,0.17647058823529413,0.0,0.0,0.0,0.0,0.0
4849,0.0,0.0,0.0,0.0,0.0,0.0
4850,0.0,0.0,0.0,0.1782312925170068,0.0,0.0
4851,0.0,0.0,0.0,0.0,0.0,0.0
4852,0.0,0.0,0.0,0.0,0.0,0.0
4853,0.0,0.0,0.0,0.0,0.0,0.0
4854,0.0,0.0,0.0,0.0,0.0,0.0
4855,0.0,0.0,0.0,0.08095238095238096,0.0,0.0
4856,0.0,0.0,0.0,0.0,0.0,0.0
4857,0.0,0.0,0.0,0.0,0.0,0.0
4858,0.0,0.0,0.0,0.0,0.0,0.0
4859,0.0,0.0,0.0,0.0,0.0,0.0
4860,0.0,0.0,0.0,0.0,0.0,0.0
4861,0.0,0.0,0.0,0.1851851851851852,0.0,0.0
4862,0.0,0.0,0.0,0.0,0.0,0.0
4863,0.0,0.0,0.0,0.03582718651211802,0.0,0.0
4864,0.0,0.0,0.0,0.0,0.0,0.0
4865,0.0,0.0,0.0,0.015463917525773196,0.0,0.0
4866,0.0,0.0,0.0,0.10416666666666667,0.0,0.0
4867,0.0,0.0,0.0,0.02204408817635271,0.0,0.0
4868,0.0,0.0,0.0,0.278125,0.0,0.0
4869,0.0,0.0,0.0,0.0,0.0,0.0
4870,0.0,0.0,0.0,0.0,0.0,0.0
4871,0.014828544949026875,0.0,0.0,0.15106580166821132,0.0,0.0
4872,0.0,0.0,0.0,0.027272727272727268,0.0,0.0
4873,0.0,0.0,0.0,0.06814310051107325,0.0,0.0
4874,0.0,0.0,0.0,0.15358744394618834,0.0,0.0
4875,0.0,0.0,0.0,0.03333333333333333,0.0,0.0
4876,0.0,0.0,0.0,0.07017543859649122,0.0,0.0
4877,0.0,0.0,0.0,0.013888888888888888,0.0,0.0
4878,0.0,0.0,0.0,0.08710217755443886,0.0,0.0
4879,0.0,0.0,0.0,0.041889483065953664,0.0,0.0
4880,0.0,0.0,0.0,0.125,0.0,0.0
4881,0.0,0.0,0.0,0.0,0.0,0.0
4882,0.0,0.0,0.0,0.0,0.0,0.0
4883,0.0,0.0,0.0,0.0,0.0,0.0
4884,0.0,0.0,0.0,0.16699410609037327,0.0,0.0
4885,0.0,0.0,0.0,0.04145077720207254,0.0,0.0
4886,0.0,0.0,0.0,0.0,0.0,0.0
4887,0.0,0.0,0.0,0.0,0.0,0.0
4888,0.0,0.0,0.0,0.0,0.0,0.0
4889,0.0,0.0,0.0,0.0,0.0,0.0
4890,0.0,0.0,0.0,0.021666666666666667,0.0,0.0
4891,0.0,0.0,0.0,0.0,0.0,0.0
4892,0.0,0.0,0.0,0.028669724770642207,0.0,0.0
4893,0.0,0.0,0.0,0.0,0.0,0.0
4894,0.0,0.0,0.0,0.0,0.0,0.0
4895,0.0,0.0,0.0,0.0,0.0,0.0
4896,0.0,0.0,0.0,0.19474196689386564,0.0,0.0
4897,0.0,0.0,0.0,0.004616805170821792,0.0,0.0
4898,0.0,0.0,0.0,0.0,0.0,0.0
4899,0.0,0.0,0.0,0.007054673721340388,0.0,0.0
4900,0.0,0.0,0.0,0.0,0.0,0.0
4901,0.0,0.0,0.0,0.027700831024930747,0.0,0.0
4902,0.0,0.0,0.0,0.0,0.0,0.0
4903,0.0,0.0,0.0,0.0009680542110358179,0.0,0.0
4904,0.0,0.0,0.0,0.0,0.0,0.0
4905,0.0,0.0,0.0,0.02027883396704689,0.0,0.0
4906,0.0,0.0,0.0,0.0,0.0,0.0
4907,0.0,0.0,0.0,0.059171597633136085,0.0,0.0
4908,0.0,0.0,0.0,0.0,0.0,0.0
4909,0.0,0.0,0.0,0.025522041763341063,0.0,0.0
4910,0.0,0.0,0.0,0.008097165991902834,0.0,0.0
4911,0.0,0.0,0.0,0.0,0.0,0.0
4912,0.0,0.0,0.0,0.0,0.0,0.0
4913,0.0,0.0,0.0,0.07613868116927261,0.0,0.0
4914,0.0,0.0,0.0,0.15384615384615385,0.0,0.0
4915,0.0,0.0,0.0,0.0,0.0,0.0
4916,0.0,0.0,0.0,0.34806629834254144,0.0,0.0
4917,0.0,0.0,0.0,0.0,0.0,0.0
4918,0.0273224043715847,0.0,0.0,0.0,0.0,0.0
4919,0.0,0.0,0.0,0.1772406847935549,0.0,0.0
4920,0.0,0.0,0.0,0.1437389770723104,0.0,0.0
4921,0.0,0.0,0.0,0.003978779840848806,0.0,0.0
4922,0.0,0.0,0.0,0.08900523560209424,0.0032722513089005235,0.0032722513089005235
4923,0.0,0.0,0.0,0.030075187969924814,0.0,0.0
4924,0.0,0.0,0.0,0.0,0.0,0.0
4925,0.0,0.0,0.0,0.0390625,0.0,0.0
4926,0.0,0.0,0.0,0.046532045654082525,0.0,0.0
4927,0.0,0.0,0.0,0.0,0.0,0.0
4928,0.0,0.0,0.0,0.29239766081871343,0.0,0.0
4929,0.0,0.0,0.0,0.0,0.0,0.0
4930,0.0,0.0,0.0,0.01818181818181818,0.0,0.0
4931,0.0,0.0,0.0,0.016042780748663103,0.0,0.0
4932,0.027092113184828414,0.0,0.0,0.20770620108368454,0.0,0.0
4933,0.0,0.0,0.0,0.01090909090909091,0.0,0.0
4934,0.0,0.0,0.0,0.028066528066528068,0.0,0.0
4935,0.0,0.0,0.0,0.11503697617091208,0.0,0.0
4936,0.0,0.0,0.0,0.008422664624808576,0.0,0.0
4937,0.0,0.0,0.0,0.2789115646258503,0.0,0.0
4938,0.0,0.0,0.0,0.0,0.0,0.0
4939,0.0,0.0,0.0,0.02711864406779661,0.0,0.0
4940,0.0,0.0,0.0,0.0583941605839416,0.0,0.0
4941,0.0,0.0,0.0,0.0,0.0,0.0
4942,0.0,0.0,0.0,0.0,0.0,0.0
4943,0.0,0.0,0.0,0.0,0.0,0.0
4944,0.0,0.0,0.0,0.0,0.0,0.0
4945,0.0,0.0,0.0,0.004344048653344918,0.0,0.0
4946,0.0,0.0,0.0,0.0,0.0,0.0
4947,0.0,0.0,0.0,0.02366863905325444,0.0,0.0
4948,0.0,0.0,0.0,0.0,0.0,0.0
4949,0.0,0.0,0.0,0.008645533141210375,0.0,0.0
4950,0.0,0.0,0.0,0.0,0.0,0.0
4951,0.0,0.0,0.0,0.0,0.0,0.0
4952,0.0,0.0,0.0,0.002111932418162618,0.0,0.0
4953,0.0,0.0,0.0,0.03964401294498382,0.0,0.0
4954,0.0,0.0,0.0,0.0,0.0,0.0
4955,0.0,0.0,0.0,0.0,0.0,0.0
4956,0.0,0.0,0.0,0.0,0.0,0.0
4957,0.0,0.0,0.0,0.0,0.0,0.0
4958,0.0,0.0,0.0,0.0,0.0,0.0
4959,0.0,0.0,0.0,0.0,0.0,0.0
4960,0.0,0.0,0.0,0.09615384615384616,0.0,0.0
4961,0.0,0.0,0.0,0.0,0.0,0.0
4962,0.0,0.0,0.0,0.0,0.0,0.0
4963,0.0,0.0,0.0,0.0,0.0,0.0
4964,0.0,0.0,0.0,0.0,0.0,0.0
4965,0.0,0.0,0.0,0.0,0.0,0.0
4966,0.0,0.0,0.0,0.40208877284595296,0.01392515230635335,0.0
4967,0.0,0.0,0.0,0.014285714285714284,0.0,0.0
4968,0.0,0.0,0.0,0.05117449664429529,0.0,0.0
4969,0.0,0.0,0.0,0.052156469408224666,0.0,0.0
4970,0.0,0.0,0.0,0.0,0.0,0.0
4971,0.0,0.0,0.0,0.0,0.0,0.0
4972,0.0,0.0,0.0,0.14213197969543148,0.0,0.0
4973,0.0,0.0,0.0,0.0,0.0,0.0
4974,0.0,0.0,0.0,0.02685950413223141,0.0,0.0
4975,0.0,0.0,0.0,0.0,0.0,0.0
4976,0.0,0.0,0.0,0.0,0.0,0.0
4977,0.0,0.0,0.0,0.0,0.0,0.0
4978,0.0,0.0,0.0,0.0,0.0,0.0
4979,0.0,0.0,0.0,0.005979073243647235,0.0,0.0
4980,0.0,0.0,0.0,0.0,0.0,0.0
4981,0.0,0.0,0.0,0.0043969849246231155,0.0,0.0
4982,0.0,0.0,0.0,0.05246913580246913,0.0,0.0
4983,0.0,0.0,0.0,0.0,0.0,0.0
4984,0.0,0.0,0.0,0.0,0.0,0.0
4985,0.0,0.0,0.0,0.0,0.0,0.0
4986,0.0,0.0,0.0,0.0,0.0,0.0
4987,0.0,0.0,0.0,0.0,0.0,0.0
4988,0.0,0.0,0.0,0.027096774193548383,0.0,0.0
4989,0.0,0.0,0.0,0.0,0.0,0.0
4990,0.0,0.0,0.0,0.0,0.0,0.0
4991,0.036175710594315236,0.0,0.0,0.12403100775193797,0.0,0.0
4992,0.0,0.0,0.0,0.0,0.0,0.0
4993,0.0,0.0,0.0,0.0,0.0,0.0
4994,0.0,0.0,0.0,0.06910569105691057,0.0,0.0
4995,0.0,0.0,0.0,0.2045779685264664,0.0,0.0
4996,0.0,0.0,0.0,0.018156424581005588,0.0,0.0
4997,0.0,0.0,0.0,0.0,0.0,0.0
4998,0.0,0.0,0.0,0.0,0.0,0.0
4999,0.0220949263502455,0.0,0.0,0.19230769230769232,0.0,0.0
5000,0.0,0.0,0.0,0.26423200859291085,0.0,0.0
5001,0.0,0.0,0.0,0.0,0.0,0.0
5002,0.0,0.0,0.0,0.0,0.0,0.0
5003,0.0,0.0,0.0,0.0,0.0,0.0
5004,0.0,0.0,0.0,0.0,0.0,0.0
5005,0.0,0.0,0.0,0.0,0.0,0.0
5006,0.0,0.0,0.0,0.0,0.0,0.0
5007,0.0,0.0,0.0,0.0,0.0,0.0
5008,0.0,0.0,0.0,0.0,0.0,0.0
5009,0.0,0.0,0.0,0.08384043272481406,0.0,0.0
5010,0.0,0.0,0.0,0.09445407279029462,0.0,0.0
5011,0.0,0.0,0.0,0.0,0.0,0.0
5012,0.0,0.0,0.0,0.0,0.0,0.0
5013,0.0,0.0,0.0,0.04965920155793573,0.0,0.0
5014,0.0,0.0,0.0,0.0,0.0,0.0
5015,0.0,0.0,0.0,0.0,0.0,0.0
5016,0.0,0.0,0.0,0.0,0.0,0.0
5017,0.0,0.0,0.0,0.0,0.0,0.0
5018,0.0,0.0,0.0,0.0,0.0,0.0
5019,0.0,0.0,0.0,0.0,0.0,0.0
5020,0.0,0.0,0.0,0.09615384615384616,0.0,0.0
5021,0.0,0.0,0.0,0.0,0.0,0.0
5022,0.0,0.0,0.0,0.12231930103256553,0.0,0.0
5023,0.0,0.0,0.0,0.004056795131845843,0.0,0.0
5024,0.0,0.0,0.0,0.0,0.0,0.0
5025,0.0,0.0,0.0,0.012129380053908356,0.0,0.0
5026,0.0,0.0,0.0,0.0,0.0,0.0
5027,0.0,0.0,0.0,0.02236421725239616,0.0,0.0
5028,0.0,0.0,0.0,0.0,0.0,0.0
5029,0.0,0.0,0.0,0.0,0.0,0.0
5030,0.0,0.0,0.0,0.01,0.0,0.0
5031,0.0,0.0,0.0,0.0,0.0,0.0
5032,0.0,0.0,0.0,0.0,0.0,0.0
5033,0.0,0.0,0.0,0.0,0.0,0.0
5034,0.0,0.0,0.0,0.0037105751391465678,0.0,0.0
5035,0.0,0.0,0.0,0.0,0.0,0.0
5036,0.0,0.0,0.0,0.2890955198647506,0.0,0.0
5037,0.0,0.0,0.0,0.0,0.0,0.0
5038,0.0,0.0,0.0,0.0018382352941176468,0.0,0.0
5039,0.0,0.0,0.0,0.0,0.0,0.0
5040,0.0,0.0,0.0,0.17206132879045996,0.0,0.0
5041,0.0,0.0,0.0,0.0,0.0,0.0
5042,0.0,0.0,0.0,0.17094017094017094,0.0,0.0
5043,0.0,0.0,0.0,0.03125,0.0,0.0
5044,0.0,0.0,0.0,0.0328879753340185,0.0,0.0
5045,0.0,0.0,0.0,0.27152777777777776,0.0,0.0
5046,0.0,0.0,0.0,0.0,0.0,0.0
5047,0.0,0.0,0.0,0.0,0.0,0.0
5048,0.0,0.0,0.0,0.06178489702517163,0.0,0.0
5049,0.0,0.0,0.0,0.0,0.0,0.0
5050,0.0,0.0,0.0,0.0,0.0,0.0
5051,0.0,0.0,0.0,0.0,0.0,0.0
5052,0.0,0.0,0.0,0.0,0.0,0.0
5053,0.0,0.0,0.0,0.0,0.0,0.0
5054,0.0,0.0,0.0,0.09048569527611444,0.0,0.0
5055,0.041193181818181816,0.020596590909090908,0.020596590909090908,0.13352272727272727,0.0,0.0
5056,0.0,0.0,0.0,0.0,0.0,0.0
5057,0.0,0.0,0.0,0.0,0.0,0.0
5058,0.0,0.0,0.0,0.033566433566433566,0.0,0.0
5059,0.0,0.0,0.0,0.0702656383890317,0.0,0.0
5060,0.0,0.0,0.0,0.023781212841854936,0.0,0.0
5061,0.0,0.0,0.0,0.0,0.0,0.0
5062,0.0,0.0,0.0,0.0,0.0,0.0
5063,0.0,0.0,0.0,0.0,0.0,0.0
5064,0.0,0.0,0.0,0.0,0.0,0.0
5065,0.0,0.0,0.0,0.0,0.0,0.0
5066,0.0,0.0,0.0,0.0,0.0,0.0
5067,0.0,0.0,0.0,0.0,0.0,0.0
5068,0.0,0.0,0.0,0.004736129905277402,0.0,0.0
5069,0.0,0.0,0.0,0.04,0.0,0.0
5070,0.0,0.0,0.0,0.06,0.0,0.0
5071,0.0,0.0,0.0,0.0007235890014471781,0.0,0.0
5072,0.0,0.0,0.0,0.034124629080118686,0.0,0.0
5073,0.0,0.0,0.0,0.0,0.0,0.0
5074,0.0,0.0,0.0,0.0,0.0,0.0
5075,0.0,0.0,0.0,0.041407867494824016,0.0,0.0
5076,0.0,0.0,0.0,0.0,0.0,0.0
5077,0.0,0.0,0.0,0.0,0.0,0.0
5078,0.0,0.0,0.0,0.0,0.0,0.0
5079,0.0,0.0,0.0,0.0,0.0,0.0
5080,0.0,0.0,0.0,0.14736842105263154,0.0,0.0
5081,0.0,0.0,0.0,0.03153153153153153,0.0,0.0
5082,0.0,0.0,0.0,0.018292682926829267,0.0,0.0
5083,0.0,0.0,0.0,0.12688172043010754,0.0,0.0
5084,0.0,0.0,0.0,0.2465753424657534,0.0,0.0
5085,0.0,0.0,0.0,0.0,0.0,0.0
5086,0.0,0.0,0.0,0.1109478324761205,0.0,0.0
5087,0.0,0.0,0.0,0.0072007200720072,0.0,0.0
5088,0.0,0.0,0.0,0.0,0.0,0.0
5089,0.0,0.0,0.0,0.033123028391167195,0.0,0.0
5090,0.0,0.0,0.0,0.0,0.0,0.0
5091,0.0,0.0,0.0,0.06030150753768844,0.0,0.0
5092,0.0,0.0,0.0,0.06505102040816327,0.0,0.0
5093,0.0,0.0,0.0,0.0,0.0,0.0
5094,0.0,0.0,0.0,0.01855287569573284,0.0,0.0
5095,0.0,0.0,0.0,0.0,0.0,0.0
5096,0.0,0.0,0.0,0.0,0.0,0.0
5097,0.0,0.0,0.0,0.11458333333333333,0.0,0.0
5098,0.0,0.0,0.0,0.0,0.0,0.0
5099,0.049107142857142856,0.0,0.0,0.08928571428571429,0.0,0.049107142857142856
5100,0.0,0.0,0.0,0.002320185614849188,0.0,0.0
5101,0.0,0.0,0.0,0.0075131480090157785,0.0,0.0
5102,0.03171641791044776,0.0,0.0,0.05597014925373135,0.0,0.0
5103,0.0,0.0,0.0,0.0,0.0,0.0
5104,0.0,0.0,0.0,0.07072515666965085,0.0,0.0
5105,0.0,0.0,0.0,0.0,0.0,0.0
5106,0.0,0.0,0.0,0.0007861635220125787,0.0,0.0
5107,0.0,0.0,0.0,0.4199243379571249,0.0,0.0
5108,0.0,0.0,0.0,0.0,0.0,0.0
5109,0.038461538461538464,0.013986013986013986,0.013986013986013986,0.08391608391608392,0.0,0.0
5110,0.0,0.0,0.0,0.0,0.0,0.0
5111,0.0,0.0,0.0,0.03728813559322034,0.0,0.0
5112,0.0,0.0,0.0,0.0,0.0,0.0
5113,0.0,0.0,0.0,0.0,0.0,0.0
5114,0.0,0.0,0.0,0.0,0.0,0.0
5115,0.0,0.0,0.0,0.029556650246305417,0.0,0.0
5116,0.0,0.0,0.0,0.0,0.0,0.0
5117,0.0,0.0,0.0,0.0,0.0,0.0
5118,0.0,0.0,0.0,0.09536784741144416,0.0,0.0
5119,0.0,0.0,0.0,0.021621621621621626,0.0,0.0
5120,0.0,0.0,0.0,0.0,0.0,0.0
5121,0.0,0.0,0.0,0.0,0.0,0.0
5122,0.0,0.0,0.0,0.29017857142857145,0.0,0.0
5123,0.0,0.0,0.0,0.0,0.0,0.0
5124,0.0,0.0,0.0,0.0,0.0,0.0
5125,0.0,0.0,0.0,0.0,0.0,0.0
5126,0.05132743362831858,0.0,0.0,0.3522123893805309,0.0,0.0
5127,0.0,0.0,0.0,0.0,0.0,0.0
5128,0.0,0.0,0.0,0.0,0.0,0.0
5129,0.0,0.0,0.0,0.0,0.0,0.0
5130,0.0,0.0,0.0,0.0,0.0,0.0
5131,0.0,0.0,0.0,0.3510971786833856,0.0,0.0
5132,0.0,0.0,0.0,0.0,0.0,0.0
5133,0.0,0.0,0.0,0.35014836795252224,0.0,0.0
5134,0.0,0.0,0.0,0.011627906976744186,0.0,0.0
5135,0.0,0.0,0.0,0.1977900552486188,0.0,0.0
5136,0.0,0.0,0.0,0.0,0.0,0.0
5137,0.0,0.0,0.0,0.0,0.0,0.0
5138,0.0,0.0,0.0,0.002355712603062426,0.0,0.0
5139,0.0,0.0,0.0,0.045189504373177834,0.0,0.0
5140,0.0,0.0,0.0,0.015748031496062992,0.0,0.0
5141,0.0,0.0,0.0,0.01366120218579235,0.0,0.0
5142,0.0,0.0,0.0,0.0,0.0,0.0
5143,0.0,0.0,0.0,0.0,0.0,0.0
5144,0.0,0.0,0.0,0.0,0.0,0.0
5145,0.0,0.0,0.0,0.0,0.0,0.0
5146,0.0,0.0,0.0,0.1436532507739938,0.0,0.0
5147,0.0,0.0,0.0,0.10248447204968944,0.0,0.0
5148,0.0,0.0,0.0,0.1504424778761062,0.0,0.0
5149,0.0,0.0,0.0,0.03980099502487562,0.0,0.0
5150,0.0,0.0,0.0,0.0,0.0,0.0
5151,0.0,0.0,0.0,0.009389671361502348,0.0,0.0
5152,0.0,0.0,0.0,0.03795066413662239,0.0,0.0
5153,0.0,0.0,0.0,0.75,0.0,0.0
5154,0.0,0.0,0.0,0.0,0.0,0.0
5155,0.0,0.0,0.0,0.0,0.0,0.0
5156,0.0,0.0,0.0,0.0,0.0,0.0
5157,0.0,0.0,0.0,0.0,0.0,0.0
5158,0.0,0.0,0.0,0.09090909090909093,0.0,0.0
5159,0.0,0.0,0.0,0.0,0.0,0.0
5160,0.0,0.0,0.0,0.0,0.0,0.0
5161,0.0,0.0,0.0,0.035743298131600335,0.0,0.0
5162,0.0,0.0,0.0,0.040816326530612235,0.0,0.0
5163,0.0,0.0,0.0,0.0568561872909699,0.0,0.0
5164,0.0,0.0,0.0,0.0,0.0,0.0
5165,0.0,0.0,0.0,0.14392059553349876,0.0,0.0
5166,0.0,0.0,0.0,0.03055229142185664,0.0,0.0
5167,0.0,0.0,0.0,0.07062600321027288,0.0,0.0
5168,0.0,0.0,0.0,0.005331302361005331,0.0,0.0
5169,0.0,0.0,0.0,0.0,0.0,0.0
5170,0.0,0.0,0.0,0.1884346959122632,0.0,0.0
5171,0.0,0.0,0.0,0.0,0.0,0.0
5172,0.0,0.0,0.0,0.0777027027027027,0.0,0.0
5173,0.015191545574636724,0.0,0.0,0.2001321003963012,0.0,0.0
5174,0.0,0.0,0.0,0.13172690763052208,0.0,0.0
5175,0.0,0.0,0.0,0.0,0.0,0.0
5176,0.0,0.0,0.0,0.02744739249771272,0.0,0.0
5177,0.0,0.0,0.0,0.0,0.0,0.0
5178,0.0,0.0,0.0,0.0,0.0,0.0
5179,0.0,0.0,0.0,0.12073073868149325,0.0,0.0
5180,0.0,0.0,0.0,0.0,0.0,0.0
5181,0.0,0.0,0.0,0.017421602787456445,0.0,0.0
5182,0.0,0.0,0.0,0.31746031746031744,0.0,0.0
5183,0.0,0.0,0.0,0.0,0.0,0.0
5184,0.0,0.0,0.0,0.0,0.0,0.0
5185,0.0,0.0,0.0,0.021312872975277068,0.0,0.0
5186,0.0,0.0,0.0,0.03157894736842105,0.0,0.0
5187,0.0,0.0,0.0,0.0,0.0,0.0
5188,0.0,0.0,0.0,0.0,0.0,0.0
5189,0.0,0.0,0.0,0.018884892086330936,0.0,0.0
5190,0.0,0.0,0.0,0.0,0.0,0.0
5191,0.0,0.0,0.0,0.0,0.0,0.0
5192,0.0,0.0,0.0,0.029520295202952032,0.0,0.0
5193,0.0,0.0,0.0,0.0,0.0,0.0
5194,0.0,0.0,0.0,0.027196652719665274,0.0,0.0
5195,0.0,0.0,0.0,0.0,0.0,0.0
5196,0.0,0.0,0.0,0.005025125628140704,0.0,0.0
5197,0.0,0.0,0.0,0.04322033898305085,0.0,0.0
5198,0.0,0.0,0.0,0.10443864229765012,0.0,0.0
5199,0.0,0.0,0.0,0.01,0.0,0.0
5200,0.0,0.0,0.0,0.0099009900990099,0.0,0.0
5201,0.0,0.0,0.0,0.0,0.0,0.0
5202,0.0,0.0,0.0,0.0,0.0,0.0
5203,0.0,0.0,0.0,0.01936619718309859,0.0,0.0
5204,0.0,0.0,0.0,0.0,0.0,0.0
5205,0.0,0.0,0.0,0.0,0.0,0.0
5206,0.0,0.0,0.0,0.0,0.0,0.0
5207,0.0,0.0,0.0,0.06867356538099717,0.0,0.0
5208,0.0,0.0,0.0,0.01812688821752266,0.007250755287009063,0.0
5209,0.0,0.0,0.0,0.0,0.0,0.0
5210,0.0,0.0,0.0,0.16091281451141018,0.0,0.0
5211,0.0,0.0,0.0,0.0,0.0,0.0
5212,0.0,0.0,0.0,0.0,0.0,0.0
5213,0.0,0.0,0.0,0.0,0.0,0.0
5214,0.0,0.0,0.0,0.0056451612903225794,0.0,0.0
5215,0.0,0.0,0.0,0.14285714285714285,0.0,0.0
5216,0.0,0.0,0.0,0.16253101736972705,0.0,0.0
5217,0.0,0.0,0.0,0.043478260869565216,0.0,0.0
5218,0.0,0.0,0.0,0.7460317460317459,0.0,0.0
5219,0.0,0.0,0.0,0.05882352941176471,0.0,0.0
5220,0.0,0.0,0.0,0.0,0.0,0.0
5221,0.0,0.0,0.0,0.0,0.0,0.0
5222,0.0,0.0,0.0,0.0,0.0,0.0
5223,0.0,0.0,0.0,0.0,0.0,0.0
5224,0.0,0.0,0.0,0.0,0.0,0.0
5225,0.0,0.0,0.0,0.07481296758104737,0.0,0.0
5226,0.0,0.0,0.0,0.007322175732217573,0.0,0.0
5227,0.0,0.0,0.0,0.03752039151712888,0.0,0.0
5228,0.0,0.0,0.0,0.0,0.0,0.0
5229,0.0,0.0,0.0,0.02569593147751606,0.0,0.0
5230,0.0,0.0,0.0,0.22262118491921004,0.0,0.0
5231,0.0,0.0,0.0,0.0,0.0,0.0
5232,0.0,0.0,0.0,0.36990154711673706,0.0,0.0
5233,0.0,0.0,0.0,0.21526104417670686,0.0,0.0
5234,0.0,0.0,0.0,0.0,0.0,0.0
5235,0.0,0.0,0.0,0.0,0.0,0.0
5236,0.0,0.0,0.0,0.07194244604316546,0.0,0.0
5237,0.0,0.0,0.0,0.0,0.0,0.0
5238,0.0,0.0,0.0,0.152834008097166,0.0,0.0
5239,0.0,0.0,0.0,0.0,0.0,0.0
5240,0.4,0.0,0.0,0.0,0.0,0.0
5241,0.0,0.0,0.0,0.0,0.0,0.0
5242,0.0,0.0,0.0,0.0010152284263959394,0.0,0.0
5243,0.0,0.0,0.0,0.07344632768361582,0.0,0.0
5244,0.0,0.0,0.0,0.0,0.0,0.0
5245,0.0,0.0,0.0,0.0763888888888889,0.0,0.0
5246,0.0,0.0,0.0,0.17590361445783131,0.0,0.0
5247,0.0,0.0,0.0,0.03949447077409163,0.0,0.0
5248,0.0,0.0,0.0,0.017328519855595668,0.0,0.0
5249,0.0,0.0,0.0,0.0,0.0,0.0
5250,0.0,0.0,0.0,0.0,0.0,0.0
5251,0.0,0.0,0.0,0.05681818181818181,0.0,0.0
5252,0.0,0.0,0.0,0.0734094616639478,0.0,0.0
5253,0.0,0.0,0.0,0.5,0.0,0.0
5254,0.0,0.0,0.0,0.1111111111111111,0.0,0.0
5255,0.0,0.0,0.0,0.125,0.0,0.0
5256,0.0,0.0,0.0,0.0,0.0,0.0
5257,0.0,0.0,0.0,0.0,0.0,0.0
5258,0.0,0.0,0.0,0.2855822550831793,0.0,0.0
5259,0.0,0.0,0.0,0.13765182186234814,0.0,0.0
5260,0.0,0.0,0.0,0.050204918032786885,0.0,0.0
5261,0.0,0.0,0.0,0.0,0.0,0.0
5262,0.0,0.0,0.0,0.0,0.0,0.0
5263,0.0,0.0,0.0,0.0,0.0,0.0
5264,0.0,0.0,0.0,0.035952063914780286,0.0,0.0
5265,0.0,0.0,0.0,0.14285714285714285,0.0,0.0
5266,0.0,0.0,0.0,0.05509641873278237,0.0,0.0
5267,0.0,0.0,0.0,0.06196213425129087,0.0,0.0
5268,0.0,0.0,0.0,0.0,0.0,0.0
5269,0.0,0.0,0.0,0.0,0.0,0.0
5270,0.0,0.0,0.0,0.0,0.0,0.0
5271,0.26143024618991795,0.0,0.0,0.17233294255568582,0.016412661195779603,0.016412661195779603
5272,0.0,0.0,0.0,0.0,0.0,0.0
5273,0.0,0.0,0.0,0.0,0.0,0.0
5274,0.0,0.0,0.0,0.07086614173228346,0.0,0.0
5275,0.0,0.0,0.0,0.0375,0.0,0.0
5276,0.0,0.0,0.0,0.0,0.0,0.0
5277,0.0,0.0,0.0,0.057142857142857134,0.0,0.0
5278,0.0,0.0,0.0,0.0,0.0,0.0
5279,0.0,0.0,0.0,0.0,0.0,0.0
5280,0.0,0.0,0.0,0.0,0.0,0.0
5281,0.0,0.0,0.0,0.23703703703703705,0.0,0.0
5282,0.0,0.0,0.0,0.006666666666666667,0.0,0.0
5283,0.0,0.0,0.0,0.0,0.0,0.0
5284,0.0,0.0,0.0,0.03602726387536514,0.0,0.0
5285,0.0,0.0,0.0,0.0,0.0,0.0
5286,0.0,0.0,0.0,0.0,0.0,0.0
5287,0.0,0.0,0.0,0.0,0.0,0.0
5288,0.0,0.0,0.0,0.0,0.0,0.0
5289,0.0,0.0,0.0,0.0,0.0,0.0
5290,0.0,0.0,0.0,0.0,0.0,0.0
5291,0.0,0.0,0.0,0.0,0.0,0.0
5292,0.0,0.0,0.0,0.0,0.0,0.0
5293,0.0,0.0,0.0,0.023026315789473683,0.0,0.0
5294,0.0,0.0,0.0,0.003137254901960784,0.0,0.0
5295,0.0,0.0,0.0,0.013888888888888888,0.0,0.0
5296,0.0,0.0,0.0,0.0,0.0,0.0
5297,0.02998236331569665,0.03527336860670194,0.0,0.29188712522045857,0.006172839506172839,0.0
5298,0.0,0.0,0.0,0.0,0.0,0.0
5299,0.0,0.0,0.0,0.0274949083503055,0.0,0.0
5300,0.0,0.0,0.0,0.0,0.0,0.0
5301,0.0,0.0,0.0,0.0,0.0,0.0
5302,0.0,0.0,0.0,0.0,0.0,0.0
5303,0.0,0.0,0.0,0.04995617879053462,0.0,0.0
5304,0.0,0.0,0.0,0.010878010878010878,0.0,0.0
5305,0.0,0.0,0.0,0.038406827880512084,0.0,0.0
5306,0.022401433691756272,0.0,0.0,0.053763440860215055,0.0,0.0
5307,0.0,0.0,0.0,0.0,0.0,0.0
5308,0.0,0.0,0.0,0.0,0.0,0.0
5309,0.0,0.0,0.0,0.21412964311726146,0.0,0.0
5310,0.0,0.0,0.0,0.042328042328042326,0.0,0.0
5311,0.0,0.0,0.0,0.2383465259454705,0.0,0.0
5312,0.0,0.0,0.0,0.0,0.0,0.0
5313,0.0,0.0,0.0,0.047224523612261815,0.0,0.0
5314,0.0,0.0,0.0,0.0,0.0,0.0
5315,0.0,0.0,0.0,0.0,0.0,0.0
5316,0.0,0.0,0.0,0.0,0.0,0.0
5317,0.0,0.0,0.0,0.0,0.0,0.0
5318,0.0,0.0,0.0,0.0,0.0,0.0
5319,0.0,0.0,0.0,0.014952153110047847,0.0,0.0
5320,0.125,0.0,0.0,0.1373762376237624,0.0,0.0
5321,0.0,0.0,0.0,0.0,0.0,0.0
5322,0.0,0.0,0.0,0.0,0.0,0.0
5323,0.0,0.0,0.0,0.0,0.0,0.0
5324,0.0,0.0,0.0,0.10309278350515463,0.0,0.0
5325,0.0,0.0,0.0,0.0,0.0,0.0
5326,0.0,0.0,0.0,0.0,0.0,0.0
5327,0.0,0.0,0.0,0.03349673202614379,0.0,0.0
5328,0.0,0.0,0.0,0.0,0.0,0.0
5329,0.0,0.0,0.0,0.0,0.0,0.0
5330,0.0,0.0,0.0,0.0,0.0,0.0
5331,0.0,0.0,0.0,0.0,0.0,0.0
5332,0.0,0.0,0.0,0.0,0.0,0.0
5333,0.0,0.0,0.0,0.0,0.0,0.0
5334,0.0,0.0,0.0,0.0,0.0,0.0
5335,0.0,0.0,0.0,0.0,0.0,0.0
5336,0.0,0.0,0.0,0.032640949554896145,0.0,0.0
5337,0.0,0.0,0.0,0.0,0.0,0.0
5338,0.0,0.0,0.0,0.0,0.0,0.0
5339,0.0,0.0,0.0,0.2727272727272727,0.0,0.0
5340,0.0,0.0,0.0,0.2275449101796407,0.0,0.0
5341,0.0,0.0,0.0,0.0,0.0,0.0
5342,0.0,0.0,0.0,0.0,0.0,0.0
5343,0.0,0.0,0.0,0.01762114537444934,0.0,0.0
5344,0.021764032073310426,0.0,0.0,0.09621993127147767,0.0,0.0
5345,0.0,0.0,0.0,0.053959965187119235,0.0,0.0
5346,0.0,0.0,0.0,0.0,0.0,0.0
5347,0.0,0.0,0.0,0.0,0.0,0.0
5348,0.0,0.0,0.0,0.0,0.0,0.0
5349,0.0,0.0,0.0,0.02162565249813572,0.0,0.0
5350,0.0,0.0,0.0,0.007660577489687683,0.0,0.0
5351,0.0,0.0,0.0,0.0,0.0,0.0
5352,0.0,0.0,0.0,0.05121293800539083,0.0,0.0
5353,0.0,0.0,0.0,0.12903225806451613,0.0,0.0
5354,0.0,0.0,0.0,0.0,0.0,0.0
5355,0.0,0.0,0.0,0.0,0.0,0.0
5356,0.0,0.0,0.0,0.014198782961460446,0.0,0.0
5357,0.0,0.0,0.0,0.0,0.0,0.0
5358,0.0,0.0,0.0,0.0,0.0,0.0
5359,0.0,0.0,0.0,0.0,0.0,0.0
5360,0.037037037037037035,0.0,0.0,0.07165861513687599,0.0,0.0
5361,0.0,0.0,0.0,0.013026819923371648,0.0,0.0
5362,0.0,0.0,0.0,0.0,0.0,0.0
5363,0.0,0.0,0.0,0.06855575868372943,0.0,0.0
5364,0.0,0.0,0.0,0.0,0.0,0.0
5365,0.0,0.0,0.0,0.0878839590443686,0.0,0.0
5366,0.0,0.0,0.0,0.02325581395348837,0.0,0.0
5367,0.0,0.0,0.0,0.032352941176470584,0.0,0.0
5368,0.0,0.0,0.0,0.0,0.0,0.0
5369,0.0,0.0,0.0,0.017578125,0.0,0.0
5370,0.0,0.0,0.0,0.0,0.0,0.0
5371,0.0,0.0,0.0,0.0,0.0,0.0
5372,0.0,0.0,0.0,0.0,0.0,0.0
5373,0.0,0.0,0.0,0.0220125786163522,0.0,0.0
5374,0.0,0.0,0.0,0.031746031746031744,0.0,0.0
5375,0.0,0.0,0.0,0.08248378127896201,0.0,0.0
5376,0.0,0.0,0.0,0.03231939163498099,0.0,0.0
5377,0.0,0.0,0.0,0.0,0.0,0.0
5378,0.0,0.0,0.0,0.0,0.0,0.0
5379,0.0,0.0,0.0,0.0,0.0,0.0
5380,0.0,0.0,0.0,0.3157894736842105,0.0,0.0
5381,0.0,0.0,0.0,0.0,0.0,0.0
5382,0.0,0.0,0.0,0.06856702619414484,0.0,0.0
5383,0.0,0.0,0.0,0.037393162393162385,0.0,0.0
5384,0.0,0.0,0.0,0.0,0.0,0.0
5385,0.0,0.0,0.0,0.3375,0.0,0.0
5386,0.0,0.0,0.0,0.0,0.0,0.0
5387,0.0,0.0,0.0,0.07941176470588235,0.0,0.0
5388,0.0,0.0,0.0,0.03207810320781032,0.0,0.0
5389,0.0,0.0,0.0,0.045669291338582683,0.0,0.0
5390,0.0,0.0,0.0,0.0,0.0,0.0
5391,0.0,0.0,0.0,0.0,0.0,0.0
5392,0.0,0.0,0.0,0.0,0.0,0.0
5393,0.0,0.0,0.0,0.0,0.0,0.0
5394,0.0,0.0,0.0,0.015359741309620046,0.0,0.0
5395,0.0,0.0,0.0,0.0,0.0,0.0
5396,0.0,0.0,0.0,0.026411657559198543,0.0,0.0
5397,0.0,0.0,0.0,0.0,0.0,0.0
5398,0.0,0.0,0.0,0.0,0.0,0.0
5399,0.0,0.0,0.0,0.05263157894736842,0.0,0.0
5400,0.0,0.0,0.0,0.032329169728141066,0.0,0.0
5401,0.0,0.0,0.0,0.0810126582278481,0.0,0.0
5402,0.0,0.0,0.0,0.0,0.0,0.0
5403,0.0,0.0,0.0,0.037128712871287134,0.0,0.0
5404,0.05691056910569105,0.0,0.0,0.2682926829268293,0.0,0.0
5405,0.0,0.0,0.0,0.02017484868863484,0.0,0.0
5406,0.0,0.0,0.0,0.1068814055636896,0.0,0.0
5407,0.0,0.0,0.0,0.08092485549132948,0.0,0.0
5408,0.0,0.0,0.0,0.037037037037037035,0.0,0.0
5409,0.0,0.0,0.0,1.0,0.0,0.0
5410,0.0,0.0,0.0,0.01647940074906367,0.0,0.0
5411,0.0,0.0,0.0,0.0,0.0,0.0
5412,0.0,0.0,0.0,0.018604651162790697,0.0,0.0
5413,0.0,0.0,0.0,0.05540166204986149,0.0,0.0
5414,0.0,0.0,0.0,0.0,0.0,0.0
5415,0.0,0.0,0.0,0.0,0.0,0.0
5416,0.0,0.0,0.0,0.028355387523629486,0.0,0.0
5417,0.0,0.0,0.0,0.0,0.0,0.0
5418,0.0,0.0,0.0,0.013999999999999999,0.0,0.0
5419,0.0,0.0,0.0,0.0,0.0,0.0
5420,0.0,0.0,0.0,0.0,0.0,0.0
5421,0.0,0.0,0.0,0.0,0.0,0.0
5422,0.0,0.0,0.0,0.0,0.0,0.0
5423,0.0,0.0,0.0,0.0,0.0,0.0
5424,0.0,0.0,0.0,0.19925512104283052,0.0,0.0
5425,0.0,0.0,0.0,0.0,0.0,0.0
5426,0.0,0.0,0.0,0.0,0.0,0.0
5427,0.0,0.0,0.0,0.01420029895366218,0.0,0.0
5428,0.0,0.0,0.0,0.06140350877192983,0.0,0.0
5429,0.0,0.0,0.0,0.0,0.0,0.0
5430,0.0,0.0,0.0,0.0,0.0,0.0
5431,0.0,0.0,0.0,0.0,0.0,0.0
5432,0.0,0.0,0.0,0.0,0.0,0.0
5433,0.0,0.0,0.0,0.0,0.0,0.0
5434,0.0,0.0,0.0,0.0,0.0,0.0
5435,0.0,0.0,0.0,0.0,0.0,0.0
5436,0.0,0.0,0.0,0.07142857142857142,0.0,0.0
5437,0.0,0.0,0.0,0.0,0.0,0.0
5438,0.0,0.0,0.0,0.0474934036939314,0.0,0.0
5439,0.0,0.0,0.0,0.0,0.0,0.0
5440,0.0,0.0,0.0,0.0978494623655914,0.0,0.0
5441,0.0,0.0,0.0,0.0,0.0,0.0
5442,0.0,0.0,0.0,0.0,0.0,0.0
5443,0.0,0.0,0.0,0.0,0.0,0.0
5444,0.0,0.0,0.0,0.0,0.0,0.0
5445,0.0,0.0,0.0,0.0,0.0,0.0
5446,0.0,0.0,0.0,0.0,0.0,0.0
5447,0.0,0.0,0.0,0.017769607843137254,0.0,0.0
5448,0.0,0.0,0.0,0.0,0.0,0.0
5449,0.0,0.0,0.0,0.00508130081300813,0.0,0.0
5450,0.0,0.0,0.0,0.0,0.0,0.0
5451,0.0,0.0,0.0,0.0,0.0,0.0
5452,0.0,0.0,0.0,0.0041459369817578775,0.0,0.0
5453,0.0,0.0,0.0,0.06889352818371608,0.0,0.0
5454,0.0,0.0,0.0,0.0,0.0,0.0
5455,0.0,0.0,0.0,0.001973684210526316,0.0,0.0
5456,0.0,0.0,0.0,0.0,0.0,0.0
5457,0.0,0.0,0.0,0.0,0.0,0.0
5458,0.0,0.0,0.0,0.0,0.0,0.0
5459,0.0,0.0,0.0,0.0,0.0,0.0
5460,0.0,0.0,0.0,0.0,0.0,0.0
5461,0.0,0.0,0.0,0.0,0.0,0.0
5462,0.0,0.0,0.0,0.09375,0.0,0.0
5463,0.0,0.0,0.0,0.0,0.0,0.0
5464,0.0,0.0,0.0,0.33962264150943394,0.0,0.0
5465,0.0,0.0,0.0,0.22124542124542124,0.0,0.0
5466,0.0,0.0,0.0,0.05704697986577181,0.0,0.0
5467,0.0,0.0,0.0,0.0,0.0,0.0
5468,0.0,0.0,0.0,0.003699136868064119,0.0,0.0
5469,0.0,0.0,0.0,0.0,0.0,0.0
5470,0.0,0.0,0.0,0.02729528535980149,0.0,0.0
5471,0.0,0.0,0.0,0.01730769230769231,0.0,0.0
5472,0.0,0.0,0.0,0.0,0.0,0.0
5473,0.0,0.0,0.0,0.0,0.0,0.0
5474,0.0,0.0,0.0,0.13357400722021662,0.0,0.0
5475,0.0,0.0,0.0,0.008136696501220505,0.0,0.0
5476,0.0,0.0,0.0,0.06934306569343067,0.0,0.0
5477,0.0,0.0,0.0,0.0,0.0,0.0
5478,0.0,0.0,0.0,0.1980018165304269,0.0,0.0
5479,0.0,0.0,0.0,0.0,0.0,0.0
5480,0.0,0.0,0.0,0.015384615384615384,0.0,0.0
5481,0.0,0.0,0.0,0.0,0.0,0.0
5482,0.0,0.0,0.0,0.17543859649122806,0.0,0.0
5483,0.0,0.0,0.0,0.0,0.0,0.0
5484,0.0,0.0,0.0,0.0,0.0,0.0
5485,0.0,0.0,0.0,0.19444444444444445,0.0,0.0
5486,0.0,0.0,0.0,0.011476664116296864,0.0,0.0
5487,0.0,0.0,0.0,0.0,0.0,0.0
5488,0.0,0.0,0.0,0.0,0.0,0.0
5489,0.0,0.0,0.0,0.0,0.0,0.0
5490,0.0,0.0,0.0,0.23906976744186045,0.0,0.0
5491,0.0,0.0,0.0,0.011780104712041885,0.0,0.0
5492,0.0,0.0,0.0,0.027522935779816515,0.0,0.0
5493,0.0,0.0,0.0,0.0,0.0,0.0
5494,0.0,0.0,0.0,0.0,0.0,0.0
5495,0.0,0.0,0.0,0.05324813631522897,0.0,0.0
5496,0.0,0.0,0.0,0.26978998384491115,0.0,0.0
5497,0.0,0.0,0.0,0.023323615160349854,0.0,0.0
5498,0.0,0.0,0.0,0.04604604604604605,0.0,0.0
5499,0.0,0.0,0.0,0.026068821689259645,0.0,0.0
5500,0.0,0.0,0.0,0.017769607843137254,0.0,0.0
5501,0.0,0.0,0.0,0.057926829268292686,0.0,0.0
5502,0.0,0.0,0.0,0.0,0.0,0.0
5503,0.0,0.0,0.0,0.0,0.0,0.0
5504,0.0,0.0,0.0,0.005333333333333333,0.0,0.0
5505,0.0,0.0,0.0,0.0,0.0,0.0
5506,0.0,0.0,0.0,0.0,0.0,0.0
5507,0.0,0.0,0.0,0.0,0.0,0.0
5508,0.0,0.0,0.0,0.031746031746031744,0.0,0.0
5509,0.0,0.0,0.0,0.4969053934571176,0.0,0.0
5510,0.0,0.0,0.0,0.0,0.0,0.0
5511,0.0,0.0,0.0,0.0,0.0,0.0
5512,0.0,0.0,0.0,0.0,0.0,0.0
5513,0.0,0.0,0.0,0.0,0.0,0.0
5514,0.0,0.0,0.0,0.0,0.0,0.0
5515,0.0,0.0,0.0,0.0,0.0,0.0
5516,0.0,0.0,0.0,0.032911392405063286,0.0,0.0
5517,0.0,0.0,0.0,0.0,0.0,0.0
5518,0.0,0.0,0.0,0.0,0.0,0.0
5519,0.0,0.0,0.0,0.0,0.0,0.0
5520,0.0,0.0,0.0,0.0,0.0,0.0
5521,0.0,0.0,0.0,0.0043196544276457895,0.0,0.0
5522,0.0,0.0,0.0,0.21810250817884405,0.0,0.0
5523,0.0,0.0,0.0,0.012863534675615212,0.0,0.0
5524,0.0,0.0,0.0,0.0,0.0,0.0
5525,0.017690875232774673,0.0,0.0,0.0,0.0,0.0
5526,0.0,0.0,0.0,0.0,0.0,0.0
5527,0.0,0.0,0.0,0.0,0.0,0.0
5528,0.0,0.0,0.0,0.0,0.0,0.0
5529,0.0,0.0,0.0,0.01464307504575961,0.0,0.0
5530,0.0,0.0,0.0,0.0,0.0,0.0
5531,0.0,0.0,0.0,0.0,0.0,0.0
5532,0.0,0.0,0.0,0.0,0.0,0.0
5533,0.0,0.0,0.0,0.003393665158371041,0.0,0.0
5534,0.03484320557491289,0.0,0.0,0.0,0.0,0.0
5535,0.0,0.0,0.0,0.0,0.0,0.0
5536,0.02178988326848249,0.0,0.0,0.0,0.0,0.0
5537,0.0,0.0,0.0,0.0,0.0,0.0
5538,0.0,0.0,0.0,0.037206266318537864,0.0,0.0
5539,0.0,0.0,0.0,0.0,0.0,0.0
5540,0.0,0.0,0.0,0.0,0.0,0.0
5541,0.0,0.0,0.0,0.0,0.0,0.0
5542,0.0,0.0,0.0,0.058992805755395686,0.0,0.0
5543,0.01290719114935464,0.01290719114935464,0.01290719114935464,0.015980331899200985,0.0,0.0
5544,0.0,0.0,0.0,0.0,0.0,0.0
5545,0.0,0.0,0.0,0.0,0.0,0.0
5546,0.0,0.0,0.0,0.0,0.0,0.0
5547,0.0,0.0,0.0,0.0,0.0,0.0
5548,0.0,0.0,0.0,0.0,0.0,0.0
5549,0.0,0.0,0.0,0.011235955056179777,0.0,0.0
5550,0.0,0.0,0.0,0.0,0.0,0.0
5551,0.0,0.0,0.0,0.0,0.0,0.0
5552,0.0,0.0,0.0,0.2515868436237738,0.0,0.0
5553,0.0,0.0,0.0,0.0894695170229612,0.0,0.0
5554,0.0,0.0,0.0,0.03333333333333333,0.0,0.0
5555,0.0,0.0,0.0,0.014130434782608697,0.0,0.0
5556,0.0,0.0,0.0,0.005376344086021507,0.0,0.0
5557,0.0,0.0,0.0,0.0,0.0,0.0
5558,0.0,0.0,0.0,0.036312849162011177,0.0,0.0
5559,0.0,0.0,0.0,0.0,0.0,0.0
5560,0.0,0.0,0.0,0.0,0.0,0.0
5561,0.0,0.0,0.0,0.0,0.0,0.0
5562,0.010403120936280884,0.0,0.0,0.004551365409622887,0.0,0.0
5563,0.0,0.0,0.0,0.0,0.0,0.0
5564,0.0,0.0,0.0,0.0,0.0,0.0
5565,0.0,0.0,0.0,0.0,0.0,0.0
5566,0.0,0.0,0.0,0.0,0.0,0.0
5567,0.0,0.0,0.0,0.3333333333333333,0.0,0.0
5568,0.0,0.0,0.0,0.0013908205841446453,0.0,0.0
5569,0.0,0.0,0.0,0.0,0.0,0.0
5570,0.0,0.0,0.0,0.0,0.0,0.0
5571,0.0,0.0,0.0,0.455078125,0.0,0.0
5572,0.0,0.0,0.0,0.08133971291866028,0.0,0.0
5573,0.0,0.0,0.0,0.010702341137123744,0.0,0.0
5574,0.0,0.0,0.0,0.0,0.0,0.0
5575,0.009722222222222222,0.0,0.0,0.04652777777777778,0.0,0.0
5576,0.0,0.0,0.0,0.10059171597633136,0.0,0.0
5577,0.0,0.0,0.0,0.0,0.0,0.0
5578,0.0,0.0,0.0,0.0,0.0,0.0
5579,0.0,0.0,0.0,0.0,0.0,0.0
5580,0.0,0.0,0.0,0.0,0.0,0.0
5581,0.0,0.0,0.0,0.0,0.0,0.0
5582,0.0,0.0,0.0,0.04658901830282862,0.0,0.0
5583,0.0,0.0,0.0,0.0,0.0,0.0
5584,0.0,0.0,0.0,0.0,0.0,0.0
5585,0.0,0.0,0.0,0.0,0.0,0.0
5586,0.0,0.0,0.0,0.026578073089701,0.0,0.0
5587,0.0,0.0,0.0,0.0,0.0,0.0
5588,0.0,0.0,0.0,0.0,0.0,0.0
5589,0.0,0.0,0.0,0.0,0.0,0.0
5590,0.0,0.0,0.0,0.06992609437180218,0.0,0.0
5591,0.0,0.0,0.0,0.25384615384615383,0.0,0.0
5592,0.0,0.0,0.0,0.0,0.0,0.0
5593,0.06137184115523465,0.0,0.0,0.1299638989169675,0.0,0.0
5594,0.0,0.0,0.0,0.0,0.0,0.0
5595,0.0,0.0,0.0,0.05094494658997535,0.0,0.0
5596,0.0,0.0,0.0,0.015173410404624275,0.0,0.0
5597,0.0,0.0,0.0,0.0,0.0,0.0
5598,0.0,0.0,0.0,0.021933387489845645,0.0,0.0
5599,0.0,0.0,0.0,0.02248995983935743,0.0,0.0
5600,0.0,0.0,0.0,0.0,0.0,0.0
5601,0.0,0.0,0.0,0.0,0.0,0.0
5602,0.0,0.0,0.0,0.0,0.0,0.0
5603,0.0,0.0,0.0,0.0,0.0,0.0
5604,0.0,0.0,0.0,0.06681766704416761,0.0,0.0
5605,0.0,0.0,0.0,0.0,0.0,0.0
5606,0.0,0.0,0.0,0.0,0.0,0.0
5607,0.01441753171856978,0.0,0.0,0.00922722029988466,0.0,0.0
5608,0.0,0.0,0.0,0.0,0.0,0.0
5609,0.0,0.0,0.0,0.3636363636363637,0.0,0.0
5610,0.0,0.0,0.0,0.05658056580565805,0.0,0.0
5611,0.041597337770382686,0.012479201331114808,0.012479201331114808,0.17803660565723795,0.0,0.0
5612,0.0,0.0,0.0,0.0,0.0,0.0
5613,0.0,0.0,0.0,0.0,0.0,0.0
5614,0.0,0.0,0.0,0.022935779816513763,0.0,0.0
5615,0.0,0.0,0.0,0.0,0.0,0.0
5616,0.0,0.0,0.0,0.0,0.0,0.0
5617,0.0,0.0,0.0,0.015422077922077922,0.0,0.0
5618,0.0,0.0,0.0,0.0,0.0,0.0
5619,0.033182503770739065,0.016591251885369532,0.016591251885369532,0.1191553544494721,0.016591251885369532,0.0
5620,0.0,0.0,0.0,0.0,0.0,0.0
5621,0.0,0.0,0.0,0.0,0.0,0.0
5622,0.0,0.0,0.0,0.08065667380442541,0.0,0.0
5623,0.0,0.0,0.0,0.0,0.0,0.0
5624,0.0,0.0,0.0,0.0,0.0,0.0
5625,0.0,0.0,0.0,0.0,0.0,0.0
5626,0.0,0.0,0.0,0.30303030303030304,0.0,0.0
5627,0.0,0.0,0.0,0.03183023872679045,0.0,0.0
5628,0.0,0.0,0.0,0.0,0.0,0.0
5629,0.0,0.0,0.0,0.0,0.0,0.0
5630,0.0,0.0,0.0,0.022222222222222227,0.0,0.0
5631,0.0,0.0,0.0,0.0,0.0,0.0
5632,0.04926108374384237,0.0,0.0,0.12807881773399016,0.03448275862068965,0.014778325123152709
5633,0.0,0.0,0.0,0.0,0.0,0.0
5634,0.0,0.0,0.0,0.14871794871794872,0.0,0.0
5635,0.0,0.0,0.0,0.0,0.0,0.0
5636,0.0,0.0,0.0,0.06255012028869286,0.0,0.0
5637,0.0,0.0,0.0,0.0,0.0,0.0
5638,0.0,0.0,0.0,0.0,0.0,0.0
5639,0.0,0.0,0.0,0.0,0.0,0.0
5640,0.0,0.0,0.0,0.005123825789923143,0.0,0.0
5641,0.0,0.0,0.0,0.020075282308657464,0.0,0.0
5642,0.0,0.0,0.0,0.0,0.0,0.0
5643,0.0,0.0,0.0,0.0,0.0,0.0
5644,0.0,0.0,0.0,0.0,0.0,0.0
5645,0.0,0.0,0.0,0.0,0.0,0.0
5646,0.0,0.0,0.0,0.0,0.0,0.0
5647,0.0,0.0,0.0,0.06611570247933883,0.0,0.0
5648,0.0,0.0,0.0,0.0,0.0,0.0
5649,0.0,0.0,0.0,0.04553903345724907,0.0,0.0
5650,0.0,0.0,0.0,0.0,0.0,0.0
5651,0.040438656614119266,0.0,0.0,0.14599040438656613,0.0,0.0
5652,0.0,0.0,0.0,0.0,0.0,0.0
5653,0.0,0.0,0.0,0.0,0.0,0.0
5654,0.0,0.0,0.0,0.0,0.0,0.0
5655,0.0,0.0,0.0,0.0624048706240487,0.0,0.0
5656,0.0,0.0,0.0,0.0,0.0,0.0
5657,0.0,0.0,0.0,0.0,0.0,0.0
5658,0.0,0.0,0.0,0.0,0.0,0.0
5659,0.0,0.0,0.0,0.01344286781179985,0.0,0.0
5660,0.0,0.0,0.0,0.08159866777685262,0.0,0.0
5661,0.0,0.0,0.0,0.01599247412982126,0.0,0.0
5662,0.0,0.0,0.0,0.035398230088495575,0.0,0.0
5663,0.0,0.0,0.0,0.0,0.0,0.0
5664,0.021132075471698115,0.021132075471698115,0.021132075471698115,0.0,0.0,0.0
5665,0.0,0.0,0.0,0.0,0.0,0.0
5666,0.0,0.0,0.0,0.0,0.0,0.0
5667,0.0,0.0,0.0,0.006973500697350071,0.0,0.0
5668,0.0,0.0,0.0,0.0,0.0,0.0
5669,0.0,0.0,0.0,0.0,0.0,0.0
5670,0.0,0.0,0.0,0.0,0.0,0.0
5671,0.0,0.0,0.0,0.13542688910696762,0.0,0.0
5672,0.0,0.0,0.0,0.16105176663927692,0.0,0.0
5673,0.0,0.0,0.0,0.0,0.0,0.0
5674,0.0,0.0,0.0,0.0,0.0,0.0
5675,0.0,0.0,0.0,0.0,0.0,0.0
5676,0.0,0.0,0.0,0.159,0.0,0.0
5677,0.0,0.0,0.0,0.0,0.0,0.0
5678,0.0,0.0,0.0,0.0,0.0,0.0
5679,0.0,0.0,0.0,0.039117352056168515,0.0,0.0
5680,0.0,0.0,0.0,0.0,0.0,0.0
5681,0.0,0.0,0.0,0.3333333333333333,0.0,0.0
5682,0.0,0.0,0.0,0.0,0.0,0.0
5683,0.0,0.0,0.0,0.0,0.0,0.0
5684,0.0,0.0,0.0,0.0,0.0,0.0
5685,0.0,0.0,0.0,0.08033240997229918,0.0,0.0
5686,0.0,0.0,0.0,0.0,0.0,0.0
5687,0.0,0.0,0.0,0.0,0.0,0.0
5688,0.0,0.0,0.0,0.0,0.0,0.0
5689,0.0,0.0,0.0,0.0,0.0,0.0
5690,0.0,0.0,0.0,0.0,0.0,0.0
5691,0.0,0.0,0.0,0.0,0.0,0.0
5692,0.0,0.0,0.0,0.0,0.0,0.0
5693,0.0,0.0,0.0,0.5,0.0,0.0
5694,0.0,0.0,0.0,0.11904761904761905,0.0,0.0
5695,0.0,0.0,0.0,0.03686006825938567,0.0,0.0
5696,0.0,0.0,0.0,0.0,0.0,0.0
5697,0.0,0.0,0.0,0.0,0.0,0.0
5698,0.0,0.0,0.0,0.0,0.0,0.0
5699,0.0,0.0,0.0,0.12429378531073447,0.0,0.0
5700,0.0,0.0,0.0,0.0,0.0,0.0
5701,0.0,0.0,0.0,0.0,0.0,0.0
5702,0.0,0.0,0.0,0.09803921568627452,0.0,0.0
5703,0.0,0.0,0.0,0.0,0.0,0.0
5704,0.0,0.0,0.0,0.022350993377483443,0.0,0.0
5705,0.0,0.0,0.0,0.0,0.0,0.0
5706,0.0,0.0,0.0,0.20977596741344195,0.0,0.0
5707,0.0,0.0,0.0,0.0,0.0,0.0
5708,0.0,0.0,0.0,0.02871729419272495,0.0,0.0
5709,0.0,0.0,0.0,0.01456726649528706,0.0,0.0
5710,0.0,0.0,0.0,0.0,0.0,0.0
5711,0.0,0.0,0.0,0.007137758743754461,0.0,0.0
5712,0.0,0.0,0.0,0.0,0.0,0.0
5713,0.0,0.0,0.0,0.0,0.0,0.0
5714,0.01324503311258278,0.0,0.0,0.1771523178807947,0.0,0.0
5715,0.0,0.0,0.0,0.20192307692307693,0.02884615384615385,0.0
5716,0.0,0.0,0.0,0.0,0.0,0.0
5717,0.0,0.0,0.0,0.002407704654895666,0.0,0.0
5718,0.08779264214046822,0.0,0.0,0.0911371237458194,0.0,0.0
5719,0.0,0.0,0.0,0.0,0.0,0.0
5720,0.0,0.0,0.0,0.0,0.0,0.0
5721,0.021352313167259787,0.0,0.0,0.00800711743772242,0.0,0.0
5722,0.0,0.0,0.0,0.0216,0.0,0.0
5723,0.0,0.0,0.0,0.12,0.0,0.0
5724,0.0,0.0,0.0,0.0,0.0,0.0
5725,0.0,0.0,0.0,0.08430054978619425,0.0,0.0
5726,0.0,0.0,0.0,0.0,0.0,0.0
5727,0.0,0.0,0.0,0.018255578093306288,0.0,0.0
5728,0.0,0.0,0.0,0.002336448598130841,0.0,0.0
5729,0.0,0.0,0.0,0.0,0.0,0.0
5730,0.0,0.0,0.0,0.0007507507507507507,0.0,0.0
5731,0.0,0.0,0.0,0.2597898758357211,0.0,0.0
5732,0.0,0.0,0.0,0.012658227848101266,0.0,0.0
5733,0.0,0.0,0.0,0.03159441587068332,0.0,0.0
5734,0.0,0.0,0.0,0.0,0.0,0.0
5735,0.0,0.0,0.0,0.009216589861751152,0.0,0.0
5736,0.07735085945399392,0.0884732052578362,0.0358948432760364,0.10313447927199193,0.024772497472194132,0.0
5737,0.030845771144278607,0.0049751243781094535,0.0,0.21592039800995025,0.01691542288557214,0.01691542288557214
5738,0.0,0.0,0.0,0.027052238805970148,0.0,0.0
5739,0.15978593272171254,0.0,0.0,0.12614678899082568,0.0,0.0
5740,0.0,0.0,0.0,0.017980636237897647,0.0,0.0
5741,0.0,0.0,0.0,0.038766519823788544,0.0,0.0
5742,0.0,0.0,0.0,0.0052980132450331134,0.0,0.0
5743,0.0,0.0,0.0,0.035225048923679066,0.0,0.0
5744,0.0,0.0,0.0,0.0,0.0,0.0
5745,0.0,0.0,0.0,0.0,0.0,0.0
5746,0.0,0.0,0.0,0.0,0.0,0.0
5747,0.0,0.0,0.0,0.0,0.0,0.0
5748,0.0,0.0,0.0,0.0,0.0,0.0
5749,0.02,0.0,0.0,0.1992857142857143,0.0,0.0
5750,0.0,0.0,0.0,0.3047619047619048,0.0,0.0
5751,0.0,0.0,0.0,0.0,0.0,0.0
5752,0.0,0.0,0.0,0.0,0.0,0.0
5753,0.03374777975133215,0.0,0.0,0.0,0.0,0.0
5754,0.0,0.0,0.0,0.3636363636363637,0.0,0.0
5755,0.0,0.0,0.0,0.0,0.0,0.0
5756,0.0,0.0,0.0,0.15853658536585366,0.0,0.0
5757,0.0,0.0,0.0,0.0,0.0,0.0
5758,0.0,0.0,0.0,0.0,0.0,0.0
5759,0.0,0.0,0.0,0.0,0.0,0.0
5760,0.0,0.0,0.0,0.13333333333333333,0.0,0.0
5761,0.0,0.0,0.0,0.0,0.0,0.0
5762,0.0,0.0,0.0,0.0,0.0,0.0
5763,0.0,0.0,0.0,0.0,0.0,0.0
5764,0.0,0.0,0.0,0.0,0.0,0.0
5765,0.0,0.0,0.0,0.0,0.0,0.0
5766,0.0,0.0,0.0,0.0,0.0,0.0
5767,0.0,0.0,0.0,0.23167848699763596,0.0,0.0
5768,0.0,0.0,0.0,0.0,0.0,0.0
5769,0.0,0.0,0.0,0.0975609756097561,0.0,0.0
5770,0.0,0.0,0.0,0.0,0.0,0.0
5771,0.0,0.0,0.0,0.027928626842513574,0.0,0.0
5772,0.0,0.0,0.0,0.0,0.0,0.0
5773,0.0,0.0,0.0,0.0,0.0,0.0
5774,0.0,0.0,0.0,0.14637904468412946,0.0,0.0
5775,0.0,0.0,0.0,0.019269102990033225,0.0,0.0
5776,0.0,0.0,0.0,0.15384615384615385,0.0,0.0
5777,0.0,0.0,0.0,0.0,0.0,0.0
5778,0.0,0.0,0.0,0.05333333333333334,0.0,0.0
5779,0.0,0.0,0.0,0.07985697258641239,0.0,0.0
5780,0.0,0.0,0.0,0.0,0.0,0.0
5781,0.0,0.0,0.0,0.0,0.0,0.0
5782,0.0,0.0,0.0,0.0,0.0,0.0
5783,0.0,0.0,0.0,0.0,0.0,0.0
5784,0.0,0.0,0.0,0.011734028683181227,0.0,0.0
5785,0.0,0.0,0.0,0.02127659574468085,0.0,0.0
5786,0.0063875088715401,0.0063875088715401,0.0063875088715401,0.04755145493257629,0.015613910574875796,0.0092264017033357
5787,0.0,0.0,0.0,0.0,0.0,0.0
5788,0.0,0.0,0.0,0.16376811594202895,0.0,0.0
5789,0.0,0.0,0.0,0.0,0.0,0.0
5790,0.0,0.0,0.0,0.0,0.0,0.0
5791,0.0,0.0,0.0,0.0,0.0,0.0
5792,0.0,0.0,0.0,0.03412616339193381,0.0,0.0
5793,0.0,0.0,0.0,0.0,0.0,0.0
5794,0.0,0.0,0.0,0.0,0.0,0.0
5795,0.0,0.0,0.0,0.006374501992031873,0.0,0.0
5796,0.0,0.0,0.0,0.0,0.0,0.0
5797,0.0,0.0,0.0,0.023923444976076555,0.0,0.0
5798,0.0,0.0,0.0,0.01644736842105263,0.0,0.0
5799,0.0,0.0,0.0,0.0,0.0,0.0
5800,0.0,0.0,0.0,0.0,0.0,0.0
5801,0.0,0.0,0.0,0.0,0.0,0.0
5802,0.0,0.0,0.0,0.0,0.0,0.0
5803,0.0,0.0,0.0,0.03225806451612903,0.0,0.0
5804,0.0,0.0,0.0,0.0,0.0,0.0
5805,0.0,0.0,0.0,0.0,0.0,0.0
5806,0.0,0.0,0.0,0.0,0.0,0.0
5807,0.0,0.0,0.0,0.0013568521031207595,0.0,0.0
5808,0.0,0.0,0.0,0.06428571428571428,0.0,0.0
5809,0.0,0.0,0.0,0.2279245283018868,0.012075471698113207,0.012075471698113207
5810,0.0,0.0,0.0,0.0,0.0,0.0
5811,0.0,0.0,0.0,0.08611825192802057,0.0,0.0
5812,0.013712047012732615,0.013712047012732615,0.013712047012732615,0.0,0.0,0.0
5813,0.0,0.0,0.0,0.0,0.0,0.0
5814,0.0,0.0,0.0,0.2466666666666667,0.0,0.0
5815,0.0,0.0,0.0,0.002106741573033708,0.0,0.0
5816,0.0,0.0,0.0,0.2894736842105263,0.0,0.0
5817,0.0,0.0,0.0,0.0,0.0,0.0
5818,0.0,0.0,0.0,0.0,0.0,0.0
5819,0.0,0.0,0.0,0.0,0.0,0.0
5820,0.0,0.0,0.0,0.0,0.0,0.0
5821,0.0,0.0,0.0,0.13424947145877378,0.0,0.0
5822,0.0,0.0,0.0,0.0,0.0,0.0
5823,0.0,0.0,0.0,0.0,0.0,0.0
5824,0.0,0.0,0.0,0.0,0.0,0.0
5825,0.0,0.0,0.0,0.0,0.0,0.0
5826,0.029689608636977057,0.0,0.0,0.006747638326585695,0.0,0.0
5827,0.0,0.0,0.0,0.0,0.0,0.0
5828,0.0,0.0,0.0,0.0,0.0,0.0
5829,0.0,0.0,0.0,0.0,0.0,0.0
5830,0.0,0.0,0.0,0.02807017543859649,0.0,0.0
5831,0.0,0.0,0.0,0.2977099236641221,0.0,0.0
5832,0.0,0.0,0.0,0.13946117274167988,0.0,0.0
5833,0.0,0.0,0.0,0.42857142857142855,0.0,0.0
5834,0.0,0.0,0.0,0.1,0.0,0.0
5835,0.0,0.0,0.0,0.05214723926380368,0.0,0.0
5836,0.0,0.0,0.0,0.0,0.0,0.0
5837,0.0,0.0,0.0,0.0,0.0,0.0
5838,0.0,0.0,0.0,0.02638522427440633,0.0,0.0
5839,0.0,0.0,0.0,0.0,0.0,0.0
5840,0.0,0.0,0.0,0.0,0.0,0.0
5841,0.0,0.0,0.0,0.3359683794466403,0.0,0.0
5842,0.0,0.0,0.0,0.0,0.0,0.0
5843,0.0,0.0,0.0,0.0,0.0,0.0
5844,0.0,0.0,0.0,0.0,0.0,0.0
5845,0.0,0.0,0.0,0.011152416356877323,0.0,0.0
5846,0.0,0.0,0.0,0.0,0.0,0.0
5847,0.0,0.0,0.0,0.0,0.0,0.0
5848,0.0,0.0,0.0,0.0,0.0,0.0
5849,0.0,0.0,0.0,0.0,0.0,0.0
5850,0.0,0.0,0.0,0.013215859030837005,0.0,0.0
5851,0.0,0.0,0.0,0.0,0.0,0.0
5852,0.0,0.0,0.0,0.0,0.0,0.0
5853,0.0,0.0,0.0,0.0,0.0,0.0
5854,0.0,0.0,0.0,0.0,0.0,0.0
5855,0.0,0.0,0.0,0.0,0.0,0.0
5856,0.0,0.0,0.0,0.0,0.0,0.0
5857,0.0,0.0,0.0,0.030821917808219176,0.0,0.0
5858,0.0,0.0,0.0,0.002790697674418605,0.0,0.0
5859,0.0,0.0,0.0,0.0,0.0,0.0
5860,0.0,0.0,0.0,0.0297029702970297,0.0,0.0
5861,0.0,0.0,0.0,0.20893561103810776,0.0,0.0
5862,0.0,0.0,0.0,0.0,0.0,0.0
5863,0.0,0.0,0.0,0.0,0.0,0.0
5864,0.0,0.0,0.0,0.0,0.0,0.0
5865,0.0,0.0,0.0,0.0,0.0,0.0
5866,0.0,0.0,0.0,0.011111111111111113,0.0,0.0
5867,0.0,0.0,0.0,0.0,0.0,0.0
5868,0.0,0.0,0.0,0.019297036526533425,0.0,0.0
5869,0.0,0.0,0.0,0.1267605633802817,0.0,0.0
5870,0.0,0.0,0.0,0.0020242914979757085,0.0,0.0
5871,0.0,0.0,0.0,0.0049382716049382715,0.0,0.0
5872,0.0,0.0,0.0,0.04513540621865597,0.0,0.0
5873,0.0,0.0,0.0,0.11184755592377796,0.0,0.0
5874,0.0,0.0,0.0,0.0,0.0,0.0
5875,0.0,0.0,0.0,0.21238938053097345,0.0,0.0
5876,0.0,0.0,0.0,0.0,0.0,0.0
5877,0.0,0.0,0.0,0.27631578947368424,0.0,0.0
5878,0.0,0.0,0.0,0.3333333333333333,0.0,0.0
5879,0.0,0.0,0.0,0.010869565217391304,0.0,0.0
5880,0.0,0.0,0.0,0.0,0.0,0.0
5881,0.0,0.0,0.0,0.0,0.0,0.0
5882,0.0,0.0,0.0,0.0,0.0,0.0
5883,0.0,0.0,0.0,0.0,0.0,0.0
5884,0.025029797377830752,0.0,0.0,0.0,0.0,0.0
5885,0.0,0.0,0.0,0.0,0.0,0.0
5886,0.0,0.0,0.0,0.0,0.0,0.0
5887,0.0,0.0,0.0,0.013658536585365855,0.0,0.0
5888,0.0,0.0,0.0,0.0,0.0,0.0
5889,0.0,0.0,0.0,0.3478260869565217,0.0,0.0
5890,0.0,0.0,0.0,0.06037151702786377,0.0,0.0
5891,0.0,0.0,0.0,0.06094808126410835,0.0,0.0
5892,0.0,0.0,0.0,0.0,0.0,0.0
5893,0.0,0.0,0.0,0.05009823182711198,0.0,0.0
5894,0.0,0.0,0.0,0.02073170731707317,0.0,0.0
5895,0.0,0.0,0.0,0.04035874439461883,0.0,0.0
5896,0.0,0.0,0.0,0.0,0.0,0.0
5897,0.0,0.0,0.0,0.29532403609515995,0.0,0.0
5898,0.0,0.0,0.0,0.0262582056892779,0.0,0.0
5899,0.0,0.0,0.0,0.0,0.0,0.0
5900,0.0,0.0,0.0,0.0,0.0,0.0
5901,0.0,0.0,0.0,0.014276443867618432,0.0,0.0
5902,0.062427745664739874,0.0,0.0,0.0,0.0,0.0
5903,0.0,0.0,0.0,0.0,0.0,0.0
5904,0.0,0.0,0.0,0.0,0.0,0.0
5905,0.0,0.0,0.0,0.0,0.0,0.0
5906,0.0,0.0,0.0,0.016033755274261603,0.0,0.0
5907,0.0,0.0,0.0,0.0,0.0,0.0
5908,0.0,0.0,0.0,0.0,0.0,0.0
5909,0.0,0.0,0.0,0.0273972602739726,0.0,0.0
5910,0.0,0.0,0.0,0.06998654104979811,0.0,0.0
5911,0.0,0.0,0.0,0.0,0.0,0.0
5912,0.0,0.0,0.0,0.6666666666666666,0.0,0.0
5913,0.0,0.0,0.0,0.0,0.0,0.0
5914,0.0,0.0,0.0,0.16666666666666666,0.0,0.0
5915,0.0,0.0,0.0,0.0,0.0,0.0
5916,0.0,0.0,0.0,0.0,0.0,0.0
5917,0.0,0.0,0.0,0.0,0.0,0.0
5918,0.0,0.0,0.0,0.010464355788096796,0.0,0.0
5919,0.0,0.0,0.0,0.0,0.0,0.0
5920,0.0,0.0,0.0,0.0,0.0,0.0
5921,0.0,0.0,0.0,0.0,0.0,0.0
5922,0.0,0.0,0.0,0.0,0.0,0.0
5923,0.0,0.0,0.0,0.0,0.0,0.0
5924,0.0,0.0,0.0,0.057915057915057924,0.0,0.0
5925,0.0,0.0,0.0,0.0,0.0,0.0
5926,0.0,0.0,0.0,0.08741258741258741,0.0,0.0
5927,0.0,0.0,0.0,0.0,0.0,0.0
5928,0.0,0.0,0.0,0.0,0.0,0.0
5929,0.0,0.0,0.0,0.0,0.0,0.0
5930,0.0,0.0,0.0,0.016405135520684736,0.0,0.0
5931,0.0,0.0,0.0,0.0,0.0,0.0
5932,0.0,0.0,0.0,0.0,0.0,0.0
5933,0.0,0.0,0.0,0.04186046511627907,0.0,0.0
5934,0.0,0.0,0.0,0.0,0.0,0.0
5935,0.0,0.0,0.0,0.0,0.0,0.0
5936,0.0,0.0,0.0,0.003448275862068965,0.0,0.0
5937,0.0,0.0,0.0,0.10301953818827707,0.0,0.0
5938,0.0,0.0,0.0,0.015186028853454818,0.0,0.0
5939,0.0,0.0,0.0,0.0,0.0,0.0
5940,0.0,0.0,0.0,0.0,0.0,0.0
5941,0.0,0.0,0.0,0.0,0.0,0.0
5942,0.0,0.0,0.0,0.0,0.0,0.0
5943,0.0,0.0,0.0,0.02015775635407537,0.0,0.0
5944,0.0,0.0,0.0,0.233195020746888,0.0,0.0
5945,0.0,0.0,0.0,0.0,0.0,0.0
5946,0.0,0.0,0.0,0.0,0.0,0.0
5947,0.0,0.0,0.0,0.4693877551020408,0.0,0.0
5948,0.0,0.0,0.0,0.0,0.0,0.0
5949,0.0,0.0,0.0,0.0,0.0,0.0
5950,0.0,0.0,0.0,0.0,0.0,0.0
5951,0.0,0.0,0.0,0.0,0.0,0.0
5952,0.0,0.0,0.0,0.0,0.0,0.0
5953,0.0,0.0,0.0,0.0,0.0,0.0
5954,0.0,0.0,0.0,0.052302888368462135,0.0,0.0
5955,0.0,0.0,0.0,0.0,0.0,0.0
5956,0.0,0.0,0.0,0.0,0.0,0.0
5957,0.0,0.0,0.0,0.040469973890339433,0.0,0.0
5958,0.0,0.0,0.0,0.0,0.0,0.0
5959,0.0,0.0,0.0,0.0,0.0,0.0
5960,0.0,0.0,0.0,0.04503105590062112,0.0,0.0
5961,0.0,0.0,0.0,0.0,0.0,0.0
5962,0.0,0.0,0.0,0.0472972972972973,0.0,0.0
5963,0.0,0.0,0.0,0.013583441138421734,0.0,0.0
5964,0.0,0.0,0.0,0.027247956403269755,0.013623978201634877,0.0
5965,0.0,0.0,0.0,0.0,0.0,0.0
5966,0.0,0.0,0.0,0.005780346820809247,0.0,0.0
5967,0.0,0.0,0.0,0.0,0.0,0.0
5968,0.0,0.0,0.0,0.0,0.0,0.0
5969,0.0,0.0,0.0,0.0008673026886383347,0.0,0.0
5970,0.0,0.0,0.0,0.0,0.0,0.0
5971,0.0,0.0,0.0,0.0,0.0,0.0
5972,0.13793103448275862,0.0,0.0,0.0,0.0,0.0
5973,0.0,0.0,0.0,0.0,0.0,0.0
5974,0.03901734104046243,0.0,0.0,0.2044797687861272,0.0,0.0
5975,0.0,0.0,0.0,0.001865671641791045,0.0,0.0
5976,0.0,0.0,0.0,0.0,0.0,0.0
5977,0.0,0.0,0.0,0.16725978647686832,0.0,0.0
5978,0.0,0.0,0.0,0.027777777777777776,0.0,0.0
5979,0.0,0.0,0.0,0.0,0.0,0.0
5980,0.0,0.0,0.0,0.0,0.0,0.0
5981,0.0,0.0,0.0,0.0,0.0,0.0
5982,0.0,0.0,0.0,0.0,0.0,0.0
5983,0.0,0.0,0.0,0.2270318021201413,0.0,0.0
5984,0.0,0.0,0.0,0.10214168039538717,0.0,0.0
5985,0.0,0.0,0.0,0.0,0.0,0.0
5986,0.0,0.0,0.0,0.0,0.0,0.0
5987,0.14807302231237324,0.0,0.0,0.20486815415821505,0.0,0.0
5988,0.0,0.0,0.0,0.0,0.0,0.0
5989,0.0,0.0,0.0,0.029661016949152543,0.0,0.0
5990,0.0,0.0,0.0,0.059508408796895215,0.0,0.0
5991,0.0,0.0,0.0,0.007722007722007722,0.0,0.0
5992,0.10044843049327354,0.0,0.0,0.06995515695067264,0.0,0.0
5993,0.0,0.0,0.0,0.0,0.0,0.0
5994,0.0,0.0,0.0,0.0,0.0,0.0
5995,0.0,0.0,0.0,0.0,0.0,0.0
5996,0.0,0.0,0.0,0.045977011494252866,0.0,0.0
5997,0.0,0.0,0.0,0.0,0.0,0.0
5998,0.0,0.0,0.0,0.052660449808008776,0.0,0.0
5999,0.0,0.0,0.0,0.028484231943031537,0.0,0.0
6000,0.0,0.0,0.0,0.10526315789473684,0.0,0.0
6001,0.0,0.0,0.0,0.0076045627376425855,0.0,0.0
6002,0.0,0.0,0.0,0.0,0.0,0.0
6003,0.0,0.0,0.0,0.0,0.0,0.0
6004,0.0,0.0,0.0,0.0,0.0,0.0
6005,0.0,0.0,0.0,0.2339108910891089,0.0,0.0
6006,0.0,0.0,0.0,0.034307496823379934,0.0,0.0
6007,0.0,0.0,0.0,0.0,0.0,0.0
6008,0.0,0.0,0.0,0.0,0.0,0.0
6009,0.0,0.0,0.0,0.06358381502890173,0.0,0.0
6010,0.0,0.0,0.0,0.0,0.0,0.0
6011,0.0,0.0,0.0,0.0,0.0,0.0
6012,0.0,0.0,0.0,0.0,0.0,0.0
6013,0.0,0.0,0.0,0.0,0.0,0.0
6014,0.0,0.0,0.0,0.0,0.0,0.0
6015,0.0,0.0,0.0,0.0,0.0,0.0
6016,0.0,0.0,0.0,0.0,0.0,0.0
6017,0.0,0.0,0.0,0.05,0.0,0.0
6018,0.13211845102505695,0.0,0.0,0.126044039483675,0.0,0.0
6019,0.0,0.0,0.0,0.016498625114573784,0.0,0.0
6020,0.0,0.0,0.0,0.0156062424969988,0.0,0.0
6021,0.0,0.0,0.0,0.0,0.0,0.0
6022,0.0,0.0,0.0,0.023883696780893044,0.0,0.0
6023,0.0,0.0,0.0,0.09382151029748284,0.0,0.0
6024,0.04779756326148079,0.0,0.0,0.028116213683223992,0.0,0.0
6025,0.0,0.0,0.0,0.004366812227074236,0.0,0.0
6026,0.04391371340523883,0.02157164869029276,0.0,0.0362095531587057,0.0,0.0
6027,0.0319001386962552,0.0,0.0,0.0319001386962552,0.0,0.0
6028,0.0,0.0,0.0,0.0,0.0,0.0
6029,0.0,0.0,0.0,0.017580144777662874,0.0,0.0
6030,0.0,0.0,0.0,0.0,0.0,0.0
6031,0.0,0.0,0.0,0.0,0.0,0.0
6032,0.0,0.0,0.0,0.033732317736670285,0.0,0.0
6033,0.0,0.0,0.0,0.0008019246190858058,0.0,0.0
6034,0.0,0.0,0.0,0.015901060070671377,0.0,0.0
6035,0.0,0.0,0.0,0.08723235527359237,0.0,0.0
6036,0.06020761245674741,0.03944636678200692,0.020761245674740483,0.002768166089965398,0.0,0.0
6037,0.0,0.0,0.0,0.2720588235294117,0.0,0.0
6038,0.0,0.0,0.0,0.009174311926605505,0.0,0.0
6039,0.0,0.0,0.0,0.0,0.0,0.0
6040,0.0,0.0,0.0,0.0,0.0,0.0
6041,0.0,0.0,0.0,0.10588235294117647,0.0,0.0
6042,0.0,0.0,0.0,0.02247191011235955,0.0,0.0
6043,0.0,0.0,0.0,0.0,0.0,0.0
6044,0.0,0.0,0.0,0.0,0.0,0.0
6045,0.0,0.0,0.0,0.0,0.0,0.0
6046,0.0,0.0,0.0,0.0,0.0,0.0
6047,0.0,0.0,0.0,0.0,0.0,0.0
6048,0.028272251308900525,0.0,0.0,0.1612565445026178,0.0,0.0
6049,0.0,0.0,0.0,0.022079116835326592,0.0,0.0
6050,0.0,0.0,0.0,0.008196721311475409,0.0,0.0
6051,0.0,0.0,0.0,0.02192982456140351,0.0,0.0
6052,0.0,0.0,0.0,0.0,0.0,0.0
6053,0.0,0.0,0.0,0.01872964169381108,0.0,0.0
6054,0.0,0.0,0.0,0.0,0.0,0.0
6055,0.0,0.0,0.0,0.0,0.0,0.0
6056,0.0,0.0,0.0,0.14790996784565916,0.0,0.0
6057,0.0,0.0,0.0,0.0,0.0,0.0
6058,0.05882352941176471,0.0,0.0,0.0784313725490196,0.0,0.0
6059,0.016872890888638917,0.016872890888638917,0.016872890888638917,0.09336332958380204,0.0,0.016872890888638917
6060,0.0,0.0,0.0,0.0856269113149847,0.0,0.0
6061,0.0,0.0,0.0,0.0,0.0,0.0
6062,0.0,0.0,0.0,0.0072007200720072,0.0,0.0
6063,0.0,0.0,0.0,0.0,0.0,0.0
6064,0.0,0.0,0.0,0.0,0.0,0.0
6065,0.0,0.0,0.0,0.08421851289833081,0.0,0.0
6066,0.0,0.0,0.0,0.0,0.0,0.0
6067,0.0,0.0,0.0,0.0,0.0,0.0
6068,0.0,0.0,0.0,0.0,0.0,0.0
6069,0.0,0.0,0.0,0.0,0.0,0.0
6070,0.0,0.0,0.0,0.0,0.0,0.0
6071,0.0,0.0,0.0,0.0,0.0,0.0
6072,0.0,0.0,0.0,0.0,0.0,0.0
6073,0.0,0.0,0.0,0.0,0.0,0.0
6074,0.0,0.0,0.0,0.0273972602739726,0.0,0.0
6075,0.0,0.0,0.0,0.0,0.0,0.0
6076,0.0,0.0,0.0,0.0,0.0,0.0
6077,0.0,0.0,0.0,0.20604099244875945,0.0,0.0
6078,0.0,0.0,0.0,0.0,0.0,0.0
6079,0.0,0.0,0.0,0.0,0.0,0.0
6080,0.0,0.0,0.0,0.0,0.0,0.0
6081,0.0,0.0,0.0,0.0,0.0,0.0
6082,0.0,0.0,0.0,0.0,0.0,0.0
6083,0.0,0.0,0.0,0.022085889570552148,0.0,0.0
6084,0.0,0.0,0.0,0.0223463687150838,0.0,0.0
6085,0.0,0.0,0.0,0.04444444444444445,0.0,0.0
6086,0.09375,0.0,0.0,0.17633928571428573,0.05580357142857143,0.029017857142857144
6087,0.0,0.0,0.0,0.0,0.0,0.0
6088,0.0,0.0,0.0,0.0,0.0,0.0
6089,0.0,0.0,0.0,0.5,0.0,0.0
6090,0.0,0.0,0.0,0.0,0.0,0.0
6091,0.0,0.0,0.0,0.0,0.0,0.0
6092,0.0,0.0,0.0,0.022249690976514216,0.0,0.0
6093,0.0,0.0,0.0,0.0,0.0,0.0
6094,0.0,0.0,0.0,0.2705061082024433,0.0,0.0
6095,0.0,0.0,0.0,0.0,0.0,0.0
6096,0.0,0.0,0.0,0.0,0.0,0.0
6097,0.0,0.0,0.0,0.06920762286860582,0.0,0.0
6098,0.0,0.0,0.0,0.0,0.0,0.0
6099,0.0,0.0,0.0,0.0,0.0,0.0
6100,0.0,0.0,0.0,0.047487955953200274,0.0,0.0
6101,0.0,0.0,0.0,0.0,0.0,0.0
6102,0.0,0.0,0.0,0.0,0.0,0.0
6103,0.0,0.0,0.0,0.0,0.0,0.0
6104,0.0,0.0,0.0,0.02158894645941278,0.0,0.0
6105,0.0,0.0,0.0,0.004689331770222743,0.0,0.0
6106,0.0,0.0,0.0,0.06796941376380629,0.0,0.0
6107,0.0,0.0,0.0,0.09950248756218906,0.0,0.0
6108,0.0,0.0,0.0,0.0,0.0,0.0
6109,0.0,0.0,0.0,0.003759398496240601,0.0,0.0
6110,0.0,0.0,0.0,0.0,0.0,0.0
6111,0.0,0.0,0.0,0.036802030456852784,0.0,0.0
6112,0.0,0.0,0.0,0.0851063829787234,0.0,0.0
6113,0.0,0.0,0.0,0.18301314459049545,0.0,0.0
6114,0.0,0.0,0.0,0.18421052631578946,0.0,0.0
6115,0.0,0.0,0.0,0.0,0.0,0.0
6116,0.0,0.0,0.0,0.0,0.0,0.0
6117,0.04201680672268908,0.0,0.0,0.1411764705882353,0.0,0.0
6118,0.0,0.0,0.0,0.08128704487722269,0.0,0.0
6119,0.0,0.0,0.0,0.13308457711442787,0.0,0.0
6120,0.0,0.0,0.0,0.010398613518197573,0.0,0.0
6121,0.0,0.0,0.0,0.032692307692307694,0.0,0.0
6122,0.0,0.0,0.0,0.0,0.0,0.0
6123,0.0,0.0,0.0,0.2530120481927711,0.0,0.0
6124,0.0,0.0,0.0,0.031804281345565746,0.0,0.0
6125,0.0,0.0,0.0,0.020055325034578148,0.0,0.0
6126,0.0,0.0,0.0,0.010166358595194084,0.0,0.0
6127,0.0,0.0,0.0,0.01288056206088993,0.0,0.0
6128,0.0,0.0,0.0,0.03780487804878049,0.0,0.0
6129,0.0,0.0,0.0,0.003355704697986577,0.0,0.0
6130,0.0,0.0,0.0,0.4437086092715232,0.0,0.0
6131,0.0,0.0,0.0,0.21419597989949749,0.0,0.0
6132,0.0,0.0,0.0,0.0,0.0,0.0
6133,0.0,0.0,0.0,0.0,0.0,0.0
6134,0.0,0.0,0.0,0.0,0.0,0.0
6135,0.0,0.0,0.0,0.006340579710144928,0.0,0.0
6136,0.023529411764705882,0.0,0.0,0.05798319327731093,0.0,0.0
6137,0.0,0.0,0.0,0.0,0.0,0.0
6138,0.0,0.0,0.0,0.010009099181073705,0.0,0.0
6139,0.0,0.0,0.0,0.039337474120082816,0.0,0.0
6140,0.0,0.0,0.0,0.2367387033398821,0.0,0.0
6141,0.0,0.0,0.0,0.0,0.0,0.0
6142,0.0,0.0,0.0,0.0,0.0,0.0
6143,0.0,0.0,0.0,0.01492537313432836,0.0,0.0
6144,0.0,0.0,0.0,0.0,0.0,0.0
6145,0.0,0.0,0.0,0.0,0.0,0.0
6146,0.0,0.0,0.0,0.0,0.0,0.0
6147,0.1002710027100271,0.0,0.0,0.027100271002710032,0.0,0.0
6148,0.0,0.0,0.0,0.0,0.0,0.0
6149,0.0,0.0,0.0,0.0,0.0,0.0
6150,0.0,0.0,0.0,0.0,0.0,0.0
6151,0.0,0.0,0.0,0.0,0.0,0.0
6152,0.1514476614699332,0.0,0.0,0.06904231625835189,0.0,0.0
6153,0.0,0.0,0.0,0.07089947089947089,0.0,0.0
6154,0.0,0.0,0.0,0.11062717770034844,0.0,0.0
6155,0.0,0.0,0.0,0.0,0.0,0.0
6156,0.0,0.0,0.0,0.013731825525040387,0.0,0.0
6157,0.0,0.0,0.0,0.1411042944785276,0.0,0.0
6158,0.0,0.0,0.0,0.0,0.0,0.0
6159,0.0,0.0,0.0,0.0,0.0,0.0
6160,0.0,0.0,0.0,0.0,0.0,0.0
6161,0.0,0.0,0.0,0.0,0.0,0.0
6162,0.0,0.0,0.0,0.0775462962962963,0.0,0.0
6163,0.0,0.0,0.0,0.09016393442622953,0.0,0.0
6164,0.0,0.0,0.0,0.0,0.0,0.0
6165,0.0,0.0,0.0,0.0,0.0,0.0
6166,0.0,0.0,0.0,0.0,0.0,0.0
6167,0.0,0.0,0.0,0.03695652173913044,0.0,0.0
6168,0.0,0.0,0.0,0.02715654952076677,0.0,0.0
6169,0.0,0.0,0.0,0.0,0.0,0.0
6170,0.0,0.0,0.0,0.013440860215053764,0.0,0.0
6171,0.0,0.0,0.0,0.06934812760055477,0.0,0.0
6172,0.0,0.0,0.0,0.0068560235063663075,0.0,0.0
6173,0.0,0.0,0.0,0.04958677685950413,0.0,0.0
6174,0.0,0.0,0.0,0.0054249547920434,0.0,0.0
6175,0.0,0.0,0.0,0.0,0.0,0.0
6176,0.0,0.0,0.0,0.31895424836601305,0.0,0.0
6177,0.0,0.0,0.0,0.0,0.0,0.0
6178,0.0,0.0,0.0,0.029411764705882356,0.0,0.0
6179,0.0,0.0,0.0,0.010362694300518135,0.0,0.0
6180,0.0,0.0,0.0,0.0,0.0,0.0
6181,0.0,0.0,0.0,0.0,0.0,0.0
6182,0.0,0.0,0.0,0.0,0.0,0.0
6183,0.0,0.0,0.0,0.0,0.0,0.0
6184,0.005018820577164366,0.0,0.0,0.14178168130489335,0.0,0.0
6185,0.0,0.0,0.0,0.005216095380029807,0.0,0.0
6186,0.0,0.0,0.0,0.030303030303030307,0.0,0.0
6187,0.02248062015503876,0.0,0.0,0.02325581395348837,0.0,0.0
6188,0.0,0.0,0.0,0.0,0.0,0.0
6189,0.0,0.0,0.0,0.0,0.0,0.0
6190,0.0,0.0,0.0,0.0,0.0,0.0
6191,0.0,0.0,0.0,0.010101010101010102,0.0,0.0
6192,0.0,0.0,0.0,0.026119402985074626,0.0,0.0
6193,0.0,0.0,0.0,0.0,0.0,0.0
6194,0.0,0.0,0.0,0.1913513513513513,0.0,0.0
6195,0.028571428571428567,0.0,0.0,0.021714285714285717,0.0,0.0
6196,0.0,0.0,0.0,0.0,0.0,0.0
6197,0.0,0.0,0.0,0.09338842975206613,0.0,0.0
6198,0.0,0.0,0.0,0.0,0.0,0.0
6199,0.0,0.0,0.0,0.0,0.0,0.0
6200,0.0,0.0,0.0,0.0,0.0,0.0
6201,0.0,0.0,0.0,0.14184397163120568,0.0,0.0
6202,0.0,0.0,0.0,0.05246589716684155,0.0,0.0
6203,0.0,0.0,0.0,0.0,0.0,0.0
6204,0.0,0.0,0.0,0.0,0.0,0.0
6205,0.0,0.0,0.0,0.0,0.0,0.0
6206,0.0,0.0,0.0,0.11744386873920552,0.0,0.0
6207,0.021244309559939303,0.021244309559939303,0.021244309559939303,0.09863429438543247,0.021244309559939303,0.0
6208,0.0,0.0,0.0,0.0,0.0,0.0
6209,0.0,0.0,0.0,0.0,0.0,0.0
6210,0.0,0.0,0.0,0.03924133420536298,0.0,0.0
6211,0.0,0.0,0.0,0.0,0.0,0.0
6212,0.0,0.0,0.0,0.0,0.0,0.0
6213,0.0,0.0,0.0,0.0,0.0,0.0
6214,0.0,0.0,0.0,0.0,0.0,0.0
6215,0.0,0.0,0.0,0.0847457627118644,0.0,0.0
6216,0.0,0.0,0.0,0.0,0.0,0.0
6217,0.0,0.0,0.0,0.0,0.0,0.0
6218,0.0,0.0,0.0,0.1320754716981132,0.0,0.0
6219,0.0,0.0,0.0,0.031026252983293555,0.0,0.0
6220,0.0,0.0,0.0,0.0,0.0,0.0
6221,0.0,0.0,0.0,0.062140391254315315,0.0,0.0
6222,0.0,0.0,0.0,0.04647302904564316,0.0,0.0
6223,0.0,0.0,0.0,0.0,0.0,0.0
6224,0.0,0.0,0.0,0.024928774928774933,0.0,0.0
6225,0.0,0.0,0.0,0.00674373795761079,0.0,0.0
6226,0.0,0.0,0.0,0.0,0.0,0.0
6227,0.0,0.0,0.0,0.0,0.0,0.0
6228,0.0,0.0,0.0,0.0,0.0,0.0
6229,0.0,0.0,0.0,0.006979695431472081,0.0,0.0
6230,0.0,0.0,0.0,0.01971326164874552,0.0,0.0
6231,0.0,0.0,0.0,0.0,0.0,0.0
6232,0.0,0.0,0.0,0.0,0.0,0.0
6233,0.0,0.0,0.0,0.0,0.0,0.0
6234,0.0,0.04645048203330412,0.0,0.03593339176161262,0.0,0.0
6235,0.0,0.0,0.0,0.0,0.0,0.0
6236,0.0,0.0,0.0,0.0,0.0,0.0
6237,0.11416309012875535,0.0,0.0,0.04206008583690987,0.0,0.0
6238,0.0,0.0,0.0,0.0,0.0,0.0
6239,0.0,0.0,0.0,0.2043155765340526,0.0,0.0
6240,0.0,0.0,0.0,0.0,0.0,0.0
6241,0.0,0.0,0.0,0.0594059405940594,0.0,0.0
6242,0.0,0.0,0.0,0.0,0.0,0.0
6243,0.0,0.0,0.0,0.08829568788501027,0.0,0.0
6244,0.0,0.0,0.0,0.012298959318826871,0.0,0.0
6245,0.0,0.0,0.0,0.0,0.0,0.0
6246,0.0,0.0,0.0,0.28512396694214875,0.0,0.0
6247,0.0,0.0,0.0,0.0,0.0,0.0
6248,0.013271783035199077,0.0,0.0,0.042123485285631854,0.0,0.0
6249,0.0,0.0,0.0,0.0,0.0,0.0
6250,0.0,0.0,0.0,0.0,0.0,0.0
6251,0.0,0.0,0.0,0.0,0.0,0.0
6252,0.0,0.0,0.0,0.0,0.0,0.0
6253,0.0,0.0,0.0,0.0,0.0,0.0
6254,0.0,0.0,0.0,0.0,0.0,0.0
6255,0.0,0.0,0.0,0.0,0.0,0.0
6256,0.0,0.0,0.0,0.0,0.0,0.0
6257,0.0,0.0,0.0,0.0,0.0,0.0
6258,0.0,0.0,0.0,0.0,0.0,0.0
6259,0.0,0.0,0.0,0.01968503937007874,0.0,0.0
6260,0.0,0.0,0.0,0.0,0.0,0.0
6261,0.0,0.0,0.0,0.0,0.0,0.0
6262,0.0,0.0,0.0,0.02056555269922879,0.0,0.0
6263,0.0,0.0,0.0,0.0,0.0,0.0
6264,0.0,0.0,0.0,0.03598484848484849,0.013257575757575758,0.0
6265,0.0,0.0,0.0,0.0,0.0,0.0
6266,0.0,0.0,0.0,0.0,0.0,0.0
6267,0.0,0.0,0.0,0.0,0.0,0.0
6268,0.0,0.0,0.0,0.02348336594911937,0.0,0.0
6269,0.0,0.0,0.0,0.06369426751592358,0.0,0.0
6270,0.0,0.0,0.0,0.0,0.0,0.0
6271,0.0,0.0,0.0,0.011976047904191616,0.0,0.0
6272,0.0,0.0,0.0,0.2991128010139417,0.0,0.0
6273,0.0,0.0,0.0,0.0,0.0,0.0
6274,0.0,0.0,0.0,0.0040712468193384215,0.0,0.0
6275,0.0,0.0,0.0,0.08203125,0.0,0.0
6276,0.06349206349206349,0.0,0.0,0.0,0.0,0.0
6277,0.0,0.0,0.0,0.0,0.0,0.0
6278,0.0,0.0,0.0,0.0,0.0,0.0
6279,0.0,0.0,0.0,0.2751677852348993,0.0,0.0
6280,0.0,0.0,0.0,0.0,0.0,0.0
6281,0.0,0.0,0.0,0.0,0.0,0.0
6282,0.0,0.0,0.0,0.0,0.0,0.0
6283,0.0,0.0,0.0,0.0,0.0,0.0
6284,0.0,0.0,0.0,0.0,0.0,0.0
6285,0.0,0.0,0.0,0.0,0.0,0.0
6286,0.0,0.0,0.0,0.0,0.0,0.0
6287,0.0,0.0,0.0,0.0,0.0,0.0
6288,0.0,0.0,0.0,0.03558718861209965,0.0,0.0
6289,0.0,0.0,0.0,0.0,0.0,0.0
6290,0.0,0.0,0.0,0.01232394366197183,0.0,0.0
6291,0.0,0.0,0.0,0.11671335200746966,0.0,0.0
6292,0.0,0.0,0.0,0.0,0.0,0.0
6293,0.0,0.0,0.0,0.0,0.0,0.0
6294,0.0,0.0,0.0,0.07407407407407407,0.0,0.0
6295,0.0,0.0,0.0,0.06509357200976404,0.0,0.0
6296,0.025974025974025976,0.0,0.0,0.025974025974025976,0.0,0.0
6297,0.0,0.0,0.0,0.0,0.0,0.0
6298,0.0,0.0,0.0,0.0,0.0,0.0
6299,0.0,0.0,0.0,0.0718954248366013,0.0,0.0
6300,0.0,0.0,0.0,0.12212389380530972,0.0,0.0
6301,0.0,0.0,0.0,0.007117437722419929,0.0,0.0
6302,0.0,0.0,0.0,0.0,0.0,0.0
6303,0.0,0.0,0.0,0.0,0.0,0.0
6304,0.0,0.0,0.0,0.0,0.0,0.0
6305,0.0,0.0,0.0,0.08888888888888889,0.0,0.0
6306,0.0,0.0,0.0,0.0,0.0,0.0
6307,0.0,0.0,0.0,0.0,0.0,0.0
6308,0.01107419712070875,0.0,0.0,0.17718715393134,0.0,0.0
6309,0.0,0.0,0.0,0.0,0.0,0.0
6310,0.0,0.0,0.0,0.0018083182640144665,0.0,0.0
6311,0.0,0.0,0.0,0.0,0.0,0.0
6312,0.0,0.0,0.0,0.0,0.0,0.0
6313,0.0,0.0,0.0,0.31313131313131315,0.0,0.0
6314,0.0,0.0,0.0,0.0025,0.0,0.0
6315,0.0,0.0,0.0,0.0,0.0,0.0
6316,0.0,0.0,0.0,0.0,0.0,0.0
6317,0.0,0.0,0.0,1.0,0.0,0.0
6318,0.0,0.0,0.0,0.02097902097902098,0.0,0.0
6319,0.0,0.0,0.0,0.031827515400410684,0.0,0.0
6320,0.0,0.0,0.0,0.0,0.0,0.0
6321,0.0,0.0,0.0,0.03577064702788006,0.0,0.0
6322,0.0,0.0,0.0,0.0,0.0,0.0
6323,0.0,0.0,0.0,0.05882352941176471,0.0,0.0
6324,0.0,0.0,0.0,0.0,0.0,0.0
6325,0.0,0.0,0.0,0.0,0.0,0.0
6326,0.0,0.0,0.0,0.0,0.0,0.0
6327,0.0,0.0,0.0,0.010910815939278937,0.0,0.0
6328,0.0,0.0,0.0,0.0,0.0,0.0
6329,0.03699487763232783,0.006829823562891292,0.006829823562891292,0.24075128059191805,0.001138303927148549,0.001138303927148549
6330,0.0,0.0,0.0,0.0650994575045208,0.0,0.0
6331,0.0,0.0,0.0,0.15241057542768274,0.0,0.0
6332,0.0,0.0,0.0,0.0,0.0,0.0
6333,0.0,0.0,0.0,0.032679738562091505,0.0,0.0
6334,0.0,0.0,0.0,0.0,0.0,0.0
6335,0.0,0.0,0.0,0.0,0.0,0.0
6336,0.0,0.0,0.0,0.09596928982725528,0.0,0.0
6337,0.0,0.0,0.0,0.02355808285946385,0.0,0.0
6338,0.0,0.0,0.0,0.0,0.0,0.0
6339,0.0,0.0,0.0,0.0,0.0,0.0
6340,0.0,0.0,0.0,0.0,0.0,0.0
6341,0.0,0.0,0.0,0.0,0.0,0.0
6342,0.0,0.0,0.0,0.05167464114832536,0.0,0.0
6343,0.0,0.0,0.0,0.03924646781789639,0.0,0.0
6344,0.0,0.0,0.0,0.0,0.0,0.0
6345,0.0,0.0,0.0,0.0,0.0,0.0
6346,0.0,0.0,0.0,0.02787878787878788,0.0,0.0
6347,0.0,0.0,0.0,0.017543859649122806,0.0,0.0
6348,0.0,0.0,0.0,0.011904761904761904,0.0,0.0
6349,0.0,0.0,0.0,0.0,0.0,0.0
6350,0.0,0.0,0.0,0.0,0.0,0.0
6351,0.0,0.0,0.0,0.0,0.0,0.0
6352,0.0,0.0,0.0,0.0,0.0,0.0
6353,0.0,0.0,0.0,0.060528559249786874,0.0,0.0
6354,0.0,0.0,0.0,0.0,0.0,0.0
6355,0.0,0.0,0.0,0.0,0.0,0.0
6356,0.0,0.0,0.0,0.009589041095890413,0.0,0.0
6357,0.0,0.0,0.0,0.0,0.0,0.0
6358,0.0,0.0,0.0,0.0,0.0,0.0
6359,0.0,0.0,0.0,0.26628895184135976,0.0,0.0
6360,0.0,0.0,0.0,0.08974358974358974,0.0,0.0
6361,0.0,0.0,0.0,0.008244994110718492,0.0,0.0
6362,0.0,0.0,0.0,0.0948905109489051,0.0,0.0
6363,0.0,0.0,0.0,0.022556390977443608,0.0,0.0
6364,0.0,0.0,0.0,0.021963245181532944,0.0,0.0
6365,0.0,0.0,0.0,0.0506454816285998,0.0,0.0
6366,0.0,0.0,0.0,0.11020960108181203,0.0,0.0
6367,0.0,0.0,0.0,0.0,0.0,0.0
6368,0.0,0.0,0.0,0.029958677685950414,0.0,0.0
6369,0.0,0.0,0.0,0.0,0.0,0.0
6370,0.0,0.0,0.0,0.15177797051170858,0.0,0.0
6371,0.0,0.0,0.0,0.0,0.0,0.0
6372,0.0,0.0,0.0,0.010230179028132991,0.0,0.0
6373,0.0,0.0,0.0,0.07759699624530664,0.0,0.0
6374,0.0,0.0,0.0,0.0,0.0,0.0
6375,0.0,0.0,0.0,0.15395894428152493,0.0,0.0
6376,0.0,0.0,0.0,0.0,0.0,0.0
6377,0.0,0.0,0.0,0.0,0.0,0.0
6378,0.0,0.0,0.0,0.02127659574468085,0.0,0.0
6379,0.0,0.0,0.0,0.014339152119700747,0.0,0.0
6380,0.0,0.0,0.0,0.051903114186851215,0.0,0.0
6381,0.0,0.0,0.0,0.0,0.0,0.0
6382,0.0,0.0,0.0,0.026115342763873776,0.0,0.0
6383,0.0,0.0,0.0,0.010649627263045794,0.0,0.0
6384,0.0,0.0,0.0,0.01267962806424345,0.0,0.0
6385,0.0,0.0,0.0,0.02363636363636364,0.0,0.0
6386,0.0,0.0,0.0,0.0,0.0,0.0
6387,0.0,0.0,0.0,0.04672897196261682,0.0,0.0
6388,0.0,0.0,0.0,0.0,0.0,0.0
6389,0.0,0.0,0.0,0.0,0.0,0.0
6390,0.0,0.0,0.0,0.0,0.0,0.0
6391,0.0,0.0,0.0,0.006968641114982578,0.0,0.0
6392,0.0,0.0,0.0,0.0,0.0,0.0
6393,0.1220268872802482,0.0,0.0,0.0579110651499483,0.0,0.0
6394,0.0,0.0,0.0,0.0,0.0,0.0
6395,0.0,0.0,0.0,0.0,0.0,0.0
6396,0.0,0.0,0.0,0.0,0.0,0.0
6397,0.0,0.0,0.0,0.0,0.0,0.0
6398,0.0,0.0,0.0,0.0,0.0,0.0
6399,0.0,0.0,0.0,0.022727272727272728,0.0,0.0
6400,0.0,0.0,0.0,0.0,0.0,0.0
6401,0.0,0.0,0.0,0.011784511784511785,0.0,0.0
6402,0.0,0.0,0.0,0.0,0.0,0.0
6403,0.0,0.0,0.0,0.03172866520787746,0.0,0.0
6404,0.0,0.0,0.0,0.0,0.0,0.0
6405,0.0,0.0,0.0,0.02424242424242424,0.0,0.0
6406,0.0,0.0,0.0,0.0,0.0,0.0
6407,0.0,0.0,0.0,0.0,0.0,0.0
6408,0.0,0.0,0.0,0.4416243654822335,0.0,0.0
6409,0.0,0.0,0.0,0.15789473684210525,0.0,0.0
6410,0.0,0.0,0.0,0.18181818181818185,0.0,0.0
6411,0.0,0.0,0.0,0.0,0.0,0.0
6412,0.0,0.0,0.0,0.0,0.0,0.0
6413,0.0,0.0,0.0,0.013366750208855471,0.0,0.0
6414,0.0,0.0,0.0,0.15488215488215487,0.0,0.0
6415,0.0,0.0,0.0,0.0,0.0,0.0
6416,0.0,0.0,0.0,0.053763440860215055,0.0,0.0
6417,0.0,0.0,0.0,0.0,0.0,0.0
6418,0.0,0.0,0.0,0.0,0.0,0.0
6419,0.0,0.0,0.0,0.07329842931937172,0.0,0.0
6420,0.0,0.0,0.0,0.0,0.0,0.0
6421,0.0,0.0,0.0,0.0,0.0,0.0
6422,0.0,0.0,0.0,0.00927643784786642,0.0,0.0
6423,0.0,0.0,0.0,0.0,0.0,0.0
6424,0.0,0.0,0.0,0.0,0.0,0.0
6425,0.0,0.0,0.0,0.02072538860103627,0.0,0.0
6426,0.0,0.0,0.0,0.011484823625922888,0.0,0.0
6427,0.0,0.0,0.0,0.0,0.0,0.0
6428,0.0,0.0,0.0,0.0,0.0,0.0
6429,0.0,0.0,0.0,0.030909090909090914,0.0,0.0
6430,0.0,0.0,0.0,0.0,0.0,0.0
6431,0.0,0.0,0.0,0.019011406844106463,0.0,0.0
6432,0.0,0.0,0.0,0.0,0.0,0.0
6433,0.0,0.0,0.0,0.0,0.0,0.0
6434,0.0,0.0,0.0,0.0,0.0,0.0
6435,0.0,0.0,0.0,0.0,0.0,0.0
6436,0.0,0.0,0.0,0.0,0.0,0.0
6437,0.0,0.0,0.0,0.01853411962931761,0.0,0.0
6438,0.0,0.0,0.0,0.15846994535519127,0.0,0.0
6439,0.0,0.0,0.0,0.0,0.0,0.0
6440,0.0,0.0,0.0,0.0,0.0,0.0
6441,0.0,0.0,0.0,0.0,0.0,0.0
6442,0.0,0.0,0.0,0.0,0.0,0.0
6443,0.0,0.0,0.0,0.0,0.0,0.0
6444,0.0,0.0,0.0,0.1,0.0,0.0
6445,0.0,0.0,0.0,0.0,0.0,0.0
6446,0.0,0.0,0.0,0.14074074074074075,0.0,0.0
6447,0.0,0.0,0.0,0.0,0.0,0.0
6448,0.0,0.0,0.0,0.01903807615230461,0.0,0.0
6449,0.0,0.0,0.0,0.0,0.0,0.0
6450,0.0,0.0,0.0,0.0,0.0,0.0
6451,0.0,0.0,0.0,0.02307692307692308,0.0,0.0
6452,0.0,0.0,0.0,0.0,0.0,0.0
6453,0.0,0.0,0.0,0.10843373493975904,0.0,0.0
6454,0.0,0.0,0.0,0.0,0.0,0.0
6455,0.0,0.0,0.0,0.012345679012345678,0.0,0.0
6456,0.0,0.0,0.0,0.0,0.0,0.0
6457,0.0,0.0,0.0,0.0,0.0,0.0
6458,0.0,0.0,0.0,0.0,0.0,0.0
6459,0.0,0.0,0.0,0.07446808510638298,0.0,0.0
6460,0.0,0.0,0.0,0.08044473512099411,0.0,0.0
6461,0.0,0.0,0.0,0.0,0.0,0.0
6462,0.0,0.0,0.0,0.0,0.0,0.0
6463,0.0,0.0,0.0,0.0932642487046632,0.0,0.0
6464,0.0,0.0,0.0,0.0,0.0,0.0
6465,0.0,0.0,0.0,0.09248554913294796,0.0,0.0
6466,0.0,0.0,0.0,0.23992068737607405,0.0,0.0
6467,0.0,0.0,0.0,0.0,0.0,0.0
6468,0.0,0.0,0.0,0.0,0.0,0.0
6469,0.0345252774352651,0.0,0.0,0.1942046855733662,0.002466091245376079,0.002466091245376079
6470,0.0,0.0,0.0,0.00723589001447178,0.0,0.0
6471,0.0,0.0,0.0,0.0,0.0,0.0
6472,0.0,0.0,0.0,0.01974183750949127,0.0,0.0
6473,0.0,0.0,0.0,0.0,0.0,0.0
6474,0.0,0.0,0.0,0.19282511210762326,0.0,0.0
6475,0.0,0.0,0.0,0.03530895334174023,0.0,0.0
6476,0.0,0.0,0.0,0.15384615384615385,0.0,0.0
6477,0.0,0.0,0.0,0.0,0.0,0.0
6478,0.0,0.0,0.0,0.0,0.0,0.0
6479,0.0,0.0,0.0,0.055710306406685235,0.0,0.0
6480,0.0,0.0,0.0,0.0,0.0,0.0
6481,0.0,0.0,0.0,0.0,0.0,0.0
6482,0.0,0.0,0.0,0.2435897435897436,0.0,0.0
6483,0.0,0.0,0.0,0.012552301255230124,0.0,0.0
6484,0.0,0.0,0.0,0.15081967213114755,0.0,0.0
6485,0.0,0.0,0.0,0.0,0.0,0.0
6486,0.0,0.0,0.0,0.2920792079207921,0.0,0.0
6487,0.0,0.0,0.0,0.0,0.0,0.0
6488,0.0,0.0,0.0,0.02274975272007913,0.0,0.0
6489,0.0,0.0,0.0,0.109375,0.0,0.0
6490,0.0,0.0,0.0,0.06925207756232687,0.0,0.0
6491,0.0,0.0,0.0,0.0013468013468013467,0.0,0.0
6492,0.0,0.0,0.0,0.0,0.0,0.0
6493,0.0,0.0,0.0,0.0,0.0,0.0
6494,0.0,0.0,0.0,0.010362694300518135,0.0,0.0
6495,0.0,0.0,0.0,0.0,0.0,0.0
6496,0.0,0.0,0.0,0.016042780748663103,0.0,0.0
6497,0.0,0.0,0.0,0.0,0.0,0.0
6498,0.0,0.0,0.0,0.04032258064516129,0.0,0.0
6499,0.0,0.0,0.0,0.0,0.0,0.0
6500,0.0,0.0,0.0,0.10276679841897234,0.0,0.0
6501,0.0,0.0,0.0,0.0625,0.0,0.0
6502,0.0,0.0,0.0,0.010080645161290322,0.0,0.0
6503,0.0,0.0,0.0,0.031082529474812437,0.0,0.0
6504,0.0,0.0,0.0,0.0,0.0,0.0
6505,0.0,0.0,0.0,0.0,0.0,0.0
6506,0.0,0.0,0.0,0.00322234156820623,0.0,0.0
6507,0.0,0.0,0.0,0.0025906735751295338,0.0,0.0
6508,0.0,0.0,0.0,0.0196078431372549,0.0,0.0
6509,0.0,0.0,0.0,0.0,0.0,0.0
6510,0.0,0.0,0.0,0.28205128205128205,0.0,0.0
6511,0.0,0.0,0.0,0.03970741901776385,0.0,0.0
6512,0.0,0.0,0.0,0.0,0.0,0.0
6513,0.0,0.0,0.0,0.183,0.0,0.0
6514,0.0,0.0,0.0,0.0,0.0,0.0
6515,0.0,0.0,0.0,0.02674897119341564,0.0,0.0
6516,0.0,0.0,0.0,0.0,0.0,0.0
6517,0.0,0.0,0.0,0.026254826254826256,0.0,0.0
6518,0.0,0.0,0.0,0.0,0.0,0.0
6519,0.0,0.0,0.0,0.0,0.0,0.0
6520,0.0,0.0,0.0,0.0,0.0,0.0
6521,0.0,0.0,0.0,0.0,0.0,0.0
6522,0.0,0.0,0.0,0.0078125,0.0,0.0
6523,0.0,0.0,0.0,0.005279034690799397,0.0,0.0
6524,0.0,0.0,0.0,0.0574826560951437,0.0,0.0
6525,0.0,0.0,0.0,0.0017857142857142854,0.0,0.0
6526,0.0,0.0,0.0,0.0451063829787234,0.0,0.0
6527,0.0,0.0,0.0,0.0028328611898017,0.0,0.0
6528,0.0,0.0,0.0,0.0,0.0,0.0
6529,0.0,0.0,0.0,0.08362369337979095,0.0,0.0
6530,0.0,0.0,0.0,0.06611570247933883,0.0,0.0
6531,0.0,0.0,0.0,0.0196078431372549,0.0,0.0
6532,0.0,0.0,0.0,0.0,0.0,0.0
6533,0.0,0.0,0.0,0.0,0.0,0.0
6534,0.0,0.0,0.0,0.0273972602739726,0.0,0.0
6535,0.0,0.0,0.0,0.0,0.0,0.0
6536,0.0,0.0,0.0,0.0,0.0,0.0
6537,0.0,0.0,0.0,0.0,0.0,0.0
6538,0.0,0.0,0.0,0.0,0.0,0.0
6539,0.0,0.0,0.0,0.10143042912873862,0.0,0.0
6540,0.0,0.0,0.0,0.0,0.0,0.0
6541,0.0,0.0,0.0,0.0,0.0,0.0
6542,0.0,0.0,0.0,0.0078125,0.0,0.0
6543,0.0,0.0,0.0,0.0,0.0,0.0
6544,0.0,0.0,0.0,0.0,0.0,0.0
6545,0.0,0.0,0.0,0.1814516129032258,0.0,0.0
6546,0.0,0.0,0.0,0.007528230865746549,0.0,0.0
6547,0.0,0.0,0.0,0.06962025316455696,0.0,0.0
6548,0.0,0.0,0.0,0.17647058823529413,0.0,0.0
6549,0.0,0.0,0.0,0.05912596401028278,0.0,0.0
6550,0.0,0.0,0.0,0.0,0.0,0.0
6551,0.0,0.0,0.0,0.0,0.0,0.0
6552,0.0,0.0,0.0,0.0,0.0,0.0
6553,0.0,0.0,0.0,0.017261219792865358,0.0,0.0
6554,0.0,0.0,0.0,0.0,0.0,0.0
6555,0.0,0.0,0.0,0.02406417112299465,0.0,0.0
6556,0.0,0.0,0.0,0.007220216606498195,0.0,0.0
6557,0.0,0.0,0.0,0.33705080545229243,0.027261462205700124,0.0
6558,0.0,0.0,0.0,0.04154863078375826,0.0,0.0
6559,0.0,0.0,0.0,0.0,0.0,0.0
6560,0.0,0.0,0.0,0.003352891869237217,0.0,0.0
6561,0.0,0.0,0.0,0.06546854942233632,0.0,0.0
6562,0.02392638036809816,0.0,0.0,0.07914110429447853,0.0,0.0
6563,0.0,0.0,0.0,0.0,0.0,0.0
6564,0.0,0.0,0.0,0.0,0.0,0.0
6565,0.0,0.0,0.0,0.0,0.0,0.0
6566,0.0,0.0,0.0,0.06623058053965658,0.0,0.0
6567,0.0,0.0,0.0,0.08442330558858502,0.0,0.0
6568,0.0,0.0,0.0,0.04198152812762385,0.0,0.0
6569,0.0,0.0,0.0,0.07824838478104809,0.0,0.0
6570,0.0,0.0,0.0,0.0,0.0,0.0
6571,0.0,0.0,0.0,0.078125,0.0,0.0
6572,0.0,0.0,0.0,0.05078125,0.0,0.0
6573,0.0,0.01140684410646388,0.0,0.17363751584283904,0.0,0.0
6574,0.0,0.0,0.0,0.0,0.0,0.0
6575,0.0,0.0,0.0,0.0,0.0,0.0
6576,0.0,0.0,0.0,0.08357348703170027,0.0,0.0
6577,0.0,0.0,0.0,0.0,0.0,0.0
6578,0.0,0.0,0.0,0.010526315789473684,0.0,0.0
6579,0.0,0.0,0.0,0.0,0.0,0.0
6580,0.0,0.0,0.0,0.06827309236947791,0.0,0.0
6581,0.0,0.0,0.0,0.026709401709401708,0.0,0.0
6582,0.0,0.0,0.0,0.014995313964386131,0.0,0.0
6583,0.0,0.0,0.0,0.027906976744186046,0.0,0.0
6584,0.0,0.0,0.0,0.0,0.0,0.0
6585,0.0,0.0,0.0,0.0,0.0,0.0
6586,0.0,0.0,0.0,0.0,0.0,0.0
6587,0.0,0.0,0.0,0.0,0.0,0.0
6588,0.0,0.0,0.0,0.01964839710444674,0.0,0.0
6589,0.0,0.0,0.0,0.0,0.0,0.0
6590,0.0,0.0,0.0,0.17310087173100872,0.0,0.0
6591,0.0,0.0,0.0,0.0,0.0,0.0
6592,0.0,0.0,0.0,0.0,0.0,0.0
6593,0.0,0.0,0.0,0.02001819836214741,0.0,0.0
6594,0.02808988764044944,0.0,0.0,0.07191011235955057,0.0,0.0
6595,0.0,0.0,0.0,0.0,0.0,0.0
6596,0.0,0.0,0.0,0.016976556184316895,0.0,0.0
6597,0.0,0.0,0.0,0.0125,0.0,0.0
6598,0.0,0.0,0.0,0.0,0.0,0.0
6599,0.0,0.0,0.0,0.020928116469517744,0.0,0.0
6600,0.0,0.0,0.0,0.0,0.0,0.0
6601,0.0,0.0,0.0,0.0,0.0,0.0
6602,0.0,0.0,0.0,0.0,0.0,0.0
6603,0.0,0.0,0.0,0.02060606060606061,0.0,0.0
6604,0.0,0.0,0.0,0.16326530612244894,0.0,0.0
6605,0.0,0.0,0.0,0.01445086705202312,0.0,0.0
6606,0.0,0.0,0.0,0.1836734693877551,0.0,0.0
6607,0.0,0.0,0.0,0.0,0.0,0.0
6608,0.0,0.0,0.0,0.0,0.0,0.0
6609,0.0,0.0,0.0,0.07766990291262135,0.0,0.0
6610,0.0,0.0,0.0,0.0,0.0,0.0
6611,0.0,0.0,0.0,0.0,0.0,0.0
6612,0.0,0.0,0.0,0.0,0.0,0.0
6613,0.0,0.0,0.0,0.0,0.0,0.0
6614,0.0,0.0,0.0,0.0728667305848514,0.0,0.0
6615,0.0,0.0,0.0,0.0011918951132300355,0.0,0.0
6616,0.0,0.0,0.0,0.0,0.0,0.0
6617,0.0,0.0,0.0,0.0,0.0,0.0
6618,0.0,0.0,0.0,0.023762376237623763,0.0,0.0
6619,0.0,0.0,0.0,0.03248259860788863,0.0,0.0
6620,0.0,0.0,0.0,0.0,0.0,0.0
6621,0.0,0.0,0.0,0.12630208333333334,0.0,0.0
6622,0.0,0.0,0.0,0.0,0.0,0.0
6623,0.0,0.0,0.0,0.0,0.0,0.0
6624,0.0,0.0,0.0,0.051330798479087454,0.0,0.0
6625,0.0,0.0,0.0,0.0,0.0,0.0
6626,0.0,0.0,0.0,0.0,0.0,0.0
6627,0.0,0.0,0.0,0.0,0.0,0.0
6628,0.0,0.0,0.0,0.0,0.0,0.0
6629,0.03729146221786065,0.008832188420019628,0.008832188420019628,0.15996074582924436,0.008832188420019628,0.0
6630,0.0,0.0,0.0,0.05542725173210162,0.0,0.0
6631,0.0,0.0,0.0,0.0,0.0,0.0
6632,0.0,0.0,0.0,0.0621301775147929,0.0,0.0
6633,0.0,0.0,0.0,0.0,0.0,0.0
6634,0.0,0.0,0.0,0.0,0.0,0.0
6635,0.0,0.0,0.0,0.00596252129471891,0.0,0.0
6636,0.0,0.0,0.0,0.007369196757553427,0.0,0.0
6637,0.0,0.0,0.0,0.0,0.0,0.0
6638,0.0,0.0,0.0,0.02669039145907473,0.0,0.0
6639,0.0,0.0,0.0,0.1829787234042553,0.0,0.0
6640,0.0,0.0,0.0,0.04231974921630094,0.0,0.0
6641,0.0,0.0,0.0,0.0,0.0,0.0
6642,0.0,0.0,0.0,0.0,0.0,0.0
6643,0.022770398481973438,0.0,0.0,0.2296015180265655,0.0,0.0
6644,0.0,0.0,0.0,0.08811188811188811,0.0,0.0
6645,0.09424083769633508,0.0,0.0,0.14659685863874344,0.0,0.0
6646,0.0,0.0,0.0,0.0,0.0,0.0
6647,0.0,0.0,0.0,0.0,0.0,0.0
6648,0.0,0.0,0.0,0.0,0.0,0.0
6649,0.0,0.0,0.0,0.0,0.0,0.0
6650,0.0,0.0,0.0,0.04299065420560748,0.0,0.0
6651,0.0,0.0,0.0,0.009915014164305949,0.0,0.0
6652,0.0,0.0,0.0,0.0,0.0,0.0
6653,0.0,0.0,0.0,0.0,0.0,0.0
6654,0.0,0.0,0.0,0.0,0.0,0.0
6655,0.0,0.0,0.0,0.07983193277310924,0.0,0.0
6656,0.0,0.0,0.0,0.0,0.0,0.0
6657,0.0,0.0,0.0,0.059504132231404966,0.0,0.0
6658,0.0,0.0,0.0,0.010124252185918085,0.0,0.0
6659,0.0,0.0,0.0,0.0,0.0,0.0
6660,0.0,0.0,0.0,0.0,0.0,0.0
6661,0.0,0.0,0.0,0.2654028436018957,0.0,0.0
6662,0.0,0.0,0.0,0.0,0.0,0.0
6663,0.0,0.0,0.0,0.19889502762430936,0.0,0.0
6664,0.0,0.0,0.0,0.19692489651094028,0.0,0.0
6665,0.0,0.0,0.0,0.0,0.0,0.0
6666,0.0,0.0,0.0,0.05293005671077505,0.0,0.0
6667,0.0,0.0,0.0,0.0078125,0.0,0.0
6668,0.0,0.0,0.0,0.0,0.0,0.0
6669,0.0,0.0,0.0,0.0,0.0,0.0
6670,0.018543046357615896,0.0,0.0,0.22582781456953646,0.0,0.0
6671,0.0,0.0,0.0,0.015665796344647518,0.0,0.0
6672,0.0,0.0,0.0,0.5625,0.0,0.0
6673,0.0,0.0,0.0,0.0570430733410943,0.0,0.0
6674,0.0,0.0,0.0,0.03761755485893417,0.0,0.0
6675,0.0,0.0,0.0,0.0,0.0,0.0
6676,0.0,0.0,0.0,0.01969178082191781,0.0,0.0
6677,0.0,0.0,0.0,0.0,0.0,0.0
6678,0.0,0.0,0.0,0.04444444444444445,0.022222222222222227,0.0
6679,0.0,0.0,0.0,0.060606060606060615,0.0,0.0
6680,0.0,0.0,0.0,0.0,0.0,0.0
6681,0.0,0.0,0.0,0.0,0.0,0.0
6682,0.0,0.0,0.0,0.02619760479041916,0.0,0.0
6683,0.0,0.0,0.0,0.0493730407523511,0.0,0.0
6684,0.0,0.0,0.0,0.06584362139917696,0.0,0.0
6685,0.0,0.0,0.0,0.0,0.0,0.0
6686,0.0,0.0,0.0,0.0,0.0,0.0
6687,0.0,0.0,0.0,0.021671826625387,0.0,0.0
6688,0.0,0.0,0.0,0.0,0.0,0.0
6689,0.0,0.0,0.0,0.0,0.0,0.0
6690,0.0,0.0,0.0,0.0,0.0,0.0
6691,0.0,0.0,0.0,0.03808812546676624,0.0,0.0
6692,0.0,0.0,0.0,0.0,0.0,0.0
6693,0.0,0.0,0.0,0.010471204188481676,0.0,0.0
6694,0.0,0.0,0.0,0.06815968841285297,0.0,0.0
6695,0.0,0.0,0.0,0.0007936507936507938,0.0,0.0
6696,0.0,0.0,0.0,0.0,0.0,0.0
6697,0.0,0.0,0.0,0.00546448087431694,0.0,0.0
6698,0.0,0.0,0.0,0.0,0.0,0.0
6699,0.0,0.0,0.0,0.0,0.0,0.0
6700,0.0,0.0,0.0,0.3781163434903047,0.0,0.0
6701,0.0,0.0,0.0,0.04553264604810996,0.0,0.0
6702,0.0,0.0,0.0,0.025963149078726967,0.0,0.0
6703,0.0,0.0,0.0,0.09159034138218153,0.0,0.0
6704,0.0,0.0,0.0,0.026840490797546013,0.0,0.0
6705,0.0,0.0,0.0,0.0,0.0,0.0
6706,0.0,0.0,0.0,0.02996670366259712,0.0,0.0
6707,0.0,0.0,0.0,0.07213438735177866,0.0,0.0
6708,0.0,0.0,0.0,0.0,0.0,0.0
6709,0.0,0.0,0.0,0.0,0.0,0.0
6710,0.0,0.0,0.0,0.0,0.0,0.0
6711,0.0,0.0,0.0,0.0,0.0,0.0
6712,0.0,0.0,0.0,0.0,0.0,0.0
6713,0.0,0.0,0.0,0.0,0.0,0.0
6714,0.0,0.0,0.0,0.07284172661870504,0.0,0.0
6715,0.023870417732310314,0.0,0.0,0.0988917306052856,0.0,0.0
6716,0.0,0.0,0.0,0.24390243902439024,0.0,0.0
6717,0.009097801364670205,0.0,0.0,0.0,0.0,0.0
6718,0.0,0.0,0.0,0.048158640226628885,0.0,0.0
6719,0.0,0.0,0.0,0.0,0.0,0.0
6720,0.0,0.0,0.0,0.0,0.0,0.0
6721,0.0,0.0,0.0,0.0,0.0,0.0
6722,0.0,0.0,0.0,0.01105990783410138,0.0,0.0
6723,0.0,0.0,0.0,0.0,0.0,0.0
6724,0.0,0.0,0.0,0.0013422818791946306,0.0,0.0
6725,0.0,0.0,0.0,0.18725099601593626,0.0,0.0
6726,0.0,0.0,0.0,0.0,0.0,0.0
6727,0.013898080741230973,0.0,0.0,0.05823957643944407,0.0,0.0
6728,0.0,0.0,0.0,0.01017576318223867,0.0,0.0
6729,0.0,0.0,0.0,0.0,0.0,0.0
6730,0.0,0.0,0.0,0.0,0.0,0.0
6731,0.0,0.0,0.0,0.18095238095238092,0.0,0.0
6732,0.0,0.0,0.0,0.0,0.0,0.0
6733,0.0,0.0,0.0,0.0,0.0,0.0
6734,0.0,0.0,0.0,0.0,0.0,0.0
6735,0.0,0.0,0.0,0.0,0.0,0.0
6736,0.0,0.0,0.0,0.0,0.0,0.0
6737,0.0,0.0,0.0,0.0,0.0,0.0
6738,0.0,0.0,0.0,0.0,0.0,0.0
6739,0.0,0.0,0.0,0.4516129032258064,0.0,0.0
6740,0.0,0.0,0.0,0.0,0.0,0.0
6741,0.0,0.0,0.0,0.0,0.0,0.0
6742,0.0,0.0,0.0,0.0,0.0,0.0
6743,0.0,0.0,0.0,0.0,0.0,0.0
6744,0.0,0.0,0.0,0.008431703204047217,0.0,0.0
6745,0.0,0.0,0.0,0.0,0.0,0.0
6746,0.0,0.0,0.0,0.06578947368421052,0.0,0.0
6747,0.0,0.0,0.0,0.014647137150466043,0.0,0.0
6748,0.0,0.0,0.0,0.0013063357282821686,0.0,0.0
6749,0.0,0.0,0.0,0.0,0.0,0.0
6750,0.0,0.0,0.0,0.08196721311475409,0.0,0.0
6751,0.0,0.0,0.0,0.0,0.0,0.0
6752,0.0,0.0,0.0,0.07142857142857142,0.0,0.0
6753,0.0,0.0,0.0,0.00812347684809098,0.0,0.0
6754,0.0,0.0,0.0,0.0,0.0,0.0
6755,0.0,0.0,0.0,0.0,0.0,0.0
6756,0.0,0.0,0.0,0.125,0.0,0.0
6757,0.0,0.0,0.0,0.020707506471095767,0.0,0.0
6758,0.0,0.0,0.0,0.0012330456226880395,0.0,0.0
6759,0.0,0.0,0.0,0.0,0.0,0.0
6760,0.0,0.0,0.0,0.0,0.0,0.0
6761,0.0,0.0,0.0,0.022257551669316374,0.0,0.0
6762,0.0,0.0,0.0,0.03189792663476874,0.0,0.0
6763,0.0,0.0,0.0,0.0,0.0,0.0
6764,0.0,0.0,0.0,0.050788091068301226,0.0,0.0
6765,0.0,0.0,0.0,0.0,0.0,0.0
6766,0.0,0.0,0.0,0.05455850681981336,0.0,0.0
6767,0.0,0.0,0.0,0.0,0.0,0.0
6768,0.0,0.0,0.0,0.04395604395604396,0.0,0.0
6769,0.0,0.0,0.0,0.0,0.0,0.0
6770,0.0,0.0,0.0,0.0,0.0,0.0
6771,0.0,0.0,0.0,0.10997204100652376,0.0,0.0
6772,0.0,0.0,0.0,0.2299382716049383,0.0,0.0
6773,0.0,0.0,0.0,0.0,0.0,0.0
6774,0.0,0.0,0.0,0.0,0.0,0.0
6775,0.0,0.0,0.0,0.0,0.0,0.0
6776,0.0,0.0,0.0,0.0,0.0,0.0
6777,0.0,0.0,0.0,0.0,0.0,0.0
6778,0.0,0.0,0.0,0.007660577489687683,0.0,0.0
6779,0.0,0.0,0.0,0.0,0.0,0.0
6780,0.0,0.0,0.0,0.019071837253655438,0.0,0.0
6781,0.0,0.0,0.0,0.0,0.0,0.0
6782,0.0,0.0,0.0,0.0,0.0,0.0
6783,0.0,0.0,0.0,0.07716049382716049,0.0,0.0
6784,0.0,0.0,0.0,0.0,0.0,0.0
6785,0.0,0.0,0.0,0.0,0.0,0.0
6786,0.0,0.0,0.0,0.06929133858267716,0.0,0.0
6787,0.0,0.0,0.0,0.0,0.0,0.0
6788,0.0,0.0,0.0,0.035874439461883414,0.0,0.0
6789,0.0,0.0,0.0,0.0,0.0,0.0
6790,0.0,0.0,0.0,0.16581632653061226,0.0,0.0
6791,0.0,0.0,0.0,0.0,0.0,0.0
6792,0.0,0.0,0.0,0.0,0.0,0.0
6793,0.0,0.0,0.0,0.0,0.0,0.0
6794,0.0,0.0,0.0,0.0,0.0,0.0
6795,0.0,0.0,0.0,0.0,0.0,0.0
6796,0.0,0.0,0.0,0.0,0.0,0.0
6797,0.0,0.0,0.0,0.0,0.0,0.0
6798,0.0,0.0,0.0,0.0,0.0,0.0
6799,0.0,0.0,0.0,0.0,0.0,0.0
6800,0.0,0.0,0.0,0.0,0.0,0.0
6801,0.0,0.0,0.0,0.0,0.0,0.0
6802,0.0,0.0,0.0,0.0,0.0,0.0
6803,0.0,0.0,0.0,0.0,0.0,0.0
6804,0.0,0.0,0.0,0.0,0.0,0.0
6805,0.0,0.0,0.0,0.026143790849673203,0.0,0.0
6806,0.0,0.0,0.0,0.0,0.0,0.0
6807,0.0,0.0,0.0,0.0,0.0,0.0
6808,0.0,0.0,0.0,0.0,0.0,0.0
6809,0.025799793601651185,0.0,0.0,0.030959752321981424,0.0,0.0
6810,0.030800821355236138,0.0,0.0,0.12320328542094455,0.0,0.0
6811,0.0,0.0,0.0,0.0,0.0,0.0
6812,0.0,0.0,0.0,0.0,0.0,0.0
6813,0.0,0.0,0.0,0.26907073509015256,0.0,0.0
6814,0.0,0.0,0.0,0.0,0.0,0.0
6815,0.0,0.0,0.0,0.0,0.0,0.0
6816,0.02528089887640449,0.0,0.0,0.07865168539325842,0.0,0.0
6817,0.0,0.0,0.0,0.0,0.0,0.0
6818,0.0,0.0,0.0,0.11183144246353324,0.0,0.0
6819,0.0,0.0,0.0,0.09311348205625608,0.0,0.0
6820,0.0,0.0,0.0,0.0,0.0,0.0
6821,0.0,0.0,0.0,0.0,0.0,0.0
6822,0.0,0.0,0.0,0.08847583643122676,0.0,0.0
6823,0.0,0.0,0.0,0.0,0.0,0.0
6824,0.0,0.0,0.0,0.0,0.0,0.0
6825,0.0,0.0,0.0,0.140625,0.0,0.0
6826,0.0,0.0,0.0,0.00865265760197775,0.0,0.0
6827,0.0,0.0,0.0,0.0,0.0,0.0
6828,0.0,0.0,0.0,0.0,0.0,0.0
6829,0.0,0.0,0.0,0.048732943469785565,0.0,0.0
6830,0.0,0.0,0.0,0.0,0.0,0.0
6831,0.0,0.0,0.0,0.0,0.0,0.0
6832,0.0,0.0,0.0,0.0,0.0,0.0
6833,0.0,0.0,0.0,0.0,0.0,0.0
6834,0.0,0.0,0.0,0.012917115177610334,0.0,0.0
6835,0.0,0.0,0.0,0.0,0.0,0.0
6836,0.0,0.0,0.0,0.0,0.0,0.0
6837,0.0,0.0,0.0,0.0,0.0,0.0
6838,0.03249336870026525,0.0,0.0,0.05238726790450928,0.0,0.0
6839,0.0,0.0,0.0,0.0,0.0,0.0
6840,0.0,0.0,0.0,0.040404040404040414,0.0,0.0
6841,0.0,0.0,0.0,0.0,0.0,0.0
6842,0.0,0.0,0.0,0.002350176263219741,0.0,0.0
6843,0.0,0.0,0.0,0.08814589665653495,0.0,0.0
6844,0.0,0.0,0.0,0.0,0.0,0.0
6845,0.0,0.0,0.0,0.2244467860906217,0.0,0.0
6846,0.0,0.0,0.0,0.0,0.0,0.0
6847,0.0,0.0,0.0,0.0049680624556423,0.0,0.0
6848,0.0,0.0,0.0,0.016641452344931917,0.0,0.0
6849,0.0,0.0,0.0,0.3554716981132076,0.0,0.0
6850,0.0,0.0,0.0,0.04693140794223827,0.0,0.0
6851,0.104631217838765,0.0,0.0,0.24271012006861065,0.0,0.0
6852,0.0,0.0,0.0,0.3640625,0.0,0.0
6853,0.0,0.0,0.0,0.0,0.0,0.0
6854,0.0,0.0,0.0,0.22123893805309736,0.0,0.0
6855,0.0,0.0,0.0,0.0,0.0,0.0
6856,0.0,0.0,0.0,0.0,0.0,0.0
6857,0.0,0.0,0.0,0.0,0.0,0.0
6858,0.0,0.0,0.0,0.0,0.0,0.0
6859,0.0,0.0,0.0,0.02640845070422535,0.0,0.0
6860,0.0,0.0,0.0,0.045186640471512766,0.0,0.0
6861,0.0,0.0,0.0,0.0,0.0,0.0
6862,0.0,0.0,0.0,0.0,0.0,0.0
6863,0.0,0.0,0.0,0.04651162790697674,0.0,0.0
6864,0.0,0.0,0.0,0.045714285714285714,0.0,0.0
6865,0.0,0.0,0.0,0.09170305676855896,0.0,0.0
6866,0.0,0.0,0.0,0.0,0.0,0.0
6867,0.0,0.0,0.0,0.0,0.0,0.0
6868,0.0,0.0,0.0,0.0,0.0,0.0
6869,0.0,0.0,0.0,0.0,0.0,0.0
6870,0.0,0.0,0.0,0.01668891855807744,0.0,0.0
6871,0.0,0.0,0.0,0.004201680672268907,0.0,0.0
6872,0.0,0.0,0.0,0.0,0.0,0.0
6873,0.0,0.0,0.0,0.0,0.0,0.0
6874,0.0,0.0,0.0,0.125,0.0,0.0
6875,0.0,0.0,0.0,0.0,0.0,0.0
6876,0.0,0.0,0.0,0.002173913043478261,0.0,0.0
6877,0.0,0.0,0.0,0.0,0.0,0.0
6878,0.0,0.0,0.0,0.02129471890971039,0.0,0.0
6879,0.0,0.0,0.0,0.0,0.0,0.0
6880,0.0,0.0,0.0,0.0,0.0,0.0
6881,0.0,0.0,0.0,0.04411764705882353,0.0,0.0
6882,0.0,0.0,0.0,0.1368421052631579,0.0,0.0
6883,0.0,0.0,0.0,0.017543859649122806,0.0,0.0
6884,0.0,0.0,0.0,0.0,0.0,0.0
6885,0.0,0.0,0.0,0.0,0.0,0.0
6886,0.0,0.0,0.0,0.0,0.0,0.0
6887,0.0,0.0,0.0,0.0,0.0,0.0
6888,0.0,0.0,0.0,0.021013597033374538,0.0,0.0
6889,0.0,0.0,0.0,0.0,0.0,0.0
6890,0.0330188679245283,0.01650943396226415,0.01650943396226415,0.1391509433962264,0.0,0.0
6891,0.0,0.0,0.0,0.02197802197802198,0.0,0.0
6892,0.0,0.0,0.0,0.07585568917668825,0.0,0.0
6893,0.0,0.0,0.0,0.007347538574577517,0.0,0.0
6894,0.0,0.0,0.0,0.0,0.0,0.0
6895,0.0,0.0,0.0,0.011963406052076004,0.0,0.0
6896,0.0,0.0,0.0,0.04785581106277191,0.0,0.0
6897,0.0,0.0,0.0,0.31263858093126384,0.0,0.0
6898,0.0,0.0,0.0,0.03642384105960265,0.0,0.0
6899,0.0,0.0,0.0,0.0,0.0,0.0
6900,0.0,0.0,0.0,0.0,0.0,0.0
6901,0.0,0.0,0.0,0.0344488188976378,0.0,0.0
6902,0.0,0.0,0.0,0.0,0.0,0.0
6903,0.0,0.0,0.0,0.0,0.0,0.0
6904,0.0,0.0,0.0,0.029126213592233014,0.0,0.0
6905,0.0,0.0,0.0,0.08089500860585197,0.0,0.0
6906,0.0,0.0,0.0,0.13284804367606914,0.0,0.0
6907,0.0,0.0,0.0,0.049872122762148335,0.0,0.0
6908,0.0,0.0,0.0,0.0,0.0,0.0
6909,0.0,0.0,0.0,0.0,0.0,0.0
6910,0.0,0.0,0.0,0.00351288056206089,0.0,0.0
6911,0.0,0.0,0.0,0.0,0.0,0.0
6912,0.0,0.0,0.0,0.006056018168054504,0.0,0.0
6913,0.0,0.0,0.0,0.0,0.0,0.0
6914,0.0,0.0,0.0,0.0,0.0,0.0
6915,0.0,0.0,0.0,0.0,0.0,0.0
6916,0.0,0.0,0.0,0.02197802197802198,0.0,0.0
6917,0.0,0.0,0.0,0.01600985221674877,0.0,0.0
6918,0.0,0.0,0.0,0.010816657652785291,0.0,0.0
6919,0.0,0.0,0.0,0.004545454545454545,0.0,0.0
6920,0.0,0.0,0.0,0.038680318543799774,0.0,0.0
6921,0.0,0.0,0.0,0.0,0.0,0.0
6922,0.0,0.0,0.0,0.016871165644171782,0.0,0.0
6923,0.0,0.0,0.0,0.0,0.0,0.0
6924,0.0,0.0,0.0,0.0,0.0,0.0
6925,0.0,0.0,0.0,0.012616201859229749,0.0,0.0
6926,0.0,0.0,0.0,0.06151832460732985,0.0,0.0
6927,0.0,0.0,0.0,1.0,0.0,0.0
6928,0.0,0.0,0.0,0.02742409402546523,0.0,0.0
6929,0.0,0.0,0.0,0.2475317348377997,0.0,0.0
6930,0.0,0.0,0.0,0.0,0.0,0.0
6931,0.0,0.0,0.0,0.0,0.0,0.0
6932,0.0,0.0,0.0,0.3676948051948052,0.0,0.0
6933,0.0,0.0,0.0,0.0,0.0,0.0
6934,0.0,0.0,0.0,0.0,0.0,0.0
6935,0.0,0.0,0.0,0.0264783759929391,0.0,0.0
6936,0.0,0.0,0.0,0.1111111111111111,0.0,0.0
6937,0.0,0.0,0.0,0.0,0.0,0.0
6938,0.0,0.0,0.0,0.0,0.0,0.0
6939,0.0,0.0,0.0,0.0,0.0,0.0
6940,0.0,0.0,0.0,0.0,0.0,0.0
6941,0.06474820143884892,0.03597122302158273,0.03597122302158273,0.21942446043165467,0.0,0.0
6942,0.0,0.0,0.0,0.1076923076923077,0.0,0.0
6943,0.0,0.0,0.0,0.0,0.0,0.0
6944,0.0,0.0,0.0,0.08818342151675485,0.0,0.0
6945,0.0,0.0,0.0,0.0,0.0,0.0
6946,0.0,0.0,0.0,0.06391752577319587,0.0,0.0
6947,0.0,0.0,0.0,0.22302158273381292,0.0,0.0
6948,0.0,0.0,0.0,0.0,0.0,0.0
6949,0.0,0.0,0.0,0.0,0.0,0.0
6950,0.025247971145175838,0.025247971145175838,0.025247971145175838,0.06853020739404869,0.0,0.0
6951,0.0,0.0,0.0,0.007469654528478058,0.0,0.0
6952,0.0,0.0,0.0,0.0,0.0,0.0
6953,0.0,0.0,0.0,0.09523809523809523,0.0,0.0
6954,0.0,0.0,0.0,0.0,0.0,0.0
6955,0.0,0.0,0.0,0.0,0.0,0.0
6956,0.0,0.0,0.0,0.0,0.0,0.0
6957,0.0,0.0,0.0,0.0,0.0,0.0
6958,0.0,0.0,0.0,0.0636182902584493,0.0,0.0
6959,0.0,0.0,0.0,0.0,0.0,0.0
6960,0.0,0.0,0.0,0.0,0.0,0.0
6961,0.0,0.0,0.0,0.0572289156626506,0.0,0.0
6962,0.0,0.0,0.0,0.0728744939271255,0.0,0.0
6963,0.0,0.0,0.0,0.0,0.0,0.0
6964,0.0,0.0,0.0,0.0,0.0,0.0
6965,0.0,0.0,0.0,0.058475689881734565,0.0,0.0
6966,0.0,0.0,0.0,0.05112474437627812,0.0,0.0
6967,0.0,0.0,0.0,0.06165703275529865,0.0,0.0
6968,0.0,0.0,0.0,0.0,0.0,0.0
6969,0.0,0.0,0.0,0.011494252873563218,0.0,0.0
6970,0.0,0.0,0.0,0.09574468085106384,0.0,0.0
6971,0.0,0.0,0.0,0.0,0.0,0.0
6972,0.0,0.0,0.0,0.0,0.0,0.0
6973,0.0,0.0,0.0,0.08240534521158129,0.0,0.0
6974,0.0,0.0,0.0,0.0,0.0,0.0
6975,0.0,0.0,0.0,0.17655571635311146,0.0,0.0
6976,0.0,0.0,0.0,0.02298850574712644,0.0,0.0
6977,0.0,0.0,0.0,0.040697674418604654,0.0,0.0
6978,0.0,0.0,0.0,0.0,0.0,0.0
6979,0.0,0.0,0.0,0.0,0.0,0.0
6980,0.0,0.0,0.0,0.0,0.0,0.0
6981,0.0,0.0,0.0,0.0,0.0,0.0
6982,0.0,0.0,0.0,0.008571428571428572,0.0,0.0
6983,0.0,0.0,0.0,0.0,0.0,0.0
6984,0.0,0.0,0.0,0.0,0.0,0.0
6985,0.0,0.0,0.0,0.0,0.0,0.0
6986,0.0,0.0,0.0,0.0,0.0,0.0
6987,0.0,0.0,0.0,0.16901408450704225,0.0,0.0
6988,0.0,0.0,0.0,0.037037037037037035,0.0,0.0
6989,0.0,0.0,0.0,0.0,0.0,0.0
6990,0.0,0.0,0.0,0.0,0.0,0.0
6991,0.0,0.0,0.0,0.0,0.0,0.0
6992,0.0,0.0,0.0,0.0032404406999351912,0.0,0.0
6993,0.0,0.0,0.0,0.0,0.0,0.0
6994,0.0,0.0,0.0,0.0,0.0,0.0
6995,0.0,0.0,0.0,0.0,0.0,0.0
6996,0.0,0.0,0.0,0.04653284671532847,0.0,0.0
6997,0.0,0.0,0.0,0.0,0.0,0.0
6998,0.0,0.0,0.0,0.0,0.0,0.0
6999,0.0,0.0,0.0,0.0,0.0,0.0
7000,0.0,0.0,0.0,0.0,0.0,0.0
7001,0.0,0.0,0.0,0.06827309236947791,0.0,0.0
7002,0.0,0.0,0.0,0.0,0.0,0.0
7003,0.0,0.0,0.0,0.0,0.0,0.0
7004,0.0,0.0,0.0,0.07323943661971831,0.0,0.0
7005,0.0,0.0,0.0,0.0,0.0,0.0
7006,0.0,0.0,0.0,0.0,0.0,0.0
7007,0.0,0.0,0.0,0.0,0.0,0.0
7008,0.0,0.0,0.0,0.020588235294117647,0.0,0.0
7009,0.0,0.0,0.0,0.08545034642032333,0.0,0.0
7010,0.0,0.0,0.0,0.0,0.0,0.0
7011,0.0,0.0,0.0,0.0,0.0,0.0
7012,0.0,0.0,0.0,0.027027027027027032,0.0,0.0
7013,0.0,0.0,0.0,0.0,0.0,0.0
7014,0.0,0.0,0.0,0.0,0.0,0.0
7015,0.0,0.0,0.0,0.0,0.0,0.0
7016,0.0,0.0,0.0,0.02066486972147349,0.0,0.0
7017,0.0,0.0,0.0,0.0,0.0,0.0
7018,0.0,0.0,0.0,0.02395209580838324,0.0,0.0
7019,0.0,0.0,0.0,0.0,0.0,0.0
7020,0.0,0.0,0.0,0.0,0.0,0.0
7021,0.0,0.0,0.0,0.0,0.0,0.0
7022,0.13239074550128535,0.0,0.0,0.0,0.0,0.0
7023,0.0,0.0,0.0,0.05174927113702624,0.0,0.0
7024,0.02466367713004484,0.0,0.0,0.3195067264573991,0.0,0.0
7025,0.0,0.0,0.0,0.0,0.0,0.0
7026,0.0,0.0,0.0,0.4716981132075472,0.0,0.0
7027,0.0,0.0,0.0,0.027467811158798282,0.0,0.0
7028,0.0,0.0,0.0,0.14,0.0,0.0
7029,0.0,0.0,0.0,0.0,0.0,0.0
7030,0.0,0.0,0.0,0.0,0.0,0.0
7031,0.0,0.0,0.0,0.009554140127388536,0.0,0.0
7032,0.0,0.0,0.0,0.0,0.0,0.0
7033,0.0,0.0,0.0,0.24183006535947715,0.0,0.0
7034,0.0,0.0,0.0,0.3458333333333333,0.0,0.0
7035,0.0,0.0,0.0,0.0,0.0,0.0
7036,0.0,0.0,0.0,0.0,0.0,0.0
7037,0.0,0.0,0.0,0.0,0.0,0.0
7038,0.0,0.0,0.0,0.16666666666666666,0.0,0.0
7039,0.0,0.0,0.0,0.0,0.0,0.0
7040,0.0,0.0,0.0,0.0,0.0,0.0
7041,0.0,0.0,0.0,0.002418379685610641,0.0,0.0
7042,0.0,0.0,0.0,0.0,0.0,0.0
7043,0.0,0.0,0.0,0.042713567839195984,0.0,0.0
7044,0.0,0.0,0.0,0.08872651356993738,0.0,0.0
7045,0.0,0.0,0.0,0.0,0.0,0.0
7046,0.0,0.0,0.0,0.002875629043853343,0.0,0.0
7047,0.0,0.0,0.0,0.07208588957055215,0.0,0.0
7048,0.0,0.0,0.0,0.0,0.0,0.0
7049,0.0,0.0,0.0,0.15527950310559005,0.0,0.0
7050,0.0,0.0,0.0,0.07524752475247523,0.0,0.0
7051,0.0,0.0,0.0,0.0,0.0,0.0
7052,0.0,0.0,0.0,0.06976744186046513,0.0,0.0
7053,0.0,0.0,0.0,0.0,0.0,0.0
7054,0.0,0.0,0.0,0.0,0.0,0.0
7055,0.0,0.0,0.0,0.0,0.0,0.0
7056,0.0,0.0,0.0,0.0,0.0,0.0
7057,0.0,0.0,0.0,0.0,0.0,0.0
7058,0.0,0.0,0.0,0.0,0.0,0.0
7059,0.0,0.0,0.0,0.054696132596685085,0.0,0.0
7060,0.0,0.0,0.0,0.5136986301369864,0.0,0.0
7061,0.0,0.0,0.0,0.0,0.0,0.0
7062,0.0,0.0,0.0,0.06370967741935482,0.0,0.0
7063,0.0,0.0,0.0,0.0,0.0,0.0
7064,0.0,0.0,0.0,0.0,0.0,0.0
7065,0.0,0.0,0.0,0.0,0.0,0.0
7066,0.0,0.0,0.0,0.0,0.0,0.0
7067,0.0,0.0,0.0,0.0,0.0,0.0
7068,0.0,0.0,0.0,0.0,0.0,0.0
7069,0.0,0.0,0.0,0.0,0.0,0.0
7070,0.0,0.0,0.0,0.0,0.0,0.0
7071,0.0,0.0,0.0,0.0,0.0,0.0
7072,0.0,0.0,0.0,0.0074487895716946,0.0,0.0
7073,0.0,0.0,0.0,0.0,0.0,0.0
7074,0.0,0.0,0.0,0.07583547557840617,0.0,0.0
7075,0.0,0.0,0.0,0.04479166666666667,0.0,0.0
7076,0.0,0.0,0.0,0.0,0.0,0.0
7077,0.0,0.0,0.0,0.09277238403451996,0.0,0.0
7078,0.0,0.0,0.0,0.0,0.0,0.0
7079,0.0,0.0,0.0,0.0,0.0,0.0
7080,0.0,0.0,0.0,0.019305019305019305,0.0,0.0
7081,0.0,0.0,0.0,0.13271028037383178,0.0,0.0
7082,0.0,0.0,0.0,0.2838709677419355,0.0,0.0
7083,0.0,0.0,0.0,0.011874469889737066,0.0,0.0
7084,0.0,0.0,0.0,0.0,0.0,0.0
7085,0.0,0.0,0.0,0.0,0.0,0.0
7086,0.0,0.0,0.0,0.0,0.0,0.0
7087,0.0,0.0,0.0,0.0,0.0,0.0
7088,0.0,0.0,0.0,0.016666666666666666,0.0,0.0
7089,0.0,0.0,0.0,0.0,0.0,0.0
7090,0.0,0.0,0.0,0.0,0.0,0.0
7091,0.0,0.0,0.0,0.02945301542776998,0.0,0.0
7092,0.0,0.0,0.0,0.043515358361774746,0.0,0.0
7093,0.0,0.0,0.0,0.03404255319148936,0.0,0.0
7094,0.0,0.0,0.0,0.0,0.0,0.0
7095,0.0,0.0,0.0,0.0008888888888888888,0.0,0.0
7096,0.0,0.0,0.0,0.0,0.0,0.0
7097,0.0,0.0,0.0,0.0,0.0,0.0
7098,0.0,0.0,0.0,0.0,0.0,0.0
7099,0.0,0.0,0.0,0.0,0.0,0.0
7100,0.0,0.0,0.0,0.008339124391938846,0.0,0.0
7101,0.0,0.0,0.0,1.0,0.0,0.0
7102,0.0,0.0,0.0,0.038345864661654135,0.0,0.0
7103,0.0,0.0,0.0,0.08441558441558443,0.0,0.0
7104,0.0,0.0,0.0,0.0,0.0,0.0
7105,0.0,0.0,0.0,0.0,0.0,0.0
7106,0.0,0.0,0.0,0.0,0.0,0.0
7107,0.0,0.0,0.0,0.05027932960893855,0.0,0.0
7108,0.0,0.0,0.0,0.0,0.0,0.0
7109,0.0,0.0,0.0,0.0,0.0,0.0
7110,0.0,0.0,0.0,0.0,0.0,0.0
7111,0.0,0.0,0.0,0.0,0.0,0.0
7112,0.0,0.0,0.0,0.0,0.0,0.0
7113,0.0,0.0,0.0,0.01303538175046555,0.0,0.0
7114,0.0,0.0,0.0,0.02997002997002997,0.0,0.0
7115,0.0,0.0,0.0,0.25116279069767444,0.0,0.0
7116,0.0,0.0,0.0,0.0,0.0,0.0
7117,0.0,0.0,0.0,0.0,0.0,0.0
7118,0.0,0.0,0.0,0.0,0.0,0.0
7119,0.0,0.0,0.0,0.02095375722543353,0.0,0.0
7120,0.0,0.0,0.0,0.0,0.0,0.0
7121,0.0,0.0,0.0,0.0855397148676171,0.0,0.0
7122,0.0,0.0,0.0,0.0,0.0,0.0
7123,0.0,0.0,0.0,0.0,0.0,0.0
7124,0.0,0.0,0.0,0.0,0.0,0.0
7125,0.0,0.0,0.0,0.0,0.0,0.0
7126,0.12244897959183673,0.0,0.0,0.0,0.0,0.0
7127,0.0,0.0,0.0,0.14531384350816853,0.0,0.0
7128,0.0,0.0,0.0,0.0,0.0,0.0
7129,0.0,0.0,0.0,0.0,0.0,0.0
7130,0.0,0.0,0.0,0.02170283806343906,0.0,0.0
7131,0.0,0.0,0.0,0.0,0.0,0.0
7132,0.0,0.0,0.0,0.012572533849129592,0.0,0.0
7133,0.0,0.0,0.0,0.0,0.0,0.0
7134,0.0,0.0,0.0,0.024390243902439025,0.0,0.0
7135,0.05423728813559322,0.0,0.0,0.0,0.0,0.0
7136,0.0,0.0,0.0,0.041988950276243095,0.0,0.0
7137,0.0,0.0,0.0,0.13945380592678674,0.0,0.0
7138,0.0,0.0,0.0,0.00473186119873817,0.0,0.0
7139,0.0,0.0,0.0,0.0,0.0,0.0
7140,0.0,0.0,0.0,0.0,0.0,0.0
7141,0.0,0.0,0.0,0.0,0.0,0.0
7142,0.0,0.0,0.0,0.25274725274725274,0.0,0.0
7143,0.0,0.0,0.0,0.3157894736842105,0.0,0.0
7144,0.0,0.0,0.0,0.01232394366197183,0.0,0.0
7145,0.0,0.0,0.0,0.0,0.0,0.0
7146,0.0,0.0,0.0,0.0,0.0,0.0
7147,0.0,0.0,0.0,0.0,0.0,0.0
7148,0.0,0.0,0.0,0.00805860805860806,0.0,0.0
7149,0.0,0.0,0.0,0.042582417582417584,0.0,0.0
7150,0.0,0.0,0.0,0.0,0.0,0.0
7151,0.0,0.0,0.0,0.0,0.0,0.0
7152,0.0,0.0,0.0,0.0,0.0,0.0
7153,0.0,0.0,0.0,0.0,0.0,0.0
7154,0.0,0.0,0.0,0.003352891869237217,0.0,0.0
7155,0.0,0.0,0.0,0.0,0.0,0.0
7156,0.0,0.0,0.0,0.011363636363636364,0.0,0.0
7157,0.0,0.0,0.0,0.0,0.0,0.0
7158,0.0,0.0,0.0,0.0,0.0,0.0
7159,0.0,0.0,0.0,0.0,0.0,0.0
7160,0.0,0.0,0.0,0.0,0.0,0.0
7161,0.0,0.0,0.0,0.16666666666666666,0.0,0.0
7162,0.0,0.0,0.0,0.003228410008071025,0.0,0.0
7163,0.0,0.0,0.0,0.024752475247524757,0.0,0.0
7164,0.52,0.04,0.04,0.05333333333333334,0.0,0.0
7165,0.0,0.0,0.0,0.0,0.0,0.0
7166,0.0,0.0,0.0,0.0,0.0,0.0
7167,0.0,0.0,0.0,0.02384737678855326,0.0,0.0
7168,0.0,0.0,0.0,0.0,0.0,0.0
7169,0.0,0.0,0.0,0.05594405594405594,0.0,0.0
7170,0.0,0.0,0.0,0.0,0.0,0.0
7171,0.0,0.0,0.0,0.0,0.0,0.0
7172,0.0,0.0,0.0,0.008759124087591242,0.0,0.0
7173,0.0,0.0,0.0,0.07491289198606271,0.0,0.0
7174,0.07675194660734147,0.0,0.0,0.041156840934371525,0.0,0.0
7175,0.0,0.0,0.0,0.0,0.0,0.0
7176,0.0,0.0,0.0,0.0258751902587519,0.0,0.0
7177,0.0,0.0,0.0,0.030456852791878174,0.0,0.0
7178,0.0,0.0,0.0,0.0058441558441558435,0.0,0.0
7179,0.0,0.0,0.0,0.0,0.0,0.0
7180,0.0,0.0,0.0,0.0,0.0,0.0
7181,0.0,0.0,0.0,0.0,0.0,0.0
7182,0.0,0.0,0.0,0.0,0.0,0.0
7183,0.03534956794972506,0.0,0.0,0.09112333071484682,0.023566378633150042,0.023566378633150042
7184,0.0,0.0,0.0,0.0,0.0,0.0
7185,0.0,0.0,0.0,0.0,0.0,0.0
7186,0.0,0.0,0.0,0.0,0.0,0.0
7187,0.0,0.0,0.0,0.0,0.0,0.0
7188,0.0,0.0,0.0,0.0,0.0,0.0
7189,0.0240343347639485,0.0,0.0,0.0,0.0,0.0
7190,0.0,0.0,0.0,0.0,0.0,0.0
7191,0.0,0.0,0.0,0.0,0.0,0.0
7192,0.0,0.0,0.0,0.0,0.0,0.0
7193,0.0,0.0,0.0,0.0,0.0,0.0
7194,0.0,0.0,0.0,0.006694560669456066,0.0,0.0
7195,0.0,0.0,0.0,0.0,0.0,0.0
7196,0.0,0.0,0.0,0.0,0.0,0.0
7197,0.0,0.0,0.0,0.0,0.0,0.0
7198,0.0,0.0,0.0,0.006378454996456414,0.0,0.0
7199,0.0,0.0,0.0,0.0,0.0,0.0
7200,0.0,0.0,0.0,0.0,0.0,0.0
7201,0.038013964313421265,0.0,0.0,0.12102404965089215,0.0,0.0
7202,0.0,0.0,0.0,0.008771929824561403,0.0,0.0
7203,0.0,0.0,0.0,0.04296455424274973,0.0,0.0
7204,0.0,0.0,0.0,0.0,0.0,0.0
7205,0.0,0.0,0.0,0.0,0.0,0.0
7206,0.0,0.0,0.0,0.2002967359050445,0.0,0.0
7207,0.0,0.0,0.0,0.046040515653775316,0.0,0.0
7208,0.0,0.0,0.0,0.16901408450704225,0.0,0.0
7209,0.0569164265129683,0.0,0.0,0.01729106628242075,0.0,0.0
7210,0.0,0.0,0.0,0.0,0.0,0.0
7211,0.0,0.0,0.0,0.0,0.0,0.0
7212,0.0,0.0,0.0,0.005591798695246971,0.0,0.0
7213,0.0,0.0,0.0,0.037183544303797465,0.0,0.0
7214,0.0,0.0,0.0,0.0,0.0,0.0
7215,0.0,0.0,0.0,0.0,0.0,0.0
7216,0.0,0.0,0.0,0.0,0.0,0.0
7217,0.0,0.0,0.0,0.1835075493612079,0.0,0.0
7218,0.0,0.0,0.0,0.0,0.0,0.0
7219,0.0,0.0,0.0,0.0,0.0,0.0
7220,0.0,0.0,0.0,0.0,0.0,0.0
7221,0.0,0.0,0.0,0.0,0.0,0.0
7222,0.0,0.0,0.0,0.028571428571428567,0.0,0.0
7223,0.0,0.0,0.0,0.0,0.0,0.0
7224,0.0,0.0,0.0,0.0,0.0,0.0
7225,0.0,0.0,0.0,0.12054794520547946,0.0,0.0
7226,0.0,0.0,0.0,0.050724637681159424,0.0,0.0
7227,0.0,0.0,0.0,0.0,0.0,0.0
7228,0.0,0.0,0.0,0.06832298136645963,0.0,0.0
7229,0.0,0.0,0.0,0.0,0.0,0.0
7230,0.0,0.0,0.0,0.0,0.0,0.0
7231,0.0,0.0,0.0,0.023529411764705882,0.0,0.0
7232,0.0,0.0,0.0,0.0,0.0,0.0
7233,0.0,0.0,0.0,0.028064146620847653,0.0,0.0
7234,0.0,0.0,0.0,0.12195121951219512,0.0,0.0
7235,0.0,0.0,0.0,0.007246376811594203,0.0,0.0
7236,0.0,0.0,0.0,0.34930313588850176,0.0078397212543554,0.0
7237,0.0,0.0,0.0,0.0,0.0,0.0
7238,0.0,0.0,0.0,0.16666666666666666,0.0,0.0
7239,0.0,0.0,0.0,0.0,0.0,0.0
7240,0.0,0.0,0.0,0.2723823975720789,0.0,0.0
7241,0.0,0.0,0.0,0.03090727816550349,0.0,0.0
7242,0.0,0.0,0.0,0.0,0.0,0.0
7243,0.0,0.0,0.0,0.025408348457350276,0.0,0.0
7244,0.0,0.0,0.0,0.26579925650557623,0.0,0.0
7245,0.0,0.0,0.0,0.0,0.0,0.0
7246,0.0,0.0,0.0,0.05946601941747572,0.0,0.0
7247,0.0,0.0,0.0,0.04158415841584159,0.0,0.0
7248,0.0,0.0,0.0,0.11577181208053693,0.0,0.0
7249,0.0,0.0,0.0,0.0,0.0,0.0
7250,0.0,0.0,0.0,0.0,0.0,0.0
7251,0.0,0.0,0.0,0.0,0.0,0.0
7252,0.0,0.0,0.0,0.0,0.0,0.0
7253,0.0,0.0,0.0,0.0,0.0,0.0
7254,0.0,0.0,0.0,0.21621621621621626,0.0,0.0
7255,0.0,0.0,0.0,0.0,0.0,0.0
7256,0.0,0.0,0.0,0.0,0.0,0.0
7257,0.0,0.0,0.0,0.0,0.0,0.0
7258,0.0,0.0,0.0,0.0008361204013377926,0.0,0.0
7259,0.0,0.0,0.0,0.0,0.0,0.0
7260,0.0,0.0,0.0,0.0,0.0,0.0
7261,0.0,0.0,0.0,0.0,0.0,0.0
7262,0.0,0.0,0.0,0.0,0.0,0.0
7263,0.0,0.0,0.0,0.09528049866429207,0.0,0.0
7264,0.0,0.0,0.0,0.015315315315315315,0.0,0.0
7265,0.0,0.0,0.0,0.0,0.0,0.0
7266,0.0,0.0,0.0,0.0,0.0,0.0
7267,0.0,0.0,0.0,0.0,0.0,0.0
7268,0.0378619153674833,0.0,0.0,0.07349665924276169,0.0,0.0
7269,0.0,0.0,0.0,0.0,0.0,0.0
7270,0.0,0.0,0.0,0.0,0.0,0.0
7271,0.0,0.0,0.0,0.0,0.0,0.0
7272,0.0,0.0,0.0,0.0049658597144630655,0.0,0.0
7273,0.0,0.0,0.0,0.02008928571428572,0.0,0.0
7274,0.0,0.0,0.0,0.13793103448275862,0.0,0.0
7275,0.0,0.0,0.0,0.0,0.0,0.0
7276,0.0,0.0,0.0,0.0,0.0,0.0
7277,0.0,0.0,0.0,0.07945900253592561,0.0,0.0
7278,0.0,0.0,0.0,0.125,0.0,0.0
7279,0.0,0.0,0.0,0.01757469244288225,0.0,0.0
7280,0.0,0.0,0.0,0.022727272727272728,0.0,0.0
7281,0.0,0.0,0.0,0.05952380952380953,0.0,0.0
7282,0.0,0.0,0.0,0.018518518518518517,0.0,0.0
7283,0.0,0.0,0.0,0.041198501872659166,0.0,0.0
7284,0.0,0.0,0.0,0.0,0.0,0.0
7285,0.0,0.0,0.0,0.16266944734098018,0.0,0.0
7286,0.0,0.0,0.0,0.0,0.0,0.0
7287,0.0,0.0,0.0,0.029840388619014575,0.0,0.0
7288,0.0,0.0,0.0,0.0,0.0,0.0
7289,0.0,0.0,0.0,0.0019175455417066156,0.0,0.0
7290,0.0,0.0,0.0,0.018518518518518517,0.0,0.0
7291,0.0,0.0,0.0,0.016697588126159554,0.0,0.0
7292,0.0,0.0,0.0,0.0,0.0,0.0
7293,0.0,0.0,0.0,0.0,0.0,0.0
7294,0.0,0.0,0.0,0.0,0.0,0.0
7295,0.0,0.0,0.0,0.0,0.0,0.0
7296,0.0,0.0,0.0,0.024333719582850518,0.0,0.0
7297,0.0,0.0,0.0,0.0,0.0,0.0
7298,0.0,0.0,0.0,0.042972247090420766,0.0,0.0
7299,0.0,0.0,0.0,0.0,0.0,0.0
7300,0.0,0.0,0.0,0.06635071090047394,0.0,0.0
7301,0.0,0.0,0.0,0.0,0.0,0.0
7302,0.0,0.0,0.0,0.0,0.0,0.0
7303,0.0,0.0,0.0,0.0,0.0,0.0
7304,0.0,0.0,0.0,0.013832384052074858,0.0,0.0
7305,0.0,0.0,0.0,0.014729950900163666,0.0,0.0
7306,0.0,0.0,0.0,0.02591036414565826,0.0,0.0
7307,0.0,0.0,0.0,0.0325497287522604,0.0,0.0
7308,0.0,0.0,0.0,0.11832797427652733,0.0,0.0
7309,0.0,0.0,0.0,0.0,0.0,0.0
7310,0.0,0.0,0.0,0.0,0.0,0.0
7311,0.0,0.0,0.0,0.0,0.0,0.0
7312,0.0,0.0,0.0,0.4178403755868544,0.0,0.0
7313,0.0161090458488228,0.0,0.0,0.0037174721189591076,0.0,0.0
7314,0.0,0.0,0.0,0.11368015414258187,0.0,0.0
7315,0.0,0.0,0.0,0.0,0.0,0.0
7316,0.0,0.0,0.0,0.0,0.0,0.0
7317,0.0,0.0,0.0,0.0007112375533428165,0.0,0.0
7318,0.0,0.0,0.0,0.00663716814159292,0.0,0.0
7319,0.0,0.0,0.0,0.0,0.0,0.0
7320,0.0,0.0,0.0,0.17525773195876287,0.0,0.0
7321,0.0,0.0,0.0,0.0706984667802385,0.0,0.0
7322,0.0,0.0,0.0,0.0,0.0,0.0
7323,0.0,0.0,0.0,0.0,0.0,0.0
7324,0.0,0.0,0.0,0.0,0.0,0.0
7325,0.0,0.0,0.0,0.06666666666666668,0.0,0.0
7326,0.0,0.0,0.0,0.0,0.0,0.0
7327,0.0,0.0,0.0,0.0,0.0,0.0
7328,0.0,0.0,0.0,0.0008658008658008657,0.0,0.0
7329,0.0,0.0,0.0,0.0,0.0,0.0
7330,0.0,0.0,0.0,0.037821482602118005,0.0,0.0
7331,0.0,0.0,0.0,0.012315270935960592,0.0,0.0
7332,0.0,0.0,0.0,0.0,0.0,0.0
7333,0.0,0.0,0.0,0.0,0.0,0.0
7334,0.0,0.0,0.0,0.0,0.0,0.0
7335,0.0,0.0,0.0,0.0045691906005221935,0.0,0.0
7336,0.0,0.0,0.0,0.0,0.0,0.0
7337,0.0,0.0,0.0,0.010242085661080074,0.0,0.0
7338,0.0,0.0,0.0,0.017497812773403325,0.0,0.0
7339,0.0,0.0,0.0,0.0,0.0,0.0
7340,0.0,0.0,0.0,0.057729941291585124,0.0,0.0
7341,0.0,0.0,0.0,0.0,0.0,0.0
7342,0.0,0.0,0.0,0.0,0.0,0.0
7343,0.0,0.0,0.0,0.0,0.0,0.0
7344,0.0,0.0,0.0,0.0,0.0,0.0
7345,0.0,0.0,0.0,0.0,0.0,0.0
7346,0.0,0.0,0.0,0.14173228346456693,0.0,0.0
7347,0.0,0.0,0.0,0.0,0.0,0.0
7348,0.0,0.0,0.0,0.2344632768361582,0.0,0.0
7349,0.0,0.0,0.0,0.08333333333333333,0.0,0.0
7350,0.0,0.0,0.0,0.011860637509266123,0.0,0.0
7351,0.0,0.0,0.0,0.04,0.0,0.0
7352,0.0,0.0,0.0,0.0,0.0,0.0
7353,0.0,0.0,0.0,0.0,0.0,0.0
7354,0.0,0.0,0.0,0.0,0.0,0.0
7355,0.0,0.0,0.0,0.011469534050179213,0.0,0.0
7356,0.0,0.0,0.0,0.007469654528478058,0.0,0.0
7357,0.0,0.0,0.0,0.0,0.0,0.0
7358,0.0,0.0,0.0,0.10622710622710622,0.0,0.0
7359,0.0,0.0,0.0,0.0,0.0,0.0
7360,0.0,0.0,0.0,0.0,0.0,0.0
7361,0.0,0.0,0.0,0.003424657534246575,0.0,0.0
7362,0.0,0.0,0.0,0.0,0.0,0.0
7363,0.0,0.0,0.0,0.0,0.0,0.0
7364,0.0,0.0,0.0,0.026584867075664625,0.0,0.0
7365,0.0,0.0,0.0,0.09727272727272727,0.015454545454545457,0.015454545454545457
7366,0.0,0.0,0.0,0.16574585635359115,0.0,0.0
7367,0.0,0.0,0.0,0.0394990366088632,0.0,0.0
7368,0.0,0.0,0.0,0.15453074433656958,0.0,0.0
7369,0.0,0.0,0.0,0.0634648370497427,0.0,0.0
7370,0.0,0.0,0.0,0.0,0.0,0.0
7371,0.0,0.0,0.0,0.0,0.0,0.0
7372,0.0,0.0,0.0,0.004477611940298508,0.0,0.0
7373,0.0,0.0,0.0,0.0,0.0,0.0
7374,0.0,0.0,0.0,0.0013227513227513227,0.0,0.0
7375,0.0,0.0,0.0,0.0,0.0,0.0
7376,0.04132231404958678,0.0,0.0,0.061983471074380174,0.0,0.0
7377,0.0,0.0,0.0,0.0,0.0,0.0
7378,0.0,0.0,0.0,0.023405972558514933,0.0,0.0
7379,0.02395209580838324,0.0,0.0,0.1317365269461078,0.0,0.0
7380,0.0,0.0,0.0,0.0,0.0,0.0
7381,0.0,0.0,0.0,0.0,0.0,0.0
7382,0.0,0.0,0.0,0.16666666666666666,0.0,0.0
7383,0.0,0.0,0.0,0.0,0.0,0.0
7384,0.0,0.0,0.0,0.32558139534883723,0.0,0.0
7385,0.0,0.0,0.0,0.0,0.0,0.0
7386,0.0,0.0,0.0,0.0,0.0,0.0
7387,0.0,0.0,0.0,0.0,0.0,0.0
7388,0.0,0.0,0.0,0.2921511627906977,0.0,0.0
7389,0.0,0.0,0.0,0.0,0.0,0.0
7390,0.0,0.0,0.0,0.0,0.0,0.0
7391,0.0,0.0,0.0,0.0,0.0,0.0
7392,0.0,0.0,0.0,0.0,0.0,0.0
7393,0.0,0.0,0.0,0.0,0.0,0.0
7394,0.0,0.0,0.0,0.0132404181184669,0.0,0.0
7395,0.0,0.0,0.0,0.0,0.0,0.0
7396,0.0,0.0,0.0,0.010260457774269928,0.0,0.0
7397,0.0,0.0,0.0,0.002677376171352075,0.0,0.0
7398,0.0,0.0,0.0,0.0,0.0,0.0
7399,0.0,0.0,0.0,0.0,0.0,0.0
7400,0.0,0.0,0.0,0.0,0.0,0.0
7401,0.0,0.0,0.0,0.0,0.0,0.0
7402,0.0,0.0,0.0,0.0,0.0,0.0
7403,0.0,0.0,0.0,0.0,0.0,0.0
7404,0.0,0.0,0.0,0.0364963503649635,0.0,0.0
7405,0.0,0.0,0.0,0.01240208877284595,0.0,0.0
7406,0.0,0.0,0.0,0.0,0.0,0.0
7407,0.0,0.0,0.0,0.037267080745341616,0.0,0.0
7408,0.0,0.0,0.0,0.16200578592092574,0.0,0.0
7409,0.02031602708803612,0.0,0.0,0.0,0.0,0.0
7410,0.0,0.0,0.0,0.06473594548551959,0.0,0.0
7411,0.0,0.0,0.0,0.0,0.0,0.0
7412,0.0,0.0,0.0,0.0,0.0,0.0
7413,0.0,0.0,0.0,0.0,0.0,0.0
7414,0.0,0.0,0.0,0.0,0.0,0.0
7415,0.0,0.0,0.0,0.0,0.0,0.0
7416,0.0,0.0,0.0,0.05263157894736842,0.0,0.0
7417,0.0,0.0,0.0,0.0,0.0,0.0
7418,0.0,0.0,0.0,0.011757425742574256,0.0,0.0
7419,0.0,0.0,0.0,0.0,0.0,0.0
7420,0.0,0.0,0.0,0.0,0.0,0.0
7421,0.0,0.0,0.0,0.03473053892215569,0.0,0.0
7422,0.0,0.0,0.0,0.0,0.0,0.0
7423,0.0,0.0,0.0,0.0,0.0,0.0
7424,0.0,0.0,0.0,0.02124183006535948,0.0,0.0
7425,0.0,0.0,0.0,0.0,0.0,0.0
7426,0.0,0.0,0.0,0.0,0.0,0.0
7427,0.0,0.0,0.0,0.012057272042200452,0.0,0.0
7428,0.0,0.0,0.0,0.04736842105263158,0.0,0.0
7429,0.0,0.0,0.0,0.0,0.0,0.0
7430,0.0,0.0,0.0,0.0,0.0,0.0
7431,0.0,0.0,0.0,0.0,0.0,0.0
7432,0.0,0.0,0.0,0.0,0.0,0.0
7433,0.0,0.0,0.0,0.0,0.0,0.0
7434,0.0,0.0,0.0,0.0,0.0,0.0
7435,0.0,0.0,0.0,0.18575667655786351,0.009495548961424332,0.009495548961424332
7436,0.0,0.0,0.0,0.0,0.0,0.0
7437,0.0,0.0,0.0,0.0,0.0,0.0
7438,0.0,0.0,0.0,0.0,0.0,0.0
7439,0.0,0.0,0.0,0.0,0.0,0.0
7440,0.0,0.0,0.0,0.04542124542124542,0.0,0.0
7441,0.0,0.0,0.0,0.0,0.0,0.0
7442,0.0,0.0,0.0,0.0,0.0,0.0
7443,0.0,0.0,0.0,0.0,0.0,0.0
7444,0.0,0.0,0.0,0.053087757313109434,0.0,0.0
7445,0.0,0.0,0.0,0.0,0.0,0.0
7446,0.0,0.0,0.0,0.3617021276595745,0.0,0.0
7447,0.0,0.0,0.0,0.0,0.0,0.0
7448,0.0,0.0,0.0,0.0,0.0,0.0
7449,0.0,0.0,0.0,0.00936599423631124,0.0,0.0
7450,0.0,0.0,0.0,0.0,0.0,0.0
7451,0.0,0.0,0.0,0.07658157602663708,0.0,0.0
7452,0.0,0.0,0.0,0.06682769726247988,0.0,0.0
7453,0.0,0.0,0.0,0.09867172675521822,0.0,0.0
7454,0.0,0.0,0.0,0.0,0.0,0.0
7455,0.0,0.0,0.0,0.048,0.0,0.0
7456,0.0,0.0,0.0,0.010377358490566035,0.0,0.0
7457,0.0,0.0,0.0,0.021246458923512748,0.0,0.0
7458,0.0,0.0,0.0,0.0,0.0,0.0
7459,0.0,0.0,0.0,0.0,0.0,0.0
7460,0.0,0.0,0.0,0.0,0.0,0.0
7461,0.0,0.0,0.0,0.002544529262086514,0.0,0.0
7462,0.0,0.0,0.0,0.0,0.0,0.0
7463,0.0,0.0,0.0,0.0,0.0,0.0
7464,0.0,0.0,0.0,0.02806122448979592,0.0,0.0
7465,0.0,0.0,0.0,0.09633649932157397,0.0,0.0
7466,0.0,0.0,0.0,0.028409090909090905,0.0,0.0
7467,0.0,0.0,0.0,0.75,0.0,0.0
7468,0.0,0.0,0.0,0.17640807651434645,0.0,0.0
7469,0.042630937880633366,0.028623629719853837,0.028623629719853837,0.2917174177831912,0.0,0.0
7470,0.0,0.0,0.0,0.7142857142857143,0.0,0.0
7471,0.0,0.0,0.0,0.2241379310344828,0.0,0.0
7472,0.0,0.0,0.0,0.0,0.0,0.0
7473,0.0,0.0,0.0,0.0,0.0,0.0
7474,0.0,0.0,0.0,0.09382924767540153,0.0,0.0
7475,0.0,0.0,0.0,0.0,0.0,0.0
7476,0.0,0.0,0.0,0.0,0.0,0.0
7477,0.0,0.0,0.0,0.0,0.0,0.0
7478,0.0,0.0,0.0,0.0,0.0,0.0
7479,0.0,0.0,0.0,0.002,0.0,0.0
7480,0.0,0.0,0.0,0.0,0.0,0.0
7481,0.0,0.0,0.0,0.0,0.0,0.0
7482,0.0,0.0,0.0,0.0,0.0,0.0
7483,0.0,0.0,0.0,0.0,0.0,0.0
7484,0.0,0.0,0.0,0.05007704160246533,0.0,0.0
7485,0.0,0.0,0.0,0.0,0.0,0.0
7486,0.0,0.0,0.0,0.0,0.0,0.0
7487,0.008029197080291971,0.0,0.0,0.21897810218978106,0.0,0.0
7488,0.0,0.0,0.0,0.0,0.0,0.0
7489,0.0,0.0,0.0,0.010745466756212223,0.0,0.0
7490,0.0,0.0,0.0,0.0,0.0,0.0
7491,0.0,0.0,0.0,0.0,0.0,0.0
7492,0.0,0.0,0.0,0.0,0.0,0.0
7493,0.0,0.0,0.0,0.0,0.0,0.0
7494,0.0,0.0,0.0,0.0,0.0,0.0
7495,0.0,0.0,0.0,0.015228426395939087,0.0,0.0
7496,0.0,0.0,0.0,0.08503937007874016,0.0,0.0
7497,0.0,0.0,0.0,0.0,0.0,0.0
7498,0.0,0.0,0.0,0.0,0.0,0.0
7499,0.0,0.0,0.0,0.1594415870683321,0.0,0.0
7500,0.03260869565217391,0.0,0.0,0.01956521739130435,0.0,0.0
7501,0.0,0.0,0.0,0.0,0.0,0.0
7502,0.0,0.0,0.0,0.0,0.0,0.0
7503,0.0,0.0,0.0,0.014367816091954025,0.0,0.0
7504,0.0,0.0,0.0,0.012048192771084338,0.0,0.0
7505,0.0,0.0,0.0,0.02083333333333333,0.0,0.0
7506,0.0,0.0,0.0,0.011589403973509934,0.0,0.0
7507,0.0,0.0,0.0,0.2125560538116592,0.0,0.0
7508,0.0,0.0,0.0,0.0,0.0,0.0
7509,0.0,0.0,0.0,0.0,0.0,0.0
7510,0.0,0.0,0.0,0.0,0.0,0.0
7511,0.0,0.0,0.0,0.0,0.0,0.0
7512,0.0,0.0,0.0,0.06855791962174941,0.0,0.0
7513,0.0,0.0,0.0,0.0,0.0,0.0
7514,0.0,0.0,0.0,0.013600572655690766,0.0,0.0
7515,0.0,0.0,0.0,0.0,0.0,0.0
7516,0.0,0.0,0.0,0.0,0.0,0.0
7517,0.0,0.0,0.0,0.0,0.0,0.0
7518,0.0,0.0,0.0,0.046875,0.0,0.0
7519,0.0,0.0,0.0,0.3081931633206728,0.0,0.0
7520,0.0,0.0,0.0,0.0,0.0,0.0
7521,0.0,0.0,0.0,0.0,0.0,0.0
7522,0.0,0.0,0.0,0.0,0.0,0.0
7523,0.0,0.0,0.0,0.0,0.0,0.0
7524,0.0,0.0,0.0,0.18280542986425335,0.0,0.0
7525,0.0,0.0,0.0,0.02681231380337637,0.0,0.0
7526,0.0,0.0,0.0,0.0,0.0,0.0
7527,0.0,0.0,0.0,0.0,0.0,0.0
7528,0.0,0.0,0.0,0.0,0.0,0.0
7529,0.0,0.0,0.0,0.0,0.0,0.0
7530,0.0,0.0,0.0,0.0,0.0,0.0
7531,0.0,0.0,0.0,0.0,0.0,0.0
7532,0.0,0.0,0.0,0.0,0.0,0.0
7533,0.0,0.0,0.0,0.0,0.0,0.0
7534,0.0,0.0,0.0,0.07692307692307693,0.0,0.0
7535,0.0,0.0,0.0,0.14623069936421434,0.0,0.0
7536,0.0,0.0,0.0,0.0,0.0,0.0
7537,0.0,0.0,0.0,0.0,0.0,0.0
7538,0.0,0.0,0.0,0.0,0.0,0.0
7539,0.0,0.0,0.0,0.0,0.0,0.0
7540,0.0,0.0,0.0,0.04418262150220914,0.0,0.0
7541,0.0,0.0,0.0,0.0,0.0,0.0
7542,0.0,0.0,0.0,0.04580152671755725,0.0,0.0
7543,0.0,0.0,0.0,0.0,0.0,0.0
7544,0.0,0.0,0.0,0.2703448275862069,0.0,0.0
7545,0.0,0.0,0.0,0.08943089430894309,0.0,0.0
7546,0.0,0.0,0.0,0.1144859813084112,0.0,0.0
7547,0.0,0.0,0.0,0.0,0.0,0.0
7548,0.06932773109243698,0.0,0.0,0.14915966386554622,0.0,0.0
7549,0.0,0.0,0.0,0.05,0.0,0.0
7550,0.0,0.0,0.0,0.04166666666666666,0.0,0.0
7551,0.0,0.0,0.0,0.12550607287449392,0.0,0.0
7552,0.0,0.0,0.0,0.0,0.0,0.0
7553,0.0,0.0,0.0,0.08,0.0,0.0
7554,0.0,0.0,0.0,0.15384615384615385,0.0,0.0
7555,0.0,0.0,0.0,0.02872260015117158,0.0,0.0
7556,0.0,0.0,0.0,0.0,0.0,0.0
7557,0.0,0.0,0.0,0.0,0.0,0.0
7558,0.0,0.0,0.0,0.01969981238273921,0.0,0.0
7559,0.0,0.0,0.0,0.029891304347826088,0.0,0.0
7560,0.0,0.0,0.0,0.0,0.0,0.0
7561,0.0,0.0,0.0,0.0,0.0,0.0
7562,0.0,0.0,0.0,0.020270270270270268,0.0,0.0
7563,0.0,0.0,0.0,0.0,0.0,0.0
7564,0.0,0.0,0.0,0.15095676824946844,0.0,0.0
7565,0.0,0.0,0.0,0.014669926650366746,0.0,0.0
7566,0.0,0.0,0.0,0.06309148264984228,0.0,0.0
7567,0.12326283987915408,0.02054380664652568,0.02054380664652568,0.1691842900302115,0.0,0.0
7568,0.0,0.0,0.0,0.0,0.0,0.0
7569,0.0,0.0,0.0,0.24274661508704065,0.0,0.0
7570,0.0,0.0,0.0,0.00985663082437276,0.0,0.0
7571,0.0,0.0,0.0,0.0,0.0,0.0
7572,0.0,0.0,0.0,0.0,0.0,0.0
7573,0.0,0.0,0.0,0.02130681818181818,0.0,0.0
7574,0.01936799184505606,0.0,0.0,0.0,0.0,0.0
7575,0.0,0.0,0.0,0.0,0.0,0.0
7576,0.0,0.0,0.0,0.03801478352692714,0.0,0.0
7577,0.0,0.0,0.0,0.0,0.0,0.0
7578,0.0,0.0,0.0,0.0,0.0,0.0
7579,0.05615550755939525,0.0,0.0,0.11879049676025917,0.0,0.0
7580,0.0,0.0,0.0,0.0,0.0,0.0
7581,0.0,0.0,0.0,0.01282051282051282,0.0,0.0
7582,0.0,0.0,0.0,0.0,0.0,0.0
7583,0.0,0.0,0.0,0.0,0.0,0.0
7584,0.0,0.0,0.0,0.0,0.0,0.0
7585,0.0,0.0,0.0,1.0,0.0,0.0
7586,0.0,0.0,0.0,0.0035211267605633804,0.0,0.0
7587,0.0,0.0,0.0,0.0,0.0,0.0
7588,0.0,0.0,0.0,0.0,0.0,0.0
7589,0.0,0.0,0.0,0.0,0.0,0.0
7590,0.0,0.0,0.0,0.0,0.0,0.0
7591,0.0,0.0,0.0,0.03225806451612903,0.0,0.0
7592,0.0,0.0,0.0,0.022222222222222227,0.0,0.0
7593,0.0,0.0,0.0,0.06937799043062201,0.0,0.0
7594,0.0,0.0,0.0,0.002242152466367713,0.0,0.0
7595,0.0,0.0,0.0,0.0,0.0,0.0
7596,0.0,0.0,0.0,0.0,0.0,0.0
7597,0.0,0.0,0.0,0.01485535574667709,0.0,0.0
7598,0.0,0.0,0.0,0.0,0.0,0.0
7599,0.0,0.0,0.0,0.0,0.0,0.0
7600,0.0,0.0,0.0,0.0,0.0,0.0
7601,0.0,0.0,0.0,0.0,0.0,0.0
7602,0.0,0.0,0.0,0.03435114503816794,0.0,0.0
7603,0.0,0.0,0.0,0.0,0.0,0.0
7604,0.0,0.0,0.0,0.0,0.0,0.0
7605,0.0,0.0,0.0,0.062015503875968984,0.0,0.0
7606,0.0,0.0,0.0,0.015240328253223915,0.0,0.0
7607,0.0,0.0,0.0,0.0,0.0,0.0
7608,0.0,0.0,0.0,0.011111111111111113,0.0,0.0
7609,0.0,0.0,0.0,0.0,0.0,0.0
7610,0.0,0.0,0.0,0.0,0.0,0.0
7611,0.0,0.0,0.0,0.0,0.0,0.0
7612,0.0,0.0,0.0,0.12264150943396225,0.0,0.0
7613,0.0,0.0,0.0,0.036656891495601175,0.0,0.0
7614,0.0,0.0,0.0,0.03482587064676617,0.0,0.0
7615,0.0,0.0,0.0,0.015398550724637682,0.0,0.0
7616,0.0,0.0,0.0,0.0,0.0,0.0
7617,0.0,0.0,0.0,0.0,0.0,0.0
7618,0.0,0.0,0.0,0.029411764705882356,0.0,0.0
7619,0.0,0.0,0.0,0.0899067005937235,0.0,0.0
7620,0.0,0.0,0.0,0.01901469317199654,0.0,0.0
7621,0.0,0.0,0.0,0.1298449612403101,0.0,0.0
7622,0.0,0.0,0.0,0.0,0.0,0.0
7623,0.0,0.0,0.0,1.0,0.0,0.0
7624,0.0,0.0,0.0,0.036379769299023965,0.0,0.0
7625,0.0,0.0,0.0,0.0,0.0,0.0
7626,0.0,0.0,0.0,0.0,0.0,0.0
7627,0.0,0.0,0.0,0.1195862960568843,0.0,0.0
7628,0.0,0.0,0.0,0.03139013452914798,0.0,0.0
7629,0.0,0.0,0.0,0.1588785046728972,0.0,0.0
7630,0.0,0.0,0.0,0.092018779342723,0.0,0.0
7631,0.0,0.0,0.0,0.022381378692927483,0.0,0.0
7632,0.0,0.0,0.0,0.30637254901960786,0.0,0.0
7633,0.0,0.0,0.0,0.036885245901639344,0.0,0.0
7634,0.0,0.0,0.0,0.0,0.0,0.0
7635,0.0,0.0,0.0,0.300418410041841,0.0,0.0
7636,0.0,0.0,0.0,0.0,0.0,0.0
7637,0.0,0.0,0.0,0.09637404580152673,0.0,0.0
7638,0.0,0.0,0.0,0.003189792663476874,0.0,0.0
7639,0.0,0.0,0.0,0.002770083102493075,0.0,0.0
7640,0.0,0.0,0.0,0.4161849710982659,0.0,0.0
7641,0.01539942252165544,0.0,0.0,0.16265640038498555,0.0,0.0
7642,0.0,0.0,0.0,0.25120385232744785,0.0,0.0
7643,0.0,0.0,0.0,0.0,0.0,0.0
7644,0.0,0.0,0.0,0.05,0.0,0.0
7645,0.0,0.0,0.0,0.0,0.0,0.0
7646,0.0,0.0,0.0,0.08172635445362718,0.0,0.0
7647,0.0,0.0,0.0,0.0,0.0,0.0
7648,0.0,0.0,0.0,0.0,0.0,0.0
7649,0.0,0.0,0.0,0.028244274809160308,0.0,0.0
7650,0.0,0.0,0.0,0.099601593625498,0.0,0.0
7651,0.0,0.0,0.0,0.04671280276816609,0.0,0.0
7652,0.0,0.0,0.0,0.02985074626865672,0.0,0.0
7653,0.0,0.0,0.0,0.012303485987696514,0.0,0.0
7654,0.0,0.0,0.0,0.0,0.0,0.0
7655,0.0,0.0,0.0,0.0,0.0,0.0
7656,0.0,0.0,0.0,0.0,0.0,0.0
7657,0.0,0.0,0.0,0.0,0.0,0.0
7658,0.0,0.0,0.0,0.02475928473177441,0.0,0.0
7659,0.0,0.0,0.0,0.05401844532279315,0.0,0.0
7660,0.0,0.0,0.0,0.013422818791946308,0.0,0.0
7661,0.0,0.0,0.0,0.0,0.0,0.0
7662,0.0,0.0,0.0,0.021037868162692847,0.0,0.0
7663,0.0,0.0,0.0,0.0021052631578947372,0.0,0.0
7664,0.0,0.0,0.0,0.010101010101010102,0.0,0.0
7665,0.0,0.0,0.0,0.0,0.0,0.0
7666,0.0,0.0,0.0,0.3827956989247312,0.0,0.0
7667,0.0,0.0,0.0,0.0,0.0,0.0
7668,0.0,0.0,0.0,0.0,0.0,0.0
7669,0.0,0.0,0.0,0.0,0.0,0.0
7670,0.0,0.0,0.0,0.0,0.0,0.0
7671,0.0,0.0,0.0,0.0,0.0,0.0
7672,0.0,0.0,0.0,0.049689440993788817,0.0,0.0
7673,0.0,0.0,0.0,0.02374169040835708,0.0,0.0
7674,0.05154639175257732,0.0,0.0,0.1958762886597938,0.0,0.0
7675,0.0,0.0,0.0,0.05371900826446281,0.0,0.0
7676,0.0,0.0,0.0,0.0,0.0,0.0
7677,0.0,0.0,0.0,0.0,0.0,0.0
7678,0.0,0.0,0.0,0.0327313769751693,0.0,0.0
7679,0.0,0.0,0.0,0.019627085377821398,0.0,0.0
7680,0.0,0.0,0.0,0.19952867242733702,0.0,0.0
7681,0.0,0.0,0.0,0.0,0.0,0.0
7682,0.0,0.0,0.0,0.022960725075528703,0.0,0.0
7683,0.0,0.0,0.0,0.01781895937277263,0.0,0.0
7684,0.0,0.0,0.0,0.04134078212290503,0.0,0.0
7685,0.0,0.0,0.0,0.0,0.0,0.0
7686,0.0,0.0,0.0,0.0,0.0,0.0
7687,0.0,0.0,0.0,0.09056603773584904,0.0,0.0
7688,0.0,0.0,0.0,0.016109785202863963,0.0,0.0
7689,0.0,0.0,0.0,0.2678711704634721,0.0,0.0
7690,0.0,0.0,0.0,0.04444444444444445,0.0,0.0
7691,0.0,0.0,0.0,0.0,0.0,0.0
7692,0.0,0.0,0.0,0.014111006585136409,0.0,0.0
7693,0.0,0.0,0.0,0.0,0.0,0.0
7694,0.0,0.0,0.0,0.0,0.0,0.0
7695,0.0,0.0,0.0,0.0,0.0,0.0
7696,0.0,0.0,0.0,0.0,0.0,0.0
7697,0.0,0.0,0.0,0.3162393162393162,0.0,0.0
7698,0.0,0.0,0.0,0.0,0.0,0.0
7699,0.0,0.0,0.0,0.0,0.0,0.0
7700,0.0,0.0,0.0,0.0,0.0,0.0
7701,0.0,0.0,0.0,0.0,0.0,0.0
7702,0.0,0.0,0.0,0.0,0.0,0.0
7703,0.0,0.0,0.0,0.0,0.0,0.0
7704,0.0,0.0,0.0,0.0,0.0,0.0
7705,0.0,0.0,0.0,0.12857142857142856,0.0,0.0
7706,0.0,0.0,0.0,0.11067193675889328,0.0,0.0
7707,0.0,0.0,0.0,0.0,0.0,0.0
7708,0.0,0.0,0.0,0.0,0.0,0.0
7709,0.0,0.0,0.0,0.0,0.0,0.0
7710,0.0,0.0,0.0,0.0011086474501108647,0.0,0.0
7711,0.0,0.0,0.0,0.09484536082474226,0.0,0.0
7712,0.0,0.0,0.0,0.0,0.0,0.0
7713,0.0,0.0,0.0,0.0,0.0,0.0
7714,0.0,0.0,0.0,0.0,0.0,0.0
7715,0.0,0.0,0.0,0.014121800529567519,0.0,0.0
7716,0.0,0.0,0.0,0.34545454545454546,0.0,0.0
7717,0.0,0.0,0.0,0.0,0.0,0.0
7718,0.0,0.0,0.0,0.0,0.0,0.0
7719,0.0,0.0,0.0,0.012282497441146366,0.0,0.0
7720,0.0,0.0,0.0,0.060676779463243874,0.0,0.0
7721,0.0,0.0,0.0,0.005882352941176471,0.0,0.0
7722,0.0,0.0,0.0,0.05394190871369295,0.0,0.0
7723,0.0,0.0,0.0,0.0347985347985348,0.0,0.0
7724,0.0,0.0,0.0,0.0,0.0,0.0
7725,0.0,0.0,0.0,0.0,0.0,0.0
7726,0.0,0.0,0.0,0.0,0.0,0.0
7727,0.0,0.0,0.0,0.0,0.0,0.0
7728,0.0,0.0,0.0,0.0935672514619883,0.0,0.0
7729,0.0,0.0,0.0,0.0,0.0,0.0
7730,0.0,0.0,0.0,0.0,0.0,0.0
7731,0.0,0.0,0.0,0.04166666666666666,0.0,0.0
7732,0.0,0.0,0.0,0.11342592592592593,0.0,0.0
7733,0.0,0.0,0.0,0.0,0.0,0.0
7734,0.0,0.0,0.0,0.0019379844961240308,0.0,0.0
7735,0.0,0.0,0.0,0.0,0.0,0.0
7736,0.0,0.0,0.0,0.0,0.0,0.0
7737,0.0,0.0,0.0,0.12956810631229235,0.0,0.0
7738,0.017070979335130278,0.0,0.0,0.29020664869721474,0.0,0.0
7739,0.0,0.0,0.0,0.0,0.0,0.0
7740,0.0,0.0,0.0,0.0,0.0,0.0
7741,0.0,0.0,0.0,0.0,0.0,0.0
7742,0.0,0.0,0.0,0.016320474777448073,0.0,0.0
7743,0.0,0.0,0.0,0.0,0.0,0.0
7744,0.0,0.0,0.0,0.0,0.0,0.0
7745,0.0,0.0,0.0,0.034420289855072464,0.0,0.0
7746,0.0,0.0,0.0,0.0,0.0,0.0
7747,0.0,0.0,0.0,0.0,0.0,0.0
7748,0.0,0.0,0.0,0.3468067906224737,0.0,0.0
7749,0.0,0.0,0.0,0.0,0.0,0.0
7750,0.0,0.0,0.0,0.0,0.0,0.0
7751,0.0,0.0,0.0,0.008298755186721992,0.0,0.0
7752,0.0,0.0,0.0,0.0,0.0,0.0
7753,0.0,0.0,0.0,0.0,0.0,0.0
7754,0.0,0.0,0.0,0.030257186081694407,0.0,0.0
7755,0.0,0.0,0.0,0.047619047619047616,0.0,0.0
7756,0.0,0.0,0.0,0.07438715131022823,0.0,0.0
7757,0.0,0.0,0.0,0.1393523061825319,0.0,0.0
7758,0.0,0.0,0.0,0.0,0.0,0.0
7759,0.0,0.0,0.0,0.0,0.0,0.0
7760,0.0,0.0,0.0,0.0453125,0.0,0.0
7761,0.0,0.0,0.0,0.0,0.0,0.0
7762,0.045769764216366166,0.0,0.0,0.2482662968099861,0.016643550624133148,0.0
7763,0.0,0.0,0.0,0.0,0.0,0.0
7764,0.0,0.0,0.0,0.0,0.0,0.0
7765,0.0,0.0,0.0,0.0,0.0,0.0
7766,0.0,0.0,0.0,0.0,0.0,0.0
7767,0.0,0.0,0.0,0.034013605442176874,0.0,0.0
7768,0.01759014951627089,0.0,0.0,0.2823218997361477,0.0,0.0
7769,0.0,0.0,0.0,0.013224821973550356,0.0,0.0
7770,0.0,0.0,0.0,0.0,0.0,0.0
7771,0.0,0.0,0.0,0.0,0.0,0.0
7772,0.0,0.0,0.0,0.008488964346349746,0.0,0.0
7773,0.0,0.0,0.0,0.0,0.0,0.0
7774,0.0,0.0,0.0,0.2395833333333333,0.0,0.0
7775,0.0,0.0,0.0,0.01984877126654064,0.0,0.0
7776,0.0,0.0,0.0,0.0,0.0,0.0
7777,0.0,0.0,0.0,0.19388516032811332,0.0,0.0
7778,0.0,0.0,0.0,0.0,0.0,0.0
7779,0.0,0.0,0.0,0.1507936507936508,0.0,0.0
7780,0.0,0.0,0.0,0.0,0.0,0.0
7781,0.0,0.0,0.0,0.0,0.0,0.0
7782,0.0,0.0,0.0,0.04225352112676056,0.0,0.0
7783,0.0,0.0,0.0,0.0,0.0,0.0
7784,0.0,0.0,0.0,0.034229828850855744,0.0,0.0
7785,0.0,0.0,0.0,0.0,0.0,0.0
7786,0.0,0.0,0.0,0.0,0.0,0.0
7787,0.0,0.0,0.0,0.0,0.0,0.0
7788,0.0,0.0,0.0,0.023295944779982744,0.0,0.0
7789,0.0,0.0,0.0,0.15384615384615385,0.0,0.0
7790,0.0,0.0,0.0,0.19607843137254904,0.0,0.0
7791,0.0,0.0,0.0,0.0398406374501992,0.0,0.0
7792,0.0,0.0,0.0,0.0,0.0,0.0
7793,0.0,0.0,0.0,0.0,0.0,0.0
7794,0.0,0.0,0.0,0.5,0.0,0.0
7795,0.0,0.0,0.0,0.0,0.0,0.0
7796,0.0,0.0,0.0,0.0,0.0,0.0
7797,0.0,0.0,0.0,0.1900826446280992,0.0,0.0
7798,0.0,0.0,0.0,0.0,0.0,0.0
7799,0.0,0.0,0.0,0.0,0.0,0.0
7800,0.0,0.0,0.0,0.11086474501108648,0.0,0.0
7801,0.0,0.0,0.0,0.13109756097560976,0.0,0.0
7802,0.0,0.0,0.0,0.11180773249738768,0.0,0.0
7803,0.0,0.0,0.0,0.013986013986013986,0.0,0.0
7804,0.0,0.0,0.0,0.0,0.0,0.0
7805,0.0,0.0,0.0,0.012987012987012988,0.0,0.0
7806,0.0,0.0,0.0,0.0,0.0,0.0
7807,0.0,0.0,0.0,0.0,0.0,0.0
7808,0.0,0.0,0.0,0.1096433289299868,0.0,0.0
7809,0.0,0.0,0.0,0.2180214240705734,0.0,0.0
7810,0.0,0.0,0.0,0.001638001638001638,0.0,0.0
7811,0.0,0.0,0.0,0.0,0.0,0.0
7812,0.0,0.0,0.0,0.0,0.0,0.0
7813,0.0,0.0,0.0,0.0,0.0,0.0
7814,0.0,0.0,0.0,0.03372681281618887,0.0,0.0
7815,0.0,0.0,0.0,0.0,0.0,0.0
7816,0.0,0.0,0.0,0.0,0.0,0.0
7817,0.0,0.0,0.0,0.0,0.0,0.0
7818,0.0,0.0,0.0,0.0,0.0,0.0
7819,0.0,0.0,0.0,0.022569444444444444,0.0,0.0
7820,0.0,0.0,0.0,0.2477249747219413,0.0,0.0
7821,0.0,0.0,0.0,0.007246376811594203,0.0,0.0
7822,0.0,0.0,0.0,0.0,0.0,0.0
7823,0.0,0.0,0.0,0.0,0.0,0.0
7824,0.0,0.0,0.0,0.3333333333333333,0.0,0.0
7825,0.0,0.0,0.0,0.0,0.0,0.0
7826,0.0,0.0,0.0,0.0,0.0,0.0
7827,0.0,0.0,0.0,0.12418300653594773,0.0,0.0
7828,0.0,0.0,0.0,0.10625,0.0,0.0
7829,0.0,0.0,0.0,0.0,0.0,0.0
7830,0.0,0.0,0.0,0.0,0.0,0.0
7831,0.0,0.0,0.0,0.0,0.0,0.0
7832,0.0,0.0,0.0,0.043220840734162234,0.009473060982830076,0.009473060982830076
7833,0.0,0.0,0.0,0.0,0.0,0.0
7834,0.0,0.0,0.0,0.0,0.0,0.0
7835,0.0,0.0,0.0,0.0,0.0,0.0
7836,0.0,0.0,0.0,0.0,0.0,0.0
7837,0.0,0.0,0.0,0.242914979757085,0.0,0.0
7838,0.0,0.0,0.0,0.013397129186602873,0.0,0.0
7839,0.0,0.0,0.0,0.0,0.0,0.0
7840,0.0,0.0,0.0,0.0,0.0,0.0
7841,0.0,0.0,0.0,0.1,0.0,0.0
7842,0.0,0.0,0.0,0.03861788617886179,0.0,0.0
7843,0.0,0.0,0.0,0.0,0.0,0.0
7844,0.0,0.0,0.0,0.0,0.0,0.0
7845,0.0,0.0,0.0,0.04451038575667656,0.0,0.0
7846,0.0,0.0,0.0,0.006559766763848397,0.0,0.0
7847,0.0,0.0,0.0,0.4473684210526316,0.0,0.0
7848,0.0,0.0,0.0,0.0,0.0,0.0
7849,0.0,0.0,0.0,0.0,0.0,0.0
7850,0.0,0.0,0.0,0.0,0.0,0.0
7851,0.0,0.0,0.0,0.2183406113537118,0.0,0.0
7852,0.0,0.0,0.0,0.0,0.0,0.0
7853,0.0,0.0,0.0,0.0,0.0,0.0
7854,0.0,0.0,0.0,0.035063113604488085,0.0,0.0
7855,0.0,0.0,0.0,0.0,0.0,0.0
7856,0.0,0.0,0.0,0.0,0.0,0.0
7857,0.0,0.0,0.0,0.0,0.0,0.0
7858,0.0,0.0,0.0,0.02153558052434457,0.0,0.0
7859,0.0,0.0,0.0,0.04796163069544365,0.0,0.0
7860,0.0,0.0,0.0,0.0,0.0,0.0
7861,0.0,0.0,0.0,0.0,0.0,0.0
7862,0.0,0.0,0.0,0.0,0.0,0.0
7863,0.0,0.0,0.0,0.04512635379061372,0.0,0.0
7864,0.0,0.0,0.0,0.0,0.0,0.0
7865,0.0,0.0,0.0,0.0,0.0,0.0
7866,0.0,0.0,0.0,0.0,0.0,0.0
7867,0.1264367816091954,0.0,0.0,0.045977011494252866,0.045977011494252866,0.045977011494252866
7868,0.0,0.0,0.0,0.0,0.0,0.0
7869,0.0,0.0,0.0,0.07058823529411765,0.0,0.0
7870,0.0,0.0,0.0,0.03642384105960265,0.0,0.0
7871,0.0,0.0,0.0,0.0,0.0,0.0
7872,0.0,0.0,0.0,0.024582104228121928,0.0,0.0
7873,0.0,0.0,0.0,0.010434782608695651,0.0,0.0
7874,0.0,0.0,0.0,0.0,0.0,0.0
7875,0.0,0.0,0.0,0.0,0.0,0.0
7876,0.0,0.0,0.0,0.0,0.0,0.0
7877,0.0,0.0,0.0,0.01912777352716144,0.0,0.0
7878,0.0,0.0,0.0,0.005830903790087464,0.0,0.0
7879,0.0,0.0,0.0,0.0,0.0,0.0
7880,0.0,0.0,0.0,0.0,0.0,0.0
7881,0.02600780234070221,0.0,0.0,0.3381014304291287,0.0,0.0
7882,0.0,0.0,0.0,0.4163179916317992,0.0055788005578800565,0.0
7883,0.0,0.0,0.0,0.0,0.0,0.0
7884,0.0,0.0,0.0,0.0,0.0,0.0
7885,0.0,0.0,0.0,0.042198233562316,0.0,0.0
7886,0.0,0.0,0.0,0.0,0.0,0.0
7887,0.0,0.0,0.0,0.0,0.0,0.0
7888,0.0,0.0,0.0,0.0,0.0,0.0
7889,0.0,0.0,0.0,0.0067365269461077855,0.0,0.0
7890,0.0,0.0,0.0,0.045904590459045914,0.0,0.0
7891,0.0,0.0,0.0,0.0,0.0,0.0
7892,0.0,0.0,0.0,0.035519125683060114,0.0,0.0
7893,0.0,0.0,0.0,0.02577873254564984,0.0,0.0
7894,0.0,0.0,0.0,0.0,0.0,0.0
7895,0.0,0.0,0.0,0.0,0.0,0.0
7896,0.0,0.0,0.0,0.0,0.0,0.0
7897,0.0,0.0,0.0,0.0,0.0,0.0
7898,0.0,0.0,0.0,0.07407407407407407,0.0,0.0
7899,0.0,0.0,0.0,0.40646976090014064,0.0,0.0
7900,0.0,0.0,0.0,0.010183299389002035,0.0,0.0
7901,0.0,0.0,0.0,0.007494646680942184,0.0,0.0
7902,0.0,0.0,0.0,0.014669926650366746,0.0,0.0
7903,0.0,0.0,0.0,0.03381147540983607,0.0,0.0
7904,0.0,0.0,0.0,0.0,0.0,0.0
7905,0.0,0.0,0.0,0.0,0.0,0.0
7906,0.0,0.0,0.0,0.03485576923076923,0.0,0.0
7907,0.0,0.0,0.0,0.0,0.0,0.0
7908,0.0,0.0,0.0,0.0,0.0,0.0
7909,0.0,0.0,0.0,0.0,0.0,0.0
7910,0.0,0.0,0.0,0.0,0.0,0.0
7911,0.0,0.0,0.0,0.0,0.0,0.0
7912,0.0,0.0,0.0,0.0,0.0,0.0
7913,0.0,0.0,0.0,0.0,0.0,0.0
7914,0.011611030478955007,0.0,0.0,0.03773584905660377,0.0,0.0
7915,0.0,0.0,0.0,0.008394543546694649,0.0,0.0
7916,0.0,0.0,0.0,0.0,0.0,0.0
7917,0.0,0.0,0.0,0.0,0.0,0.0
7918,0.0,0.0,0.0,0.03900470746469401,0.016812373907195696,0.016812373907195696
7919,0.0,0.0,0.0,0.0,0.0,0.0
7920,0.0,0.0,0.0,0.0,0.0,0.0
7921,0.0,0.0,0.0,0.0,0.0,0.0
7922,0.0,0.0,0.0,0.2982456140350877,0.0,0.0
7923,0.05377456049638056,0.0,0.0,0.0,0.0,0.0
7924,0.0,0.0,0.0,0.051575931232091685,0.0,0.0
7925,0.0,0.0,0.0,0.0,0.0,0.0
7926,0.0,0.0,0.0,0.0,0.0,0.0
7927,0.0,0.0,0.0,0.0,0.0,0.0
7928,0.0,0.0,0.0,0.0,0.0,0.0
7929,0.0,0.0,0.0,0.0,0.0,0.0
7930,0.0,0.0,0.0,0.03912466843501326,0.0,0.0
7931,0.0,0.0,0.0,0.03951367781155015,0.0,0.0
7932,0.0,0.0,0.0,0.02147651006711409,0.0,0.0
7933,0.0,0.0,0.0,0.0,0.0,0.0
7934,0.0,0.0,0.0,0.0,0.0,0.0
7935,0.0,0.0,0.0,0.0,0.0,0.0
7936,0.0,0.0,0.0,0.0,0.0,0.0
7937,0.0,0.0,0.0,0.016666666666666666,0.0,0.0
7938,0.0,0.0,0.0,0.0,0.0,0.0
7939,0.0,0.0,0.0,0.0,0.0,0.0
7940,0.0,0.0,0.0,0.0,0.0,0.0
7941,0.0,0.0,0.0,0.0,0.0,0.0
7942,0.0,0.0,0.0,0.0,0.0,0.0
7943,0.0,0.0,0.0,0.0,0.0,0.0
7944,0.0,0.0,0.0,0.01350438892640108,0.0,0.0
7945,0.0,0.0,0.0,0.0,0.0,0.0
7946,0.0,0.0,0.0,0.0017793594306049821,0.0,0.0
7947,0.0,0.0,0.0,0.0,0.0,0.0
7948,0.0,0.0,0.0,0.42105263157894735,0.0,0.0
7949,0.0,0.0,0.0,0.0007012622720897617,0.0,0.0
7950,0.0,0.0,0.0,0.0,0.0,0.0
7951,0.0,0.0,0.0,0.0,0.0,0.0
7952,0.0,0.0,0.0,0.0,0.0,0.0
7953,0.0,0.0,0.0,0.0,0.0,0.0
7954,0.0,0.0,0.0,0.0,0.0,0.0
7955,0.0,0.0,0.0,0.0,0.0,0.0
7956,0.0,0.0,0.0,0.0,0.0,0.0
7957,0.0,0.0,0.0,0.0,0.0,0.0
7958,0.0,0.0,0.0,0.018288700195950358,0.0,0.0
7959,0.0,0.0,0.0,0.02531645569620253,0.0,0.0
7960,0.0,0.0,0.0,0.0,0.0,0.0
7961,0.0,0.0,0.0,0.0,0.0,0.0
7962,0.0,0.0,0.0,0.0,0.0,0.0
7963,0.0,0.0,0.0,0.14329643296432965,0.0,0.0
7964,0.0,0.0,0.0,0.05882352941176471,0.0,0.0
7965,0.0,0.0,0.0,0.0,0.0,0.0
7966,0.0,0.0,0.0,0.018471337579617837,0.0,0.0
7967,0.0,0.0,0.0,0.0,0.0,0.0
7968,0.0,0.0,0.0,0.0,0.0,0.0
7969,0.0,0.0,0.0,0.0,0.0,0.0
7970,0.0,0.0,0.0,0.0,0.0,0.0
7971,0.0,0.0,0.0,0.008344923504867872,0.0,0.0
7972,0.0,0.0,0.0,0.0,0.0,0.0
7973,0.0,0.0,0.0,0.0,0.0,0.0
7974,0.0,0.0,0.0,0.03984819734345351,0.0,0.0
7975,0.0,0.0,0.0,0.0,0.0,0.0
7976,0.0,0.0,0.0,0.0,0.0,0.0
7977,0.0,0.0,0.0,0.0,0.0,0.0
7978,0.0,0.0,0.0,0.0,0.0,0.0
7979,0.0,0.0,0.0,0.006039689387402934,0.0,0.0
7980,0.0,0.0,0.0,0.0,0.0,0.0
7981,0.0,0.0,0.0,0.2307692307692308,0.0,0.0
7982,0.0,0.0,0.0,0.0,0.0,0.0
7983,0.0,0.0,0.0,0.04739336492890995,0.0,0.0
7984,0.0,0.0,0.0,0.003734827264239029,0.0,0.0
7985,0.0,0.0,0.0,0.0,0.0,0.0
7986,0.0,0.0,0.0,0.0,0.0,0.0
7987,0.0,0.0,0.0,0.0,0.0,0.0
7988,0.0,0.0,0.0,0.0,0.0,0.0
7989,0.0,0.0,0.0,0.20029239766081872,0.0,0.0
7990,0.0,0.0,0.0,0.0,0.0,0.0
7991,0.0,0.0,0.0,0.0,0.0,0.0
7992,0.0,0.0,0.0,0.10256410256410256,0.0,0.0
7993,0.0,0.0,0.0,0.010788381742738587,0.0,0.0
7994,0.0,0.0,0.0,0.0,0.0,0.0
7995,0.0,0.0,0.0,0.07922912205567452,0.0,0.0
7996,0.0,0.0,0.0,0.02797202797202797,0.0,0.0
7997,0.0,0.0,0.0,0.01949685534591195,0.0,0.0
7998,0.0,0.0,0.0,0.0,0.0,0.0
7999,0.0,0.0,0.0,0.0,0.0,0.0
8000,0.0,0.0,0.0,0.0,0.0,0.0
8001,0.0,0.0,0.0,0.0,0.0,0.0
8002,0.0,0.0,0.0,0.0,0.0,0.0
8003,0.0,0.0,0.0,0.0718562874251497,0.0,0.0
8004,0.0,0.0,0.0,0.0,0.0,0.0
8005,0.0,0.0,0.0,0.0,0.0,0.0
8006,0.0,0.0,0.0,0.0,0.0,0.0
8007,0.0,0.0,0.0,0.0,0.0,0.0
8008,0.0,0.0,0.0,0.4142857142857143,0.0,0.0
8009,0.0,0.0,0.0,0.023674242424242424,0.0,0.0
8010,0.0,0.0,0.0,0.3269565217391304,0.0,0.0
8011,0.0,0.0,0.0,0.0,0.0,0.0
8012,0.0,0.0,0.0,0.0,0.0,0.0
8013,0.0,0.0,0.0,0.0,0.0,0.0
8014,0.0,0.0,0.0,0.0049504950495049506,0.0,0.0
8015,0.0,0.0,0.0,0.15942028985507245,0.0,0.0
8016,0.0,0.0,0.0,0.0,0.0,0.0
8017,0.0,0.0,0.0,0.1200750469043152,0.0,0.0
8018,0.0,0.0,0.0,0.0,0.0,0.0
8019,0.0,0.0,0.0,0.05119453924914676,0.0,0.0
8020,0.0,0.0,0.0,0.0,0.0,0.0
8021,0.0,0.0,0.0,0.06547619047619048,0.0,0.0
8022,0.0,0.0,0.0,0.2920353982300885,0.0,0.0
8023,0.0,0.0,0.0,0.0,0.0,0.0
8024,0.0,0.0,0.0,0.045045045045045036,0.0,0.0
8025,0.0,0.0,0.0,0.0,0.0,0.0
8026,0.0,0.0,0.0,0.0,0.0,0.0
8027,0.0,0.0,0.0,0.0,0.0,0.0
8028,0.0,0.0,0.0,0.08333333333333333,0.0,0.0
8029,0.0,0.0,0.0,0.0,0.0,0.0
8030,0.0,0.0,0.0,0.0,0.0,0.0
8031,0.0,0.0,0.0,0.07407407407407407,0.0,0.0
8032,0.0,0.0,0.0,0.0,0.0,0.0
8033,0.0,0.0,0.0,0.025,0.0,0.0
8034,0.0,0.0,0.0,0.0,0.0,0.0
8035,0.0,0.0,0.0,0.1743362831858407,0.0,0.0
8036,0.0,0.0,0.0,0.09523809523809523,0.0,0.0
8037,0.020440251572327043,0.0,0.0,0.0,0.0,0.0
8038,0.0,0.0,0.0,0.2848101265822785,0.0,0.0
8039,0.0,0.0,0.0,0.11685012701100762,0.0,0.0
8040,0.0,0.0,0.0,0.0,0.0,0.0
8041,0.0,0.0,0.0,0.14623000761614624,0.0,0.0
8042,0.0,0.0,0.0,0.0,0.0,0.0
8043,0.0,0.0,0.0,0.0440251572327044,0.0,0.0
8044,0.0,0.0,0.0,0.0,0.0,0.0
8045,0.0,0.0,0.0,0.0,0.0,0.0
8046,0.0,0.0,0.0,0.0,0.0,0.0
8047,0.0,0.0,0.0,0.0,0.0,0.0
8048,0.0,0.0,0.0,0.0036764705882352936,0.0,0.0
8049,0.0,0.0,0.0,0.0,0.0,0.0
8050,0.0,0.0,0.0,0.0,0.0,0.0
8051,0.0,0.0,0.0,0.0202991452991453,0.0,0.0
8052,0.0,0.0,0.0,0.0,0.0,0.0
8053,0.0,0.0,0.0,0.31166666666666665,0.0,0.0
8054,0.018018018018018014,0.0,0.0,0.01726726726726727,0.0,0.0
8055,0.0,0.0,0.0,0.0,0.0,0.0
8056,0.0,0.0,0.0,0.0,0.0,0.0
8057,0.0,0.0,0.0,0.0,0.0,0.0
8058,0.0,0.0,0.0,0.0,0.0,0.0
8059,0.0,0.0,0.0,0.025839793281653745,0.0,0.0
8060,0.0,0.0,0.0,0.0,0.0,0.0
8061,0.0,0.0,0.0,0.07650273224043716,0.0,0.0
8062,0.0,0.0,0.0,0.0,0.0,0.0
8063,0.0,0.0,0.0,0.0,0.0,0.0
8064,0.0,0.0,0.0,0.05429497568881685,0.0,0.0
8065,0.0,0.0,0.0,0.0,0.0,0.0
8066,0.0,0.0,0.0,0.002328288707799767,0.0,0.0
8067,0.0,0.0,0.0,0.0011160714285714283,0.0,0.0
8068,0.0,0.015235457063711913,0.0,0.030470914127423827,0.0,0.0
8069,0.0,0.0,0.0,0.023622047244094488,0.0,0.0
8070,0.0,0.0,0.0,0.017341040462427744,0.0,0.0
8071,0.0,0.0,0.0,0.0,0.0,0.0
8072,0.0,0.0,0.0,0.09137055837563453,0.0,0.0
8073,0.0,0.0,0.0,0.0,0.0,0.0
8074,0.0,0.0,0.0,0.03597122302158273,0.0,0.0
8075,0.0,0.0,0.0,0.0,0.0,0.0
8076,0.0,0.0,0.0,0.0,0.0,0.0
8077,0.0,0.0,0.0,0.014774494556765163,0.0,0.0
8078,0.0,0.0,0.0,0.030679327976625276,0.0,0.0
8079,0.0,0.0,0.0,0.0,0.0,0.0
8080,0.0,0.0,0.0,0.035443037974683546,0.0,0.0
8081,0.0,0.0,0.0,0.3256606990622336,0.0,0.0
8082,0.0,0.0,0.0,0.0041279669762641896,0.0,0.0
8083,0.0,0.0,0.0,0.18145483613109512,0.0,0.0
8084,0.0,0.0,0.0,0.0,0.0,0.0
8085,0.0,0.0,0.0,0.0,0.0,0.0
8086,0.0,0.0,0.0,0.0,0.0,0.0
8087,0.0,0.0,0.0,0.4545454545454545,0.0,0.0
8088,0.0,0.0,0.0,0.0,0.0,0.0
8089,0.0,0.0,0.0,0.0,0.0,0.0
8090,0.0,0.0,0.0,0.0,0.0,0.0
8091,0.0,0.0,0.0,0.0,0.0,0.0
8092,0.0,0.0,0.0,0.0,0.0,0.0
8093,0.0,0.0,0.0,0.015596330275229359,0.0,0.0
8094,0.0,0.0,0.0,0.0,0.0,0.0
8095,0.0,0.0,0.0,0.33512544802867383,0.0,0.0
8096,0.0,0.0,0.0,0.5,0.0,0.0
8097,0.0,0.0,0.0,0.0,0.0,0.0
8098,0.0,0.0,0.0,0.0,0.0,0.0
8099,0.0,0.0,0.0,0.0,0.0,0.0
8100,0.0,0.0,0.0,0.0,0.0,0.0
8101,0.0,0.0,0.0,0.04113687359760658,0.0,0.0
8102,0.0,0.0,0.0,0.049689440993788817,0.0,0.0
8103,0.0,0.0,0.0,0.0,0.0,0.0
8104,0.0,0.0,0.0,0.0,0.0,0.0
8105,0.0,0.0,0.0,0.03361344537815126,0.0,0.0
8106,0.0,0.0,0.0,0.0,0.0,0.0
8107,0.0,0.0,0.0,0.0,0.0,0.0
8108,0.0,0.0,0.0,0.0,0.0,0.0
8109,0.0,0.0,0.0,0.2258064516129032,0.0,0.0
8110,0.0,0.0,0.0,0.0,0.0,0.0
8111,0.0,0.0,0.0,0.0,0.0,0.0
8112,0.0,0.0,0.0,0.0,0.0,0.0
8113,0.0,0.0,0.0,0.0,0.0,0.0
8114,0.0,0.0,0.0,0.012804097311139564,0.0,0.0
8115,0.0,0.0,0.0,0.0,0.0,0.0
8116,0.0,0.0,0.0,0.034412955465587036,0.0,0.0
8117,0.0,0.0,0.0,0.0,0.0,0.0
8118,0.0,0.0,0.0,0.0,0.0,0.0
8119,0.0,0.0,0.0,0.0,0.0,0.0
8120,0.0,0.0,0.0,0.03127506014434643,0.0,0.0
8121,0.0,0.0,0.0,0.0,0.0,0.0
8122,0.0,0.0,0.0,0.0,0.0,0.0
8123,0.0,0.0,0.0,0.012386457473162676,0.0,0.0
8124,0.0,0.0,0.0,0.0,0.0,0.0
8125,0.0,0.0,0.0,0.03585397653194263,0.0,0.0
8126,0.0,0.0,0.0,0.0,0.0,0.0
8127,0.0,0.0,0.0,0.1924798567591764,0.008952551477170993,0.0
8128,0.0,0.0,0.0,0.0,0.0,0.0
8129,0.0,0.0,0.0,0.0,0.0,0.0
8130,0.0,0.0,0.0,0.0,0.0,0.0
8131,0.0,0.0,0.0,0.0,0.0,0.0
8132,0.0,0.0,0.0,0.0,0.0,0.0
8133,0.0,0.0,0.0,0.0,0.0,0.0
8134,0.0,0.0,0.0,0.021722265321955002,0.0,0.0
8135,0.0,0.0,0.0,0.0,0.0,0.0
8136,0.0,0.0,0.0,0.0,0.0,0.0
8137,0.0,0.0,0.0,0.0,0.0,0.0
8138,0.01233721727210418,0.0,0.0,0.08430431802604524,0.0,0.0
8139,0.0,0.0,0.0,0.0,0.0,0.0
8140,0.0,0.0,0.0,0.0,0.0,0.0
8141,0.0,0.0,0.0,0.21436227224008572,0.0,0.0
8142,0.0,0.0,0.0,0.0,0.0,0.0
8143,0.0,0.0,0.0,0.022222222222222227,0.0,0.0
8144,0.0,0.0,0.0,0.0,0.0,0.0
8145,0.0,0.0,0.0,0.0,0.0,0.0
8146,0.0,0.0,0.0,0.0,0.0,0.0
8147,0.0,0.0,0.0,0.0851063829787234,0.0,0.0
8148,0.0,0.0,0.0,0.0,0.0,0.0
8149,0.0,0.0,0.0,0.014008620689655173,0.0,0.0
8150,0.0,0.0,0.0,0.0,0.0,0.0
8151,0.0,0.0,0.0,0.0,0.0,0.0
8152,0.0,0.0,0.0,0.015151515151515154,0.0,0.0
8153,0.0,0.0,0.0,0.03586321934945788,0.0,0.0
8154,0.0,0.0,0.0,0.0,0.0,0.0
8155,0.0,0.0,0.0,0.0,0.0,0.0
8156,0.0,0.0,0.0,0.19696969696969696,0.0,0.0
8157,0.0,0.0,0.0,0.2413793103448276,0.04137931034482759,0.04137931034482759
8158,0.0,0.0,0.0,0.13523573200992556,0.0,0.0
8159,0.0,0.0,0.0,0.019834710743801654,0.0,0.0
8160,0.0,0.0,0.0,0.059538274605103275,0.0,0.0
8161,0.0,0.0,0.0,0.0,0.0,0.0
8162,0.0,0.0,0.0,0.03320683111954459,0.0,0.0
8163,0.0,0.0,0.0,0.0,0.0,0.0
8164,0.0,0.0,0.0,0.0,0.0,0.0
8165,0.0,0.0,0.0,0.029504741833508964,0.0,0.0
8166,0.0,0.0,0.0,0.0,0.0,0.0
8167,0.0,0.0,0.0,0.009577015163607342,0.0,0.0
8168,0.0,0.0,0.0,0.0,0.0,0.0
8169,0.0,0.0,0.0,0.15384615384615385,0.0,0.0
8170,0.0,0.0,0.0,0.2086720867208672,0.0,0.0
8171,0.0,0.0,0.0,0.0,0.0,0.0
8172,0.0,0.0,0.0,0.0,0.0,0.0
8173,0.0,0.0,0.0,0.0,0.0,0.0
8174,0.0,0.0,0.0,0.0,0.0,0.0
8175,0.0,0.0,0.0,0.0,0.0,0.0
8176,0.0,0.0,0.0,0.0,0.0,0.0
8177,0.0,0.0,0.0,0.0,0.0,0.0
8178,0.0,0.0,0.0,0.0,0.0,0.0
8179,0.0,0.0,0.0,0.0,0.0,0.0
8180,0.0,0.0,0.0,0.0,0.0,0.0
8181,0.0,0.0,0.0,0.0,0.0,0.0
8182,0.0,0.0,0.0,0.0,0.0,0.0
8183,0.0,0.0,0.0,0.0,0.0,0.0
8184,0.0,0.0,0.0,0.01596958174904943,0.0,0.0
8185,0.0,0.0,0.0,0.0,0.0,0.0
8186,0.0,0.0,0.0,0.14367088607594936,0.0,0.0
8187,0.0,0.0,0.0,0.0,0.0,0.0
8188,0.0,0.0,0.0,0.038979447200566966,0.0,0.0
8189,0.0,0.0,0.0,0.0,0.0,0.0
8190,0.0,0.0,0.0,0.0,0.0,0.0
8191,0.0,0.0,0.0,0.0,0.0,0.0
8192,0.0,0.0,0.0,0.0,0.0,0.0
8193,0.0,0.0,0.0,0.0,0.0,0.0
8194,0.0,0.0,0.0,0.014901960784313726,0.0,0.0
8195,0.0,0.0,0.0,0.0,0.0,0.0
8196,0.0,0.0,0.0,0.0,0.0,0.0
8197,0.0,0.0,0.0,0.0,0.0,0.0
8198,0.0,0.0,0.0,0.0024057738572574178,0.0,0.0
8199,0.0,0.0,0.0,0.0,0.0,0.0
8200,0.0,0.0,0.0,0.0,0.0,0.0
8201,0.0,0.0,0.0,0.0,0.0,0.0
8202,0.0,0.0,0.0,0.0,0.0,0.0
8203,0.0,0.0,0.0,0.0,0.0,0.0
8204,0.0,0.0,0.0,0.0,0.0,0.0
8205,0.1111111111111111,0.0,0.0,0.3703703703703704,0.0,0.0
8206,0.0,0.0,0.0,0.0,0.0,0.0
8207,0.0,0.0,0.0,0.0,0.0,0.0
8208,0.0,0.0,0.0,0.0,0.0,0.0
8209,0.0,0.0,0.0,0.0,0.0,0.0
8210,0.0,0.0,0.0,0.0,0.0,0.0
8211,0.0,0.0,0.0,0.061433447098976114,0.0,0.0
8212,0.0,0.0,0.0,0.0,0.0,0.0
8213,0.0,0.0,0.0,0.0,0.0,0.0
8214,0.0,0.0,0.0,0.0,0.0,0.0
8215,0.0,0.0,0.0,0.0,0.0,0.0
8216,0.0,0.0,0.0,0.0,0.0,0.0
8217,0.0,0.0,0.0,0.004878048780487805,0.0,0.0
8218,0.0,0.0,0.0,0.038461538461538464,0.0,0.0
8219,0.0,0.0,0.0,0.0,0.0,0.0
8220,0.0,0.0,0.0,0.021986353297953,0.0,0.0
8221,0.0,0.0,0.0,0.3440860215053764,0.0,0.0
8222,0.0,0.0,0.0,0.0,0.0,0.0
8223,0.0,0.0,0.0,0.0,0.0,0.0
8224,0.0,0.0,0.0,0.0,0.0,0.0
8225,0.0,0.0,0.0,0.0,0.0,0.0
8226,0.0,0.0,0.0,0.032520325203252036,0.0,0.0
8227,0.0,0.0,0.0,0.0,0.0,0.0
8228,0.0,0.0,0.0,0.02462121212121212,0.0,0.0
8229,0.0,0.0,0.0,0.0,0.0,0.0
8230,0.0,0.0,0.0,0.028508771929824563,0.0,0.0
8231,0.0,0.0,0.0,0.1303030303030303,0.0,0.0
8232,0.0,0.0,0.0,0.022312373225152133,0.0,0.0
8233,0.0,0.0,0.0,0.0,0.0,0.0
8234,0.0,0.0,0.0,0.0,0.0,0.0
8235,0.0,0.0,0.0,0.0,0.0,0.0
8236,0.0,0.0,0.0,0.0,0.0,0.0
8237,0.0,0.0,0.0,0.05555555555555555,0.0,0.0
8238,0.0,0.0,0.0,0.0,0.0,0.0
8239,0.0,0.0,0.0,0.0,0.0,0.0
8240,0.0,0.0,0.0,0.0,0.0,0.0
8241,0.0,0.0,0.0,0.02739130434782609,0.0,0.0
8242,0.0,0.0,0.0,0.0,0.0,0.0
8243,0.0,0.0,0.0,0.0,0.0,0.0
8244,0.0,0.0,0.0,0.21104903786468032,0.0,0.0
8245,0.0,0.0,0.0,0.0,0.0,0.0
8246,0.0,0.0,0.0,0.0,0.0,0.0
8247,0.0,0.0,0.0,0.0118946474086661,0.0,0.0
8248,0.0,0.0,0.0,0.2474747474747475,0.0,0.0
8249,0.0,0.0,0.0,0.0,0.0,0.0
8250,0.0,0.0,0.0,0.0,0.0,0.0
8251,0.0,0.0,0.0,0.0,0.0,0.0
8252,0.0,0.0,0.0,0.17962003454231434,0.0,0.0
8253,0.0,0.0,0.0,0.021739130434782608,0.0,0.0
8254,0.0,0.0,0.0,0.06609195402298851,0.0,0.0
8255,0.0,0.0,0.0,0.014218009478672985,0.0,0.0
8256,0.0,0.0,0.0,0.047133757961783436,0.0,0.0
8257,0.019179894179894182,0.019179894179894182,0.0,0.011243386243386244,0.0,0.0
8258,0.0,0.0,0.0,0.0,0.0,0.0
8259,0.0,0.0,0.0,0.0,0.0,0.0
8260,0.0,0.0,0.0,0.0,0.0,0.0
8261,0.13194444444444445,0.0,0.0,0.19444444444444445,0.0,0.0
8262,0.0,0.0,0.0,0.01504424778761062,0.0,0.0
8263,0.0,0.0,0.0,0.02369077306733167,0.0,0.0
8264,0.0,0.0,0.0,0.0,0.0,0.0
8265,0.0,0.0,0.0,0.16269571136827773,0.0,0.0
8266,0.0,0.0,0.0,0.0,0.0,0.0
8267,0.0,0.0,0.0,0.021343873517786563,0.0,0.0
8268,0.0,0.0,0.0,0.2857142857142857,0.0,0.0
8269,0.0,0.0,0.0,0.0,0.0,0.0
8270,0.0,0.0,0.0,0.02282333051563821,0.0,0.0
8271,0.0,0.0,0.0,0.10338345864661654,0.0,0.0
8272,0.0,0.0,0.0,0.02180232558139535,0.0,0.0
8273,0.0,0.0,0.0,0.0,0.0,0.0
8274,0.0,0.0,0.0,0.102233676975945,0.0,0.0
8275,0.016337059329320718,0.015477214101461738,0.0,0.30954428202923473,0.03353396388650043,0.0
8276,0.0,0.0,0.0,0.0,0.0,0.0
8277,0.0,0.0,0.0,0.026119402985074626,0.0,0.0
8278,0.0,0.0,0.0,0.1588785046728972,0.0,0.0
8279,0.0,0.0,0.0,0.007537688442211055,0.0,0.0
8280,0.0,0.0,0.0,0.0,0.0,0.0
8281,0.0,0.0,0.0,0.0,0.0,0.0
8282,0.0,0.0,0.0,0.0,0.0,0.0
8283,0.0,0.0,0.0,0.06611570247933883,0.0,0.0
8284,0.0,0.0,0.0,0.035749751737835164,0.0,0.0
8285,0.0,0.0,0.0,0.03349031920460492,0.0,0.0
8286,0.0,0.0,0.0,0.0,0.0,0.0
8287,0.0,0.0,0.0,0.04602510460251046,0.0,0.0
8288,0.0,0.0,0.0,0.015991471215351813,0.0,0.0
8289,0.0,0.0,0.0,0.0,0.0,0.0
8290,0.0,0.0,0.0,0.0,0.0,0.0
8291,0.0,0.0,0.0,0.0,0.0,0.0
8292,0.0,0.0,0.0,0.0,0.0,0.0
8293,0.0,0.0,0.0,0.0,0.0,0.0
8294,0.0,0.0,0.0,0.05646630236794172,0.0,0.0
8295,0.0,0.0,0.0,0.625,0.0,0.0
8296,0.0,0.0,0.0,0.0,0.0,0.0
8297,0.0,0.0,0.0,0.0,0.0,0.0
8298,0.0,0.0,0.0,0.0,0.0,0.0
8299,0.0,0.0,0.0,0.2190332326283988,0.0,0.0
8300,0.0,0.0,0.0,0.0,0.0,0.0
8301,0.0,0.0,0.0,0.0,0.0,0.0
8302,0.0,0.0,0.0,0.0,0.0,0.0
8303,0.0,0.0,0.0,0.03448275862068965,0.0,0.0
8304,0.0,0.0,0.0,0.0,0.0,0.0
8305,0.0,0.0,0.0,0.0,0.0,0.0
8306,0.0,0.0,0.0,0.0,0.0,0.0
8307,0.5384615384615384,0.0,0.0,0.0,0.0,0.0
8308,0.0,0.0,0.0,0.0,0.0,0.0
8309,0.0,0.0,0.0,0.0,0.0,0.0
8310,0.0,0.0,0.0,0.10979847116052814,0.0,0.0
8311,0.0,0.0,0.0,0.0,0.0,0.0
8312,0.0,0.0,0.0,0.0,0.0,0.0
8313,0.0,0.0,0.0,0.0,0.0,0.0
8314,0.0,0.0,0.0,0.0,0.0,0.0
8315,0.0,0.0,0.0,0.0240343347639485,0.0,0.0
8316,0.0,0.0,0.0,0.0,0.0,0.0
8317,0.0,0.0,0.0,0.0,0.0,0.0
8318,0.0,0.0,0.0,0.07488986784140969,0.0,0.0
8319,0.0,0.0,0.0,0.0,0.0,0.0
8320,0.0,0.0,0.0,0.061728395061728385,0.0,0.0
8321,0.0,0.0,0.0,0.033816425120772944,0.0,0.0
8322,0.0,0.0,0.0,0.0925925925925926,0.0,0.0
8323,0.0,0.0,0.0,0.10197578075207138,0.0,0.0
8324,0.0,0.0,0.0,0.13541666666666666,0.0,0.0
8325,0.0,0.0,0.0,0.0,0.0,0.0
8326,0.0,0.0,0.0,0.008438818565400843,0.0,0.0
8327,0.08780487804878047,0.0,0.0,0.04878048780487805,0.0,0.0
8328,0.0,0.0,0.0,0.2,0.0,0.0
8329,0.0,0.0,0.0,0.0,0.0,0.0
8330,0.0,0.0,0.0,0.12259615384615385,0.0,0.0
8331,0.0,0.0,0.0,0.0,0.0,0.0
8332,0.0,0.0,0.0,0.0,0.0,0.0
8333,0.0,0.0,0.0,0.025186567164179104,0.0,0.0
8334,0.0,0.0,0.0,0.19210245464247602,0.013874066168623266,0.013874066168623266
8335,0.0,0.0,0.0,0.15195460277427492,0.0,0.0
8336,0.0,0.0,0.0,0.006557377049180328,0.0,0.0
8337,0.0,0.0,0.0,0.018433179723502304,0.0,0.0
8338,0.0,0.0,0.0,0.0852112676056338,0.0,0.0
8339,0.0,0.0,0.0,0.2327044025157233,0.0,0.0
8340,0.0,0.0,0.0,0.14738202973497092,0.0,0.0
8341,0.0,0.0,0.0,0.0,0.0,0.0
8342,0.0,0.0,0.0,0.04481792717086835,0.0,0.0
8343,0.0,0.0,0.0,0.04521276595744681,0.0,0.0
8344,0.0,0.0,0.0,0.0,0.0,0.0
8345,0.0,0.0,0.0,0.0115,0.0,0.0
8346,0.0,0.0,0.0,0.0,0.0,0.0
8347,0.0,0.0,0.0,0.0,0.0,0.0
8348,0.0,0.0,0.0,0.0,0.0,0.0
8349,0.0,0.0,0.0,0.07591933570581258,0.0,0.0
8350,0.0,0.0,0.0,0.0,0.0,0.0
8351,0.0,0.0,0.0,0.0,0.0,0.0
8352,0.0,0.0,0.0,0.0,0.0,0.0
8353,0.0,0.0,0.0,0.009532888465204958,0.0,0.0
8354,0.0,0.0,0.0,0.0,0.0,0.0
8355,0.0,0.0,0.0,0.3125,0.0,0.0
8356,0.0,0.0,0.0,0.1394700139470014,0.0,0.0
8357,0.0,0.0,0.0,0.19718309859154928,0.0,0.0
8358,0.0,0.0,0.0,0.0,0.0,0.0
8359,0.0,0.0,0.0,0.18548387096774194,0.0,0.0
8360,0.0,0.0,0.0,0.2025862068965517,0.0,0.0
8361,0.0,0.0,0.0,0.009244992295839754,0.0,0.0
8362,0.0,0.0,0.0,0.0,0.0,0.0
8363,0.0,0.0,0.0,0.0035231943628890195,0.0,0.0
8364,0.0,0.0,0.0,0.0,0.0,0.0
8365,0.0,0.0,0.0,0.011372251705837756,0.0,0.0
8366,0.0,0.0,0.0,0.006688963210702341,0.0,0.0
8367,0.0,0.0,0.0,0.11149825783972124,0.0,0.0
8368,0.0,0.0,0.0,0.0,0.0,0.0
8369,0.05531914893617021,0.0,0.0,0.14893617021276595,0.0,0.0
8370,0.0,0.0,0.0,0.011190233977619531,0.0,0.0
8371,0.0,0.0,0.0,0.0,0.0,0.0
8372,0.0,0.0,0.0,0.0,0.0,0.0
8373,0.0,0.0,0.0,0.0,0.0,0.0
8374,0.0,0.0,0.0,0.0,0.0,0.0
8375,0.0,0.0,0.0,0.01967799642218247,0.0,0.0
8376,0.025500910746812388,0.0,0.0,0.14754098360655735,0.0,0.0
8377,0.0,0.0,0.0,0.022594142259414227,0.0,0.0
8378,0.0,0.0,0.0,0.0,0.0,0.0
8379,0.0,0.0,0.0,0.09153318077803203,0.0,0.0
8380,0.0,0.0,0.0,0.010706638115631693,0.0,0.0
8381,0.0,0.0,0.0,0.0,0.0,0.0
8382,0.0,0.0,0.0,0.0,0.0,0.0
8383,0.0,0.0,0.0,0.0,0.0,0.0
8384,0.0,0.0,0.0,0.037267080745341616,0.0,0.0
8385,0.0,0.0,0.0,0.0,0.0,0.0
8386,0.0,0.0,0.0,0.007575757575757577,0.0,0.0
8387,0.02383863080684596,0.0,0.0,0.1100244498777506,0.0,0.0
8388,0.0,0.0,0.0,0.06358381502890173,0.0,0.0
8389,0.0,0.0,0.0,0.026292725679228742,0.0,0.0
8390,0.0655226209048362,0.0,0.0,0.1216848673946958,0.0,0.0
8391,0.0,0.0,0.0,0.039956803455723534,0.0,0.0
8392,0.0,0.0,0.0,0.2721030042918455,0.0,0.0
8393,0.0,0.0,0.0,0.03434178250204415,0.0,0.0
8394,0.0,0.0,0.0,0.0,0.0,0.0
8395,0.0,0.0,0.0,0.016382252559726963,0.0,0.0
8396,0.01721763085399449,0.0,0.0,0.14600550964187328,0.0,0.0
8397,0.0,0.0,0.0,0.0,0.0,0.0
8398,0.0,0.0,0.0,0.0,0.0,0.0
8399,0.0,0.0,0.0,0.0,0.0,0.0
8400,0.0,0.0,0.0,0.0,0.0,0.0
8401,0.0,0.0,0.0,0.011278195488721804,0.0,0.0
8402,0.0,0.0,0.0,0.0,0.0,0.0
8403,0.0,0.0,0.0,0.2839285714285714,0.0,0.0
8404,0.0,0.0,0.0,0.0,0.0,0.0
8405,0.0,0.0,0.0,0.031407035175879394,0.0,0.0
8406,0.0,0.0,0.0,0.07439024390243902,0.0,0.0
8407,0.0,0.0,0.0,0.04970414201183432,0.0,0.0
8408,0.0,0.0,0.0,0.0,0.0,0.0
8409,0.0,0.0,0.0,0.0,0.0,0.0
8410,0.0,0.0,0.0,0.022792022792022797,0.0,0.0
8411,0.0,0.0,0.0,0.15924657534246575,0.0,0.0
8412,0.0,0.0,0.0,0.0,0.0,0.0
8413,0.0,0.0,0.0,0.0,0.0,0.0
8414,0.0,0.0,0.0,0.005128205128205128,0.0,0.0
8415,0.0,0.0,0.0,0.0,0.0,0.0
8416,0.0,0.0,0.0,0.16666666666666666,0.0,0.0
8417,0.0,0.0,0.0,0.005162241887905605,0.0,0.0
8418,0.0,0.0,0.0,0.0,0.0,0.0
8419,0.0,0.0,0.0,0.0,0.0,0.0
8420,0.0,0.0,0.0,0.0,0.0,0.0
8421,0.0,0.0,0.0,0.009009009009009007,0.0,0.0
8422,0.234375,0.0,0.0,0.0,0.0,0.0
8423,0.0,0.0,0.0,0.0,0.0,0.0
8424,0.0,0.0,0.0,0.1391304347826087,0.0,0.0
8425,0.0,0.0,0.0,0.0,0.0,0.0
8426,0.0,0.0,0.0,0.0,0.0,0.0
8427,0.0,0.0,0.0,0.44,0.0,0.0
8428,0.0,0.0,0.0,0.0,0.0,0.0
8429,0.0,0.0,0.0,0.37264150943396224,0.0,0.0
8430,0.0,0.0,0.0,0.11719352351580573,0.0,0.0
8431,0.0,0.0,0.0,0.0,0.0,0.0
8432,0.0,0.0,0.0,0.0,0.0,0.0
8433,0.0,0.0,0.0,0.0,0.0,0.0
8434,0.0,0.0,0.0,0.06944444444444445,0.0,0.0
8435,0.0,0.0,0.0,0.0,0.0,0.0
8436,0.0,0.0,0.0,0.33673469387755106,0.0,0.0
8437,0.0,0.0,0.0,0.08444444444444445,0.0,0.0
8438,0.0,0.0,0.0,0.0,0.0,0.0
8439,0.0,0.0,0.0,0.0,0.0,0.0
8440,0.0,0.0,0.0,0.0,0.0,0.0
8441,0.0,0.0,0.0,0.0,0.0,0.0
8442,0.0,0.0,0.0,0.013215859030837005,0.0,0.0
8443,0.0,0.0,0.0,0.0557909604519774,0.0,0.0
8444,0.0,0.0,0.0,0.0,0.0,0.0
8445,0.0,0.0,0.0,0.0,0.0,0.0
8446,0.0,0.0,0.0,0.11012235817575083,0.0,0.0
8447,0.0,0.0,0.0,0.0,0.0,0.0
8448,0.0,0.0,0.0,0.0,0.0,0.0
8449,0.02155172413793104,0.0,0.0,0.03304597701149425,0.0,0.0
8450,0.0,0.0,0.0,0.10909090909090907,0.0,0.0
8451,0.0,0.0,0.0,0.0,0.0,0.0
8452,0.0,0.0,0.0,0.0,0.0,0.0
8453,0.0,0.0,0.0,0.0007107320540156361,0.0,0.0
8454,0.0,0.0,0.0,0.04341085271317829,0.0,0.0
8455,0.0,0.0,0.0,0.014705882352941175,0.0,0.0
8456,0.0,0.0,0.0,0.013736263736263736,0.0,0.0
8457,0.0,0.0,0.0,0.0,0.0,0.0
8458,0.0,0.0,0.0,0.19064124783362216,0.0,0.0
8459,0.0,0.0,0.0,0.0,0.0,0.0
8460,0.0,0.0,0.0,0.0,0.0,0.0
8461,0.0,0.0,0.0,0.0,0.0,0.0
8462,0.0,0.0,0.0,0.0,0.0,0.0
8463,0.0,0.0,0.0,0.07098381070983811,0.0,0.0
8464,0.0,0.0,0.0,0.0,0.0,0.0
8465,0.0,0.0,0.0,0.0,0.0,0.0
8466,0.0,0.0,0.0,0.020702070207020702,0.0,0.0
8467,0.0,0.0,0.0,0.19631171921475316,0.0,0.0
8468,0.0,0.0,0.0,0.0009165902841429881,0.0,0.0
8469,0.0,0.0,0.0,0.0036199095022624436,0.0,0.0
8470,0.0,0.0,0.0,0.0,0.0,0.0
8471,0.0,0.0,0.0,0.05076142131979696,0.0,0.0
8472,0.0,0.0,0.0,0.0,0.0,0.0
8473,0.0,0.0,0.0,0.0,0.0,0.0
8474,0.0,0.0,0.0,0.0624315443592552,0.0,0.0
8475,0.0,0.0,0.0,0.16379310344827586,0.0,0.0
8476,0.0,0.0,0.0,0.1036468330134357,0.0,0.0
8477,0.0,0.0,0.0,0.0,0.0,0.0
8478,0.0,0.0,0.0,0.0,0.0,0.0
8479,0.0,0.0,0.0,0.0380952380952381,0.0,0.0
8480,0.0,0.0,0.0,0.37047551454932576,0.0,0.0
8481,0.0,0.0,0.0,0.0,0.0,0.0
8482,0.0,0.0,0.0,0.06715063520871144,0.0,0.0
8483,0.0,0.0,0.0,0.0,0.0,0.0
8484,0.0,0.0,0.0,0.0,0.0,0.0
8485,0.0,0.0,0.0,0.0,0.0,0.0
8486,0.0,0.0,0.0,0.03152173913043478,0.0,0.0
8487,0.0,0.0,0.0,0.0,0.0,0.0
8488,0.0,0.0,0.0,0.031714568880079286,0.0,0.0
8489,0.0,0.0,0.0,0.11980033277870215,0.0,0.0
8490,0.0,0.0,0.0,0.0,0.0,0.0
8491,0.0,0.0,0.0,0.0,0.0,0.0
8492,0.0,0.0,0.0,0.017412935323383085,0.0,0.0
8493,0.0,0.0,0.0,0.018055555555555557,0.0,0.0
8494,0.0,0.0,0.0,0.0,0.0,0.0
8495,0.0,0.0,0.0,0.0,0.0,0.0
8496,0.0,0.0192,0.0,0.1416,0.0,0.0
8497,0.0,0.0,0.0,0.0,0.0,0.0
8498,0.0,0.0,0.0,0.0,0.0,0.0
8499,0.0,0.0,0.0,0.09239130434782608,0.0,0.0
8500,0.0,0.0,0.0,0.03803131991051454,0.0,0.0
8501,0.0,0.0,0.0,0.0,0.0,0.0
8502,0.034688995215311005,0.0,0.0,0.0,0.0,0.0
8503,0.0,0.0,0.0,0.20717423133235724,0.0,0.0
8504,0.0,0.0,0.0,0.013574660633484163,0.0,0.0
8505,0.0,0.0,0.0,0.02192982456140351,0.0,0.0
8506,0.0,0.0,0.0,0.0,0.0,0.0
8507,0.0,0.0,0.0,0.0,0.0,0.0
8508,0.0,0.0,0.0,0.09393346379647748,0.0,0.0
8509,0.0,0.0,0.0,0.0,0.0,0.0
8510,0.0,0.0,0.0,0.0859504132231405,0.0,0.0
8511,0.0,0.0,0.0,0.0,0.0,0.0
8512,0.0,0.0,0.0,0.014492753623188406,0.0,0.0
8513,0.02312775330396476,0.0,0.0,0.11123348017621146,0.0,0.0
8514,0.0,0.0,0.0,0.0,0.0,0.0
8515,0.0,0.0,0.0,0.2794017675050986,0.0,0.0
8516,0.0,0.0,0.0,0.0,0.0,0.0
8517,0.0,0.0,0.0,0.020671834625323002,0.0,0.0
8518,0.0,0.0,0.0,0.12624584717607973,0.0,0.0
8519,0.0,0.0,0.0,0.08130841121495327,0.0,0.0
8520,0.0,0.0,0.0,0.002205071664829107,0.0,0.0
8521,0.0,0.0,0.0,0.140197152245345,0.0,0.0
8522,0.0,0.0,0.0,0.01893939393939394,0.0,0.0
8523,0.0,0.0,0.0,0.0,0.0,0.0
8524,0.0,0.0,0.0,0.0,0.0,0.0
8525,0.0,0.0,0.0,0.0,0.0,0.0
8526,0.0,0.0,0.0,0.05599369085173502,0.0,0.0
8527,0.0,0.0,0.0,0.0,0.0,0.0
8528,0.0,0.0,0.0,0.0,0.0,0.0
8529,0.0,0.0,0.0,0.0,0.0,0.0
8530,0.15024630541871922,0.041871921182266014,0.0,0.056650246305418726,0.0,0.0
8531,0.0,0.0,0.0,0.0,0.0,0.0
8532,0.0,0.0,0.0,0.016317016317016316,0.0,0.0
8533,0.0,0.0,0.0,0.0,0.0,0.0
8534,0.02295409181636726,0.0,0.0,0.14570858283433133,0.0,0.0
8535,0.0,0.0,0.0,0.0,0.0,0.0
8536,0.0,0.0,0.0,0.11894273127753305,0.0,0.0
8537,0.0,0.0,0.0,0.0,0.0,0.0
8538,0.0,0.0,0.0,0.023351648351648352,0.0,0.0
8539,0.0,0.0,0.0,0.1354764638346728,0.0,0.0
8540,0.0,0.0,0.0,0.268370607028754,0.0,0.0
8541,0.0,0.0,0.0,0.014659685863874347,0.0,0.0
8542,0.0,0.0,0.0,0.0,0.0,0.0
8543,0.0,0.0,0.0,0.0,0.0,0.0
8544,0.0,0.0,0.0,0.0,0.0,0.0
8545,0.0,0.0,0.0,0.0,0.0,0.0
8546,0.0,0.0,0.0,0.0,0.0,0.0
8547,0.0,0.0,0.0,0.2272727272727273,0.0,0.0
8548,0.0,0.0,0.0,0.0,0.0,0.0
8549,0.0,0.0,0.0,0.0,0.0,0.0
8550,0.0,0.0,0.0,0.07505773672055427,0.0,0.0
8551,0.0,0.0,0.0,0.4427083333333333,0.0,0.0
8552,0.0,0.0,0.0,0.0,0.0,0.0
8553,0.0,0.0,0.0,0.009957325746799429,0.0,0.0
8554,0.0,0.0,0.0,0.2905027932960894,0.0,0.0
8555,0.0,0.0,0.0,0.0,0.0,0.0
8556,0.0,0.0,0.0,0.0,0.0,0.0
8557,0.0,0.0,0.0,0.05868725868725869,0.0,0.0
8558,0.0,0.0,0.0,0.0,0.0,0.0
8559,0.0,0.0,0.0,0.02783964365256125,0.0,0.0
8560,0.0,0.0,0.0,0.08878504672897196,0.0,0.0
8561,0.0,0.0,0.0,0.033553025763930495,0.0,0.0
8562,0.0,0.0,0.0,0.0,0.0,0.0
8563,0.0,0.0,0.0,0.0,0.0,0.0
8564,0.0,0.0,0.0,0.0,0.0,0.0
8565,0.0,0.0,0.0,0.04578904333605887,0.0,0.0
8566,0.0,0.0,0.0,0.0,0.0,0.0
8567,0.0,0.0,0.0,0.0,0.0,0.0
8568,0.0,0.0,0.0,0.0053156146179402,0.0,0.0
8569,0.0,0.0,0.0,0.0,0.0,0.0
8570,0.0,0.0,0.0,0.011513157894736841,0.0,0.0
8571,0.0,0.0,0.0,0.0,0.0,0.0
8572,0.0,0.0,0.0,0.0,0.0,0.0
8573,0.0,0.0,0.0,0.0,0.0,0.0
8574,0.0,0.0,0.0,0.0,0.0,0.0
8575,0.0,0.0,0.0,0.038385826771653545,0.0,0.0
8576,0.0,0.0,0.0,0.00929368029739777,0.0,0.0
8577,0.0,0.0,0.0,0.0,0.0,0.0
8578,0.0,0.0,0.0,0.021021021021021026,0.0,0.0
8579,0.0,0.0,0.0,0.0,0.0,0.0
8580,0.0,0.0,0.0,0.0,0.0,0.0
8581,0.0,0.0,0.0,0.0,0.0,0.0
8582,0.0,0.0,0.0,0.0,0.0,0.0
8583,0.0,0.0,0.0,0.0,0.0,0.0
8584,0.0,0.0,0.0,0.0,0.0,0.0
8585,0.0,0.0,0.0,0.0,0.0,0.0
8586,0.0,0.0,0.0,0.02058319039451115,0.0,0.0
8587,0.0,0.0,0.0,0.0,0.0,0.0
8588,0.0,0.0,0.0,0.0,0.0,0.0
8589,0.0,0.0,0.0,0.0,0.0,0.0
8590,0.0,0.0,0.0,0.0,0.0,0.0
8591,0.0,0.0,0.0,0.020942408376963352,0.0,0.0
8592,0.0,0.0,0.0,0.3141852286049238,0.0,0.0
8593,0.06857142857142857,0.0,0.0,0.1657142857142857,0.0,0.0
8594,0.0,0.0,0.0,0.0,0.0,0.0
8595,0.0,0.0,0.0,0.2518703241895262,0.0,0.0
8596,0.0,0.0,0.0,0.0,0.0,0.0
8597,0.0,0.0,0.0,0.0,0.0,0.0
8598,0.12003872216844146,0.021297192642788,0.021297192642788,0.1713455953533398,0.03872216844143272,0.02516940948693127
8599,0.0,0.0,0.0,0.02241112828438949,0.0,0.0
8600,0.0,0.0,0.0,0.0,0.0,0.0
8601,0.0,0.0,0.0,0.0,0.0,0.0
8602,0.0,0.0,0.0,0.0,0.0,0.0
8603,0.0,0.0,0.0,0.0,0.0,0.0
8604,0.0,0.0,0.0,0.06581740976645435,0.0,0.0
8605,0.0,0.0,0.0,0.08695652173913042,0.0,0.0
8606,0.0,0.0,0.0,0.0,0.0,0.0
8607,0.0,0.0,0.0,0.255741127348643,0.0,0.0
8608,0.0,0.0,0.0,0.0,0.0,0.0
8609,0.0,0.0,0.0,0.0,0.0,0.0
8610,0.060606060606060615,0.0,0.0,0.06887052341597796,0.0,0.0
8611,0.0,0.0,0.0,0.18557692307692308,0.0,0.0
8612,0.0,0.0,0.0,0.0,0.0,0.0
8613,0.0,0.0,0.0,0.0,0.0,0.0
8614,0.0,0.0,0.0,0.06581740976645435,0.0,0.0
8615,0.0,0.0,0.0,0.17069799585348996,0.0,0.0
8616,0.0,0.0,0.0,0.043993231810490696,0.0,0.0
8617,0.0,0.0,0.0,0.038461538461538464,0.0,0.0
8618,0.0,0.0,0.0,0.027993779160186624,0.0,0.0
8619,0.0,0.0,0.0,0.14442013129102846,0.0,0.0
8620,0.0,0.0,0.0,0.0,0.0,0.0
8621,0.0,0.0,0.0,0.0,0.0,0.0
8622,0.0,0.0,0.0,0.0,0.0,0.0
8623,0.0,0.0,0.0,0.0,0.0,0.0
8624,0.0,0.0,0.0,0.0,0.0,0.0
8625,0.0,0.0,0.0,0.0,0.0,0.0
8626,0.0,0.0,0.0,0.0,0.0,0.0
8627,0.0,0.0,0.0,0.0,0.0,0.0
8628,0.0,0.0,0.0,0.0,0.0,0.0
8629,0.0,0.0,0.0,0.026862026862026864,0.0,0.0
8630,0.0,0.0,0.0,0.0,0.0,0.0
8631,0.0,0.0,0.0,0.0,0.0,0.0
8632,0.0,0.0,0.0,0.2641878669275929,0.0,0.0
8633,0.0,0.0,0.0,0.0,0.0,0.0
8634,0.0,0.0,0.0,0.01803968731208659,0.0,0.0
8635,0.0,0.0,0.0,0.0,0.0,0.0
8636,0.0,0.0,0.0,0.0,0.0,0.0
8637,0.0,0.0,0.0,0.0,0.0,0.0
8638,0.0,0.0,0.0,0.0,0.0,0.0
8639,0.0,0.0,0.0,0.028128031037827357,0.0,0.0
8640,0.0,0.0,0.0,0.0,0.0,0.0
8641,0.0,0.0,0.0,0.0,0.0,0.0
8642,0.0,0.0,0.0,0.0093603744149766,0.0,0.0
8643,0.0,0.0,0.0,0.0,0.0,0.0
8644,0.0,0.0,0.0,0.029651593773165306,0.0,0.0
8645,0.0,0.0,0.0,0.0,0.0,0.0
8646,0.0,0.0,0.0,0.0,0.0,0.0
8647,0.0,0.0,0.0,0.31198686371100165,0.0,0.0
8648,0.0,0.0,0.0,0.03867028493894165,0.0,0.0
8649,0.0,0.0,0.0,0.14261168384879724,0.0,0.0
8650,0.0,0.0,0.0,0.10431947840260798,0.0,0.0
8651,0.0,0.0,0.0,0.3333333333333333,0.0,0.0
8652,0.0,0.0,0.0,0.0,0.0,0.0
8653,0.0,0.0,0.0,0.05311614730878187,0.0,0.0
8654,0.0,0.0,0.0,0.011475409836065572,0.0,0.0
8655,0.0,0.0,0.0,0.0,0.0,0.0
8656,0.0,0.0,0.0,0.0,0.0,0.0
8657,0.07095046854082998,0.0,0.0,0.14323962516733602,0.0,0.0
8658,0.0,0.0,0.0,0.20692798541476756,0.0,0.0
8659,0.0,0.0,0.0,0.0,0.0,0.0
8660,0.0,0.0,0.0,0.05782792665726375,0.0,0.0
8661,0.0,0.0,0.0,0.22142343637670744,0.0,0.0
8662,0.0,0.0,0.0,0.0,0.0,0.0
8663,0.0,0.0,0.0,0.194392523364486,0.0,0.0
8664,0.0,0.0,0.0,0.018826135105204873,0.0,0.0
8665,0.0,0.0,0.0,0.0,0.0,0.0
8666,0.0,0.0,0.0,0.0,0.0,0.0
8667,0.0,0.0,0.0,0.0,0.0,0.0
8668,0.0,0.0,0.0,0.0,0.0,0.0
8669,0.0,0.0,0.0,0.0,0.0,0.0
8670,0.0,0.0,0.0,0.0,0.0,0.0
8671,0.0,0.0,0.0,0.0,0.0,0.0
8672,0.0,0.0,0.0,0.20949720670391064,0.0,0.0
8673,0.0,0.0,0.0,0.0,0.0,0.0
8674,0.0,0.0,0.0,0.05845323741007194,0.0,0.0
8675,0.0,0.0,0.0,0.019695613249776187,0.0,0.0
8676,0.0,0.0,0.0,0.3019287833827893,0.0,0.0
8677,0.0,0.0,0.0,0.04032258064516129,0.0,0.0
8678,0.0,0.0,0.0,0.0,0.0,0.0
8679,0.0,0.0,0.0,0.0,0.0,0.0
8680,0.0,0.0,0.0,0.0,0.0,0.0
8681,0.0,0.0,0.0,0.0,0.0,0.0
8682,0.0,0.0,0.0,0.008539709649871904,0.0,0.0
8683,0.0,0.0,0.0,0.0,0.0,0.0
8684,0.0,0.0,0.0,0.0,0.0,0.0
8685,0.0,0.0,0.0,0.015384615384615384,0.0,0.0
8686,0.0,0.0,0.0,0.0020964360587002093,0.0,0.0
8687,0.0,0.0,0.0,0.001763668430335097,0.0,0.0
8688,0.0,0.0,0.0,0.0389908256880734,0.0,0.0
8689,0.0,0.0,0.0,0.0,0.0,0.0
8690,0.0,0.0,0.0,0.002485501242750621,0.0,0.0
8691,0.0,0.0,0.0,0.0,0.0,0.0
8692,0.0,0.0,0.0,0.018779342723004692,0.0,0.0
8693,0.0,0.0,0.0,0.0,0.0,0.0
8694,0.0,0.0,0.0,0.07333333333333332,0.0,0.0
8695,0.0,0.0,0.0,0.0,0.0,0.0
8696,0.0,0.0,0.0,0.101159793814433,0.0,0.0
8697,0.0,0.0,0.0,0.0,0.0,0.0
8698,0.0,0.0,0.0,0.036055923473142015,0.0,0.0
8699,0.0,0.0,0.0,0.0,0.0,0.0
8700,0.0,0.0,0.0,0.0,0.0,0.0
8701,0.0,0.0,0.0,0.0,0.0,0.0
8702,0.0,0.0,0.0,0.0,0.0,0.0
8703,0.0,0.0,0.0,0.0,0.0,0.0
8704,0.0,0.0,0.0,0.13545816733067728,0.0,0.0
8705,0.0,0.0,0.0,0.0,0.0,0.0
8706,0.0,0.0,0.0,0.1440677966101695,0.0,0.0
8707,0.0,0.0,0.0,0.22448979591836732,0.0,0.0
8708,0.0,0.0,0.0,0.0,0.0,0.0
8709,0.0,0.0,0.0,0.0,0.0,0.0
8710,0.0,0.0,0.0,0.019517795637198618,0.0,0.0
8711,0.0,0.0,0.0,0.0,0.0,0.0
8712,0.0,0.0,0.0,0.0,0.0,0.0
8713,0.0,0.0,0.0,0.0,0.0,0.0
8714,0.0,0.0,0.0,0.03472770323599053,0.0007892659826361484,0.0007892659826361484
8715,0.0,0.0,0.0,0.0,0.0,0.0
8716,0.0,0.0,0.0,0.0,0.0,0.0
8717,0.0,0.0,0.0,0.0,0.0,0.0
8718,0.0,0.0,0.0,0.0,0.0,0.0
8719,0.0,0.0,0.0,0.05398110661268556,0.0,0.0
8720,0.0,0.0,0.0,0.02168674698795181,0.0,0.0
8721,0.0,0.0,0.0,0.0,0.0,0.0
8722,0.0,0.0,0.0,0.0,0.0,0.0
8723,0.0,0.0,0.0,0.21739130434782608,0.0,0.0
8724,0.0,0.0,0.0,0.25644699140401145,0.0,0.0
8725,0.0,0.0,0.0,0.0,0.0,0.0
8726,0.0,0.0,0.0,0.0,0.0,0.0
8727,0.0,0.0,0.0,0.030095759233926125,0.0,0.0
8728,0.0,0.0,0.0,0.0,0.0,0.0
8729,0.0,0.0,0.0,0.05263157894736842,0.0,0.0
8730,0.026627218934911243,0.0,0.0,0.02958579881656805,0.0,0.0
8731,0.0,0.0,0.0,0.0,0.0,0.0
8732,0.0,0.0,0.0,0.0,0.0,0.0
8733,0.0,0.0,0.0,0.0,0.0,0.0
8734,0.0,0.0,0.0,0.0009699321047526672,0.0,0.0
8735,0.0,0.0,0.0,0.03311258278145696,0.0,0.0
8736,0.0,0.0,0.0,0.0,0.0,0.0
8737,0.0,0.0,0.0,0.0,0.0,0.0
8738,0.0,0.0,0.0,0.0,0.0,0.0
8739,0.0,0.0,0.0,0.1975560081466395,0.0,0.0
8740,0.0,0.0,0.0,0.0,0.0,0.0
8741,0.0,0.0,0.0,0.017452006980802792,0.0,0.0
8742,0.0,0.0,0.0,0.0,0.0,0.0
8743,0.0,0.0,0.0,0.011122345803842264,0.0,0.0
8744,0.009456264775413713,0.009456264775413713,0.009456264775413713,0.0023640661938534283,0.0,0.0
8745,0.0,0.0,0.0,0.0,0.0,0.0
8746,0.0,0.0,0.0,0.03654080389768575,0.0,0.0
8747,0.0,0.0,0.0,0.016771488469601678,0.0,0.0
8748,0.0,0.0,0.0,0.0,0.0,0.0
8749,0.0,0.0,0.0,0.037037037037037035,0.0,0.0
8750,0.0,0.0,0.0,0.0,0.0,0.0
8751,0.0,0.0,0.0,0.0,0.0,0.0
8752,0.0,0.0,0.0,0.2916666666666667,0.0,0.0
8753,0.0,0.0,0.0,0.10511756569847856,0.0,0.0
8754,0.0,0.0,0.0,0.0047393364928909965,0.0,0.0
8755,0.0,0.0,0.0,0.0,0.0,0.0
8756,0.0,0.0,0.0,0.2237442922374429,0.0,0.0
8757,0.0,0.0,0.0,0.2591240875912409,0.0,0.0
8758,0.017,0.0,0.0,0.015,0.0,0.0
8759,0.0,0.0,0.0,0.0,0.0,0.0
8760,0.0,0.0,0.0,0.0,0.0,0.0
8761,0.0,0.0,0.0,0.0,0.0,0.0
8762,0.0,0.0,0.0,0.026578073089701,0.0,0.0
8763,0.0,0.0,0.0,0.0,0.0,0.0
8764,0.0,0.0,0.0,0.04411764705882353,0.0,0.0
8765,0.0,0.0,0.0,0.0,0.0,0.0
8766,0.0,0.0,0.0,0.0,0.0,0.0
8767,0.0,0.0,0.0,0.0,0.0,0.0
8768,0.0,0.0,0.0,0.0,0.0,0.0
8769,0.0,0.0,0.0,0.0,0.0,0.0
8770,0.0,0.0,0.0,0.0,0.0,0.0
8771,0.0,0.0,0.0,0.015873015873015872,0.0,0.0
8772,0.0,0.0,0.0,0.0,0.0,0.0
8773,0.0,0.0,0.0,0.0,0.0,0.0
8774,0.0,0.0,0.0,0.02233009708737864,0.0,0.0
8775,0.0,0.0,0.0,0.21245136186770427,0.0,0.0
8776,0.0,0.0,0.0,0.0,0.0,0.0
8777,0.0,0.0,0.0,0.0,0.0,0.0
8778,0.0,0.0,0.0,0.0,0.0,0.0
8779,0.0,0.0,0.0,0.0,0.0,0.0
8780,0.0,0.0,0.0,0.0,0.0,0.0
8781,0.0,0.0,0.0,0.0,0.0,0.0
8782,0.0,0.0,0.0,0.027027027027027032,0.0,0.0
8783,0.0,0.0,0.0,0.006313131313131313,0.0,0.0
8784,0.0,0.0,0.0,0.0,0.0,0.0
8785,0.0,0.0,0.0,0.0,0.0,0.0
8786,0.0,0.0,0.0,0.042474607571560484,0.0,0.0
8787,0.0,0.0,0.0,0.002215657311669129,0.0,0.0
8788,0.0,0.0,0.0,0.0,0.0,0.0
8789,0.0,0.0,0.0,0.03308063404548587,0.0,0.0
8790,0.0,0.0,0.0,0.0,0.0,0.0
8791,0.0,0.0,0.0,0.038461538461538464,0.0,0.0
8792,0.0,0.0,0.0,0.005671077504725897,0.0,0.0
8793,0.0,0.0,0.0,0.0,0.0,0.0
8794,0.0,0.0,0.0,0.0,0.0,0.0
8795,0.0,0.0,0.0,0.0,0.0,0.0
8796,0.0,0.0,0.0,0.0,0.0,0.0
8797,0.0,0.0,0.0,0.029743589743589743,0.0,0.0
8798,0.0,0.0,0.0,0.0016155088852988692,0.0,0.0
8799,0.0,0.0,0.0,0.2617859123682751,0.0,0.0
8800,0.0,0.0,0.0,0.010852713178294572,0.0,0.0
8801,0.0,0.0,0.0,0.0,0.0,0.0
8802,0.0,0.0,0.0,0.05681818181818181,0.0,0.0
8803,0.0,0.0,0.0,0.0,0.0,0.0
8804,0.0,0.0,0.0,0.0,0.0,0.0
8805,0.0,0.0,0.0,0.0,0.0,0.0
8806,0.0,0.0,0.0,0.011574074074074072,0.0,0.0
8807,0.0,0.0,0.0,0.0061433447098976105,0.0,0.0
8808,0.0,0.0,0.0,0.054996646545942315,0.0,0.0
8809,0.0,0.0,0.0,0.0,0.0,0.0
8810,0.0,0.0,0.0,0.0,0.0,0.0
8811,0.0,0.0,0.0,0.0,0.0,0.0
8812,0.0,0.0,0.0,0.05797101449275361,0.0,0.0
8813,0.0,0.0,0.0,0.06358381502890173,0.0,0.0
8814,0.0,0.0,0.0,0.08826291079812207,0.0,0.0
8815,0.0,0.0,0.0,0.0225140712945591,0.0,0.0
8816,0.0,0.0,0.0,0.0,0.0,0.0
8817,0.0,0.0,0.0,0.0,0.0,0.0
8818,0.0,0.0,0.0,0.0,0.0,0.0
8819,0.0,0.0,0.0,0.0,0.0,0.0
8820,0.0,0.0,0.0,0.00413793103448276,0.0,0.0
8821,0.0,0.0,0.0,0.0,0.0,0.0
8822,0.0,0.0,0.0,0.0,0.0,0.0
8823,0.0,0.0,0.0,0.0,0.0,0.0
8824,0.0,0.0,0.0,0.0,0.0,0.0
8825,0.0,0.0,0.0,0.0,0.0,0.0
8826,0.0,0.0,0.0,0.0,0.0,0.0
8827,0.0,0.0,0.0,0.13253012048192772,0.0,0.0
8828,0.0,0.0,0.0,0.0,0.0,0.0
8829,0.0,0.0,0.0,0.0,0.0,0.0
8830,0.0,0.0,0.0,0.0,0.0,0.0
8831,0.0,0.0,0.0,0.0,0.0,0.0
8832,0.0,0.0,0.0,0.0,0.0,0.0
8833,0.0,0.0,0.0,0.0,0.0,0.0
8834,0.0,0.0,0.0,0.0,0.0,0.0
8835,0.0,0.0,0.0,0.0,0.0,0.0
8836,0.0,0.0,0.0,0.04066985645933014,0.0,0.0
8837,0.0,0.0,0.0,0.0,0.0,0.0
8838,0.0,0.0,0.0,0.010273972602739724,0.0,0.0
8839,0.0,0.0,0.0,0.00816326530612245,0.0,0.0
8840,0.0,0.0,0.0,0.017462165308498253,0.0,0.0
8841,0.052777777777777785,0.0,0.0,0.21666666666666667,0.006944444444444444,0.006944444444444444
8842,0.0,0.0,0.0,0.0,0.0,0.0
8843,0.0,0.0,0.0,0.006127450980392157,0.0,0.0
8844,0.0,0.0,0.0,0.0,0.0,0.0
8845,0.0,0.0,0.0,0.04133545310015898,0.0,0.0
8846,0.025527192008879027,0.0,0.0,0.023307436182019976,0.023307436182019976,0.0
8847,0.0,0.0,0.0,0.010912698412698412,0.0,0.0
8848,0.0,0.0,0.0,0.2,0.0,0.0
8849,0.0,0.0,0.0,0.0,0.0,0.0
8850,0.0,0.0,0.0,0.0,0.0,0.0
8851,0.0,0.0,0.0,0.0,0.0,0.0
8852,0.0,0.0,0.0,0.0,0.0,0.0
8853,0.0,0.0,0.0,0.0,0.0,0.0
8854,0.0,0.0,0.0,0.0,0.0,0.0
8855,0.0,0.0,0.0,0.0,0.0,0.0
8856,0.0,0.0,0.0,0.0,0.0,0.0
8857,0.0,0.0,0.0,0.0,0.0,0.0
8858,0.0,0.0,0.0,0.0,0.0,0.0
8859,0.0,0.0,0.0,0.0,0.0,0.0
8860,0.0,0.0,0.0,0.0425531914893617,0.0,0.0
8861,0.0,0.0,0.0,0.0,0.0,0.0
8862,0.0,0.0,0.0,0.0,0.0,0.0
8863,0.0,0.0,0.0,0.0,0.0,0.0
8864,0.0,0.0,0.0,0.0,0.0,0.0
8865,0.0,0.0,0.0,0.1325503355704698,0.0,0.0
8866,0.0,0.0,0.0,0.0,0.0,0.0
8867,0.0,0.0,0.0,0.0,0.0,0.0
8868,0.0,0.0,0.0,0.0,0.0,0.0
8869,0.0,0.0,0.0,0.0,0.0,0.0
8870,0.0,0.0,0.0,0.015544041450777204,0.0,0.0
8871,0.0,0.0,0.0,0.03571428571428571,0.0,0.0
8872,0.0,0.0,0.0,0.0,0.0,0.0
8873,0.0,0.0,0.0,0.003846153846153847,0.0,0.0
8874,0.0,0.0,0.0,0.027194066749072928,0.0,0.0
8875,0.0,0.0,0.0,0.0,0.0,0.0
8876,0.0,0.0,0.0,0.0,0.0,0.0
8877,0.0,0.0,0.0,0.0,0.0,0.0
8878,0.0,0.0,0.0,0.0,0.0,0.0
8879,0.0,0.0,0.0,0.0,0.0,0.0
8880,0.0,0.0,0.0,0.0,0.0,0.0
8881,0.0,0.0,0.0,0.0,0.0,0.0
8882,0.0,0.0,0.0,0.0010857763300760044,0.0,0.0
8883,0.0,0.0,0.0,0.13043478260869565,0.0,0.0
8884,0.0,0.0,0.0,0.0,0.0,0.0
8885,0.0,0.0,0.0,0.033928571428571426,0.0,0.0
8886,0.0,0.0,0.0,0.0,0.0,0.0
8887,0.0,0.0,0.0,0.2982832618025751,0.0,0.0
8888,0.0,0.0,0.0,0.0,0.0,0.0
8889,0.0,0.0,0.0,0.0,0.0,0.0
8890,0.0,0.0,0.0,0.0,0.0,0.0
8891,0.0,0.0,0.0,0.0,0.0,0.0
8892,0.0,0.0,0.0,0.12967581047381546,0.0,0.0
8893,0.0,0.0,0.0,0.0,0.0,0.0
8894,0.0,0.0,0.0,0.02307692307692308,0.0,0.0
8895,0.0,0.0,0.0,0.0,0.0,0.0
8896,0.0,0.0,0.0,0.0,0.0,0.0
8897,0.0,0.0,0.0,0.0,0.0,0.0
8898,0.0,0.0,0.0,0.0,0.0,0.0
8899,0.0,0.0,0.0,0.0,0.0,0.0
8900,0.0,0.0,0.0,0.0,0.0,0.0
8901,0.0,0.0,0.0,0.125,0.0,0.0
8902,0.0,0.0,0.0,0.0,0.0,0.0
8903,0.0,0.0,0.0,0.0,0.0,0.0
8904,0.0,0.0,0.0,0.0,0.0,0.0
8905,0.0,0.0,0.0,0.03565217391304348,0.0,0.0
8906,0.0,0.0,0.0,0.03,0.0,0.0
8907,0.0,0.0,0.0,0.3333333333333333,0.0,0.0
8908,0.0,0.0,0.0,0.0,0.0,0.0
8909,0.0,0.0,0.0,0.0,0.0,0.0
8910,0.0,0.0,0.0,0.0,0.0,0.0
8911,0.0,0.0,0.0,0.0,0.0,0.0
8912,0.0,0.0,0.0,0.049180327868852465,0.0,0.0
8913,0.0,0.0,0.0,0.0,0.0,0.0
8914,0.0,0.0,0.0,0.0,0.0,0.0
8915,0.0,0.0,0.0,0.0,0.0,0.0
8916,0.0,0.0,0.0,0.005208333333333333,0.0,0.0
8917,0.0,0.0,0.0,0.0,0.0,0.0
8918,0.0,0.0,0.0,0.0,0.0,0.0
8919,0.0,0.0,0.0,0.011653718091009988,0.0,0.0
8920,0.0,0.0,0.0,0.0,0.0,0.0
8921,0.0,0.0,0.0,0.0,0.0,0.0
8922,0.0,0.0,0.0,0.0,0.0,0.0
8923,0.0,0.0,0.0,0.0,0.0,0.0
8924,0.0,0.0,0.0,0.0,0.0,0.0
8925,0.00617828773168579,0.0,0.0,0.3186231244483672,0.0,0.0
8926,0.16165413533834586,0.0,0.0,0.2255639097744361,0.022556390977443608,0.022556390977443608
8927,0.02731411229135053,0.0,0.0,0.30197268588770865,0.0,0.0
8928,0.0,0.0,0.0,0.11540822590546347,0.0,0.0
8929,0.0,0.0,0.0,0.0419287211740042,0.0,0.0
8930,0.0,0.0,0.0,0.01786896095301125,0.0,0.0
8931,0.0,0.0,0.0,0.0,0.0,0.0
8932,0.0,0.0,0.0,0.033548387096774185,0.0,0.0
8933,0.0,0.0,0.0,0.0,0.0,0.0
8934,0.0,0.0,0.0,0.0,0.0,0.0
8935,0.0,0.0,0.0,0.0,0.0,0.0
8936,0.0,0.0,0.0,0.0,0.0,0.0
8937,0.0,0.0,0.0,0.056384742951907124,0.0,0.0
8938,0.0,0.0,0.0,0.04166666666666666,0.0,0.0
8939,0.0,0.0,0.0,0.0,0.0,0.0
8940,0.01598173515981735,0.0,0.0,0.0106544901065449,0.0,0.0
8941,0.0,0.0,0.0,0.025738077214231644,0.0,0.0
8942,0.0,0.0,0.0,0.05518945634266886,0.0,0.0
8943,0.0,0.0,0.0,0.0,0.0,0.0
8944,0.0,0.0,0.0,0.16981132075471694,0.0,0.0
8945,0.0,0.0,0.0,0.036259541984732815,0.0,0.0
8946,0.0,0.0,0.0,0.0035992801439712063,0.0,0.0
8947,0.0,0.0,0.0,0.07364341085271317,0.0,0.0
8948,0.0,0.0,0.0,0.1066225165562914,0.0,0.0
8949,0.0,0.0,0.0,0.0,0.0,0.0
8950,0.0,0.0,0.0,0.24390243902439024,0.0,0.0
8951,0.0,0.0,0.0,0.04921259842519685,0.0,0.0
8952,0.0,0.0,0.0,0.0,0.0,0.0
8953,0.0,0.0,0.0,0.08888888888888889,0.0,0.0
8954,0.0,0.0,0.0,0.2918108419838524,0.0,0.0
8955,0.0,0.0,0.0,0.0,0.0,0.0
8956,0.0,0.0,0.0,0.0,0.0,0.0
8957,0.0,0.0,0.0,0.0,0.0,0.0
8958,0.0,0.0,0.0,0.0,0.0,0.0
8959,0.0,0.0,0.0,0.0,0.0,0.0
8960,0.0,0.0,0.0,0.03414634146341464,0.0,0.0
8961,0.0,0.0,0.0,0.0,0.0,0.0
8962,0.0,0.0,0.0,0.0,0.0,0.0
8963,0.0,0.0,0.0,0.0,0.0,0.0
8964,0.0,0.0,0.0,0.0,0.0,0.0
8965,0.0,0.0,0.0,0.12041884816753927,0.0,0.0
8966,0.0,0.0,0.0,0.03220035778175313,0.0,0.0
8967,0.0,0.0,0.0,0.02244582043343653,0.0,0.0
8968,0.0,0.0,0.0,0.0436241610738255,0.0,0.0
8969,0.0,0.0,0.0,0.0,0.0,0.0
8970,0.0,0.0,0.0,0.2545454545454545,0.0,0.0
8971,0.0,0.0,0.0,0.0,0.0,0.0
8972,0.0,0.0,0.0,0.175,0.0,0.0
8973,0.0,0.011326860841423949,0.0,0.2451456310679612,0.0,0.0
8974,0.0,0.0,0.0,0.0,0.0,0.0
8975,0.0,0.0,0.0,0.0,0.0,0.0
8976,0.0,0.0,0.0,0.0,0.0,0.0
8977,0.0,0.0,0.0,0.0,0.0,0.0
8978,0.0,0.0,0.0,0.2007481296758105,0.0,0.0
8979,0.0,0.0,0.0,0.11515151515151514,0.0,0.0
8980,0.0,0.0,0.0,0.0,0.0,0.0
8981,0.0,0.0,0.0,0.0,0.0,0.0
8982,0.023109243697478996,0.0,0.0,0.0,0.0,0.0
8983,0.0,0.0,0.0,0.027093596059113302,0.0,0.0
8984,0.0,0.0,0.0,0.021352313167259787,0.0,0.0
8985,0.0,0.0,0.0,0.017488076311605722,0.0,0.0
8986,0.0,0.0,0.0,0.15057573073516387,0.0,0.0
8987,0.0,0.0,0.0,0.017950635751682868,0.0,0.0
8988,0.0,0.0,0.0,0.0,0.0,0.0
8989,0.0,0.0,0.0,0.0,0.0,0.0
8990,0.0,0.0,0.0,0.1557632398753894,0.0,0.0
8991,0.0,0.0,0.0,0.027999999999999997,0.0,0.0
8992,0.0,0.0,0.0,0.04691689008042895,0.0,0.0
8993,0.0,0.0,0.0,0.19662921348314608,0.0,0.0
8994,0.0,0.0,0.0,0.0,0.0,0.0
8995,0.0,0.0,0.0,0.0,0.0,0.0
8996,0.0,0.0,0.0,0.0,0.0,0.0
8997,0.0,0.0,0.0,0.02036919159770846,0.0,0.0
8998,0.0,0.0,0.0,0.011437908496732024,0.0,0.0
8999,0.0,0.0,0.0,0.008806262230919766,0.0,0.0
9000,0.0,0.0,0.0,0.0,0.0,0.0
9001,0.0,0.0,0.0,0.0,0.0,0.0
9002,0.0,0.0,0.0,0.0,0.0,0.0
9003,0.0,0.0,0.0,0.0,0.0,0.0
9004,0.0,0.0,0.0,0.002830188679245283,0.0,0.0
9005,0.0,0.0,0.0,0.0,0.0,0.0
9006,0.0,0.0,0.0,0.0,0.0,0.0
9007,0.0,0.0,0.0,0.03858784893267652,0.0,0.0
9008,0.0,0.0,0.0,0.06303972366148533,0.0,0.0
9009,0.0,0.0,0.0,0.0,0.0,0.0
9010,0.0,0.0,0.0,0.054272517321016164,0.0,0.0
9011,0.0,0.0,0.0,0.016441005802707933,0.0,0.0
9012,0.0,0.0,0.0,0.6428571428571429,0.0,0.0
9013,0.0,0.0,0.0,0.024888888888888887,0.0,0.0
9014,0.0,0.0,0.0,0.0,0.0,0.0
9015,0.0,0.0,0.0,0.0,0.0,0.0
9016,0.0,0.0,0.0,0.06563706563706563,0.0,0.0
9017,0.0,0.0,0.0,0.0,0.0,0.0
9018,0.0,0.0,0.0,0.0,0.0,0.0
9019,0.0,0.0,0.0,0.0,0.0,0.0
9020,0.01740506329113924,0.0,0.0,0.254746835443038,0.0,0.0
9021,0.0,0.0,0.0,0.0,0.0,0.0
9022,0.0,0.0,0.0,0.0,0.0,0.0
9023,0.0,0.0,0.0,0.0,0.0,0.0
9024,0.0,0.0,0.0,0.015441176470588238,0.0,0.0
9025,0.0,0.0,0.0,0.2576985413290113,0.0,0.0
9026,0.0,0.0,0.0,0.043030869971936385,0.0,0.0
9027,0.0,0.0,0.0,0.0013937282229965155,0.0,0.0
9028,0.0,0.0,0.0,0.0,0.0,0.0
9029,0.0,0.0,0.0,0.002767527675276753,0.0,0.0
9030,0.0,0.0,0.0,0.0,0.0,0.0
9031,0.0,0.0,0.0,0.017874875868917582,0.0,0.0
9032,0.0,0.0,0.0,0.0,0.0,0.0
9033,0.0,0.0,0.0,0.005598320503848845,0.0,0.0
9034,0.0,0.0,0.0,0.08741258741258741,0.0,0.0
9035,0.0,0.0,0.0,0.24761904761904766,0.0,0.0
9036,0.0,0.0,0.0,0.0,0.0,0.0
9037,0.0,0.0,0.0,0.0034812880765883376,0.0,0.0
9038,0.0,0.0,0.0,0.0,0.0,0.0
9039,0.0,0.0,0.0,0.12903225806451613,0.0,0.0
9040,0.0,0.0,0.0,0.0,0.0,0.0
9041,0.0,0.0,0.0,0.0,0.0,0.0
9042,0.0,0.0,0.0,0.0008620689655172414,0.0,0.0
9043,0.0,0.0,0.0,0.0,0.0,0.0
9044,0.0,0.0,0.0,0.0,0.0,0.0
9045,0.0,0.0,0.0,0.0266497461928934,0.0,0.0
9046,0.0,0.0,0.0,0.0,0.0,0.0
9047,0.0,0.0,0.0,0.04900181488203267,0.0,0.0
9048,0.0,0.0,0.0,0.0,0.0,0.0
9049,0.01890359168241966,0.0,0.0,0.020163831127914304,0.0,0.0
9050,0.0,0.0,0.0,0.0,0.0,0.0
9051,0.0,0.0,0.0,0.0,0.0,0.0
9052,0.0,0.0,0.0,0.0,0.0,0.0
9053,0.0,0.0,0.0,0.0,0.0,0.0
9054,0.0,0.0,0.0,0.1239731142643764,0.0,0.0
9055,0.0,0.0,0.0,0.0,0.0,0.0
9056,0.0,0.0,0.0,0.0,0.0,0.0
9057,0.0,0.0,0.0,0.0,0.0,0.0
9058,0.0,0.0,0.0,0.04676258992805756,0.0,0.0
9059,0.0,0.0,0.0,0.0,0.0,0.0
9060,0.0,0.0,0.0,0.1320754716981132,0.0,0.0
9061,0.0,0.0,0.0,0.05263157894736842,0.0,0.0
9062,0.0,0.0,0.0,0.0,0.0,0.0
9063,0.0,0.0,0.0,0.0,0.0,0.0
9064,0.0,0.0,0.0,0.020497803806734997,0.0,0.0
9065,0.0,0.0,0.0,0.0,0.0,0.0
9066,0.0,0.0,0.0,0.2475247524752475,0.0,0.0
9067,0.0,0.0,0.0,0.0,0.0,0.0
9068,0.0,0.0,0.0,0.041736227045075125,0.0,0.0
9069,0.0,0.0,0.0,0.15384615384615385,0.0,0.0
9070,0.0,0.0,0.0,0.0,0.0,0.0
9071,0.0,0.0,0.0,0.0,0.0,0.0
9072,0.0,0.0,0.0,0.07065217391304347,0.0,0.0
9073,0.0,0.0,0.0,0.0,0.0,0.0
9074,0.0,0.0,0.0,0.0,0.0,0.0
9075,0.0,0.0,0.0,0.0,0.0,0.0
9076,0.0,0.0,0.0,0.0,0.0,0.0
9077,0.0,0.0,0.0,0.0,0.0,0.0
9078,0.0,0.0,0.0,0.0,0.0,0.0
9079,0.0,0.0,0.0,0.0,0.0,0.0
9080,0.0,0.0,0.0,0.0,0.0,0.0
9081,0.0,0.0,0.0,0.0,0.0,0.0
9082,0.0,0.0,0.0,0.00904977375565611,0.0,0.0
9083,0.12705615428247305,0.027793533749290986,0.027793533749290986,0.14350538854225753,0.01191151446398185,0.01191151446398185
9084,0.0,0.0,0.0,0.0,0.0,0.0
9085,0.0,0.0,0.0,0.09183673469387756,0.0,0.0
9086,0.0,0.0,0.0,0.01013250194855807,0.0,0.0
9087,0.0,0.0,0.0,0.0,0.0,0.0
9088,0.0,0.0,0.0,0.0,0.0,0.0
9089,0.0,0.0,0.0,0.003791469194312796,0.0,0.0
9090,0.0,0.0,0.0,0.0,0.0,0.0
9091,0.0,0.0,0.0,0.10638297872340426,0.0,0.0
9092,0.0,0.0,0.0,0.0,0.0,0.0
9093,0.0,0.0,0.0,0.2069767441860465,0.0,0.0
9094,0.0,0.0,0.0,0.0,0.0,0.0
9095,0.0,0.0,0.0,0.0,0.0,0.0
9096,0.0,0.0,0.0,0.0,0.0,0.0
9097,0.0,0.0,0.0,0.0,0.0,0.0
9098,0.0,0.0,0.0,0.0007267441860465116,0.0,0.0
9099,0.0,0.0,0.0,0.0,0.0,0.0
9100,0.0,0.0,0.0,0.2678983833718245,0.0,0.0
9101,0.0,0.0,0.0,0.0,0.0,0.0
9102,0.0,0.0,0.0,0.0,0.0,0.0
9103,0.0,0.0,0.0,0.0,0.0,0.0
9104,0.0,0.0,0.0,0.04106628242074928,0.0,0.0
9105,0.0,0.0,0.0,0.0,0.0,0.0
9106,0.0,0.0,0.0,0.0,0.0,0.0
9107,0.0,0.0,0.0,0.0,0.0,0.0
9108,0.0,0.0,0.0,0.06784660766961652,0.005899705014749263,0.005899705014749263
9109,0.0,0.0,0.0,0.0,0.0,0.0
9110,0.0,0.0,0.0,0.0,0.0,0.0
9111,0.0,0.0,0.0,0.21660649819494585,0.0,0.0
9112,0.0,0.0,0.0,0.06476484194294525,0.0,0.0
9113,0.0,0.0,0.0,0.2867132867132867,0.04895104895104895,0.02797202797202797
9114,0.0,0.0,0.0,0.0,0.0,0.0
9115,0.0,0.0,0.0,0.036427732079906,0.0,0.0
9116,0.04572396274343776,0.007620660457239628,0.007620660457239628,0.038950042337002534,0.0,0.0
9117,0.0,0.0,0.0,0.0,0.0,0.0
9118,0.0,0.0,0.0,0.0,0.0,0.0
9119,0.0,0.0,0.0,0.006497022198159177,0.0,0.0
9120,0.0,0.0,0.0,0.0,0.0,0.0
9121,0.0,0.0,0.0,0.0,0.0,0.0
9122,0.0,0.0,0.0,0.035398230088495575,0.0,0.0
9123,0.0,0.0,0.0,0.09673202614379084,0.0,0.0
9124,0.0,0.0,0.0,0.1807909604519774,0.0,0.0
9125,0.0,0.0,0.0,0.0,0.0,0.0
9126,0.0,0.0,0.0,0.0,0.0,0.0
9127,0.0,0.0,0.0,0.030877192982456145,0.0,0.0
9128,0.0,0.0,0.0,0.02350176263219741,0.0,0.0
9129,0.0,0.0,0.0,0.04790419161676647,0.0,0.0
9130,0.0,0.0,0.0,0.0,0.0,0.0
9131,0.0,0.0,0.0,0.0,0.0,0.0
9132,0.0,0.0,0.0,0.0,0.0,0.0
9133,0.0,0.0,0.0,0.0,0.0,0.0
9134,0.0,0.0,0.0,0.0,0.0,0.0
9135,0.0,0.0,0.0,0.0,0.0,0.0
9136,0.0,0.0,0.0,0.0,0.0,0.0
9137,0.0,0.0,0.0,0.0,0.0,0.0
9138,0.0,0.0,0.0,0.0,0.0,0.0
9139,0.06575342465753424,0.0,0.0,0.3438356164383561,0.0013698630136986301,0.0
9140,0.0,0.0,0.0,0.0,0.0,0.0
9141,0.0,0.0,0.0,0.001395673412421493,0.0,0.0
9142,0.0,0.0,0.0,0.0,0.0,0.0
9143,0.0,0.0,0.0,0.009523809523809523,0.0,0.0
9144,0.0,0.0,0.0,0.0,0.0,0.0
9145,0.02518891687657431,0.0,0.0,0.03778337531486146,0.0,0.0
9146,0.0,0.0,0.0,0.0,0.0,0.0
9147,0.0,0.0,0.0,0.04564315352697095,0.0,0.0
9148,0.0,0.0,0.0,0.005291005291005291,0.0,0.0
9149,0.0,0.0,0.0,0.00461361014994233,0.0,0.0
9150,0.0,0.0,0.0,0.2171532846715329,0.0,0.0
9151,0.0,0.0,0.0,0.0,0.0,0.0
9152,0.0,0.0,0.0,0.0,0.0,0.0
9153,0.0,0.0,0.0,0.032916392363396975,0.0,0.0
9154,0.0,0.0,0.0,0.0,0.0,0.0
9155,0.0,0.0,0.0,0.0,0.0,0.0
9156,0.0,0.0,0.0,0.007704160246533128,0.0,0.0
9157,0.0,0.0,0.0,0.0015564202334630351,0.0,0.0
9158,0.0,0.0,0.0,0.1134020618556701,0.0,0.0
9159,0.0,0.0,0.0,0.0,0.0,0.0
9160,0.0,0.0,0.0,0.0,0.0,0.0
9161,0.0,0.0,0.0,0.0,0.0,0.0
9162,0.0,0.0,0.0,0.0,0.0,0.0
9163,0.17587939698492466,0.0,0.0,0.2613065326633166,0.0,0.0
9164,0.0,0.0,0.0,0.08622147083685545,0.0,0.0
9165,0.0,0.0,0.0,0.0,0.0,0.0
9166,0.0,0.0,0.0,0.0,0.0,0.0
9167,0.0,0.0,0.0,0.08969210174029453,0.0,0.0
9168,0.0,0.0,0.0,0.01702127659574468,0.0,0.0
9169,0.0,0.0,0.0,0.0,0.0,0.0
9170,0.0,0.0,0.0,0.0,0.0,0.0
9171,0.0,0.0,0.0,0.0,0.0,0.0
9172,0.0,0.0,0.0,0.0,0.0,0.0
9173,0.0,0.0,0.0,0.0,0.0,0.0
9174,0.0,0.0,0.0,0.0,0.0,0.0
9175,0.0,0.0,0.0,0.0703030303030303,0.0,0.0
9176,0.0,0.0,0.0,0.04108681245858184,0.0,0.0
9177,0.0,0.0,0.0,0.2352941176470588,0.0,0.0
9178,0.0,0.0,0.0,0.08535564853556485,0.0,0.0
9179,0.0,0.0,0.0,0.0,0.0,0.0
9180,0.0,0.0,0.0,0.029359953024075163,0.0,0.0
9181,0.0,0.0,0.0,0.0,0.0,0.0
9182,0.0,0.0,0.0,0.032,0.0,0.0
9183,0.0,0.0,0.0,0.0,0.0,0.0
9184,0.0,0.0,0.0,0.06194690265486725,0.0,0.0
9185,0.0,0.0,0.0,0.0,0.0,0.0
9186,0.0,0.0,0.0,0.0,0.0,0.0
9187,0.0,0.0,0.0,0.0,0.0,0.0
9188,0.0,0.0,0.0,0.0,0.0,0.0
9189,0.0,0.0,0.0,0.0,0.0,0.0
9190,0.0,0.0,0.0,0.0,0.0,0.0
9191,0.0,0.0,0.0,0.0,0.0,0.0
9192,0.0,0.0,0.0,0.013774104683195593,0.0,0.0
9193,0.0,0.0,0.0,0.07725947521865889,0.0,0.0
9194,0.0,0.0,0.0,0.0,0.0,0.0
9195,0.0,0.0,0.0,0.038768529076396815,0.0,0.0
9196,0.0,0.0,0.0,0.15721231766612642,0.0,0.0
9197,0.0,0.0,0.0,0.01607717041800643,0.0,0.0
9198,0.0,0.0,0.0,0.061728395061728385,0.0,0.0
9199,0.0,0.0,0.0,0.0,0.0,0.0
9200,0.0,0.0,0.0,0.021739130434782608,0.0,0.0
9201,0.0,0.0,0.0,0.0018814675446848547,0.0,0.0
9202,0.0,0.0,0.0,0.0,0.0,0.0
9203,0.0,0.0,0.0,0.0,0.0,0.0
9204,0.0,0.0,0.0,0.0,0.0,0.0
9205,0.0,0.0,0.0,0.17158176943699732,0.0,0.0
9206,0.0,0.0,0.0,0.011741682974559686,0.0,0.0
9207,0.0,0.0,0.0,0.04880382775119617,0.0,0.0
9208,0.0,0.0,0.0,0.0,0.0,0.0
9209,0.0,0.0,0.0,0.012738853503184714,0.0,0.0
9210,0.0,0.0,0.0,0.07935285053929121,0.0,0.0
9211,0.0,0.0,0.0,0.0,0.0,0.0
9212,0.0,0.0,0.0,0.0,0.0,0.0
9213,0.0,0.0,0.0,0.0,0.0,0.0
9214,0.0,0.0,0.0,0.0,0.0,0.0
9215,0.0,0.0,0.0,0.2,0.0,0.0
9216,0.0,0.0,0.0,0.0,0.0,0.0
9217,0.0,0.0,0.0,0.0,0.0,0.0
9218,0.0,0.0,0.0,0.05642023346303503,0.0,0.0
9219,0.0,0.0,0.0,0.0,0.0,0.0
9220,0.0,0.0,0.0,0.0,0.0,0.0
9221,0.0,0.0,0.0,0.16619718309859155,0.0,0.0
9222,0.0,0.0,0.0,0.15201900237529692,0.0,0.0
9223,0.0,0.0,0.0,0.078125,0.0,0.0
9224,0.0,0.0,0.0,0.05870445344129555,0.0,0.0
9225,0.0,0.0,0.0,0.016404647983595352,0.0,0.0
9226,0.037414965986394565,0.0,0.0,0.15192743764172334,0.013605442176870748,0.013605442176870748
9227,0.0,0.0,0.0,0.046719681908548714,0.0,0.0
9228,0.0,0.0,0.0,0.0,0.0,0.0
9229,0.0,0.0,0.0,0.0,0.0,0.0
9230,0.0,0.0,0.0,0.0,0.0,0.0
9231,0.0,0.0,0.0,0.0,0.0,0.0
9232,0.0,0.0,0.0,0.004069767441860465,0.0,0.0
9233,0.0,0.0,0.0,0.0,0.0,0.0
9234,0.0,0.0,0.0,0.0,0.0,0.0
9235,0.0,0.0,0.0,0.0,0.0,0.0
9236,0.0,0.0,0.0,0.0,0.0,0.0
9237,0.0,0.0,0.0,0.0,0.0,0.0
9238,0.0,0.0,0.0,0.0,0.0,0.0
9239,0.0,0.0,0.0,0.0,0.0,0.0
9240,0.0,0.0,0.0,0.01237842617152962,0.0,0.0
9241,0.0,0.0,0.0,0.006661732050333087,0.0,0.0
9242,0.0,0.0,0.0,0.0,0.0,0.0
9243,0.0,0.0,0.0,0.045454545454545456,0.0,0.0
9244,0.0,0.0,0.0,0.0380650277557494,0.0,0.0
9245,0.0,0.0,0.0,0.0,0.0,0.0
9246,0.0,0.0,0.0,0.0,0.0,0.0
9247,0.0,0.0,0.0,0.0,0.0,0.0
9248,0.0,0.0,0.0,0.0,0.0,0.0
9249,0.0,0.0,0.0,0.0,0.0,0.0
9250,0.0,0.0,0.0,0.038539553752535496,0.0,0.0
9251,0.0,0.0,0.0,0.0078397212543554,0.0,0.0
9252,0.0,0.0,0.0,0.03319502074688797,0.0,0.0
9253,0.0,0.0,0.0,0.13532934131736524,0.0,0.0
9254,0.0,0.0,0.0,0.057502246181491475,0.0,0.0
9255,0.0,0.0,0.0,0.0,0.0,0.0
9256,0.0,0.0,0.0,0.01363962670495334,0.0,0.0
9257,0.0,0.0,0.0,0.0018148820326678765,0.0,0.0
9258,0.0,0.0,0.0,0.011119936457505955,0.0,0.0
9259,0.0,0.0,0.0,0.0,0.0,0.0
9260,0.0,0.0,0.0,0.01383508577753182,0.0,0.0
9261,0.0,0.0,0.0,0.0,0.0,0.0
9262,0.0,0.0,0.0,0.16149635036496351,0.0,0.0
9263,0.0,0.0,0.0,0.0,0.0,0.0
9264,0.0,0.0,0.0,0.0,0.0,0.0
9265,0.0,0.0,0.0,0.425249169435216,0.0,0.0
9266,0.0,0.0,0.0,0.04424103737604882,0.0,0.0
9267,0.0,0.0,0.0,0.002466091245376079,0.0,0.0
9268,0.0,0.0,0.0,0.04120171673819743,0.0,0.0
9269,0.0,0.0,0.0,0.15398230088495574,0.0,0.0
9270,0.0,0.0,0.0,0.0,0.0,0.0
9271,0.0,0.0,0.0,0.0,0.0,0.0
9272,0.0,0.0,0.0,0.0,0.0,0.0
9273,0.0,0.0,0.0,0.0,0.0,0.0
9274,0.0,0.0,0.0,0.1152073732718894,0.0,0.0
9275,0.0,0.0,0.0,0.5231788079470199,0.0,0.0
9276,0.0,0.0,0.0,0.0,0.0,0.0
9277,0.0,0.0,0.0,0.04892367906066536,0.0,0.0
9278,0.0,0.0,0.0,0.0,0.0,0.0
9279,0.0,0.0,0.0,0.0,0.0,0.0
9280,0.0,0.0,0.0,0.0825242718446602,0.0,0.0
9281,0.0,0.0,0.0,0.0,0.0,0.0
9282,0.0,0.0,0.0,0.0,0.0,0.0
9283,0.0,0.0,0.0,0.0,0.0,0.0
9284,0.0,0.0,0.0,0.0,0.0,0.0
9285,0.0,0.0,0.0,0.24444444444444444,0.0,0.0
9286,0.0,0.0,0.0,0.00495458298926507,0.0,0.0
9287,0.0,0.0,0.0,0.0,0.0,0.0
9288,0.0,0.0,0.0,0.0,0.0,0.0
9289,0.0,0.0,0.0,0.0,0.0,0.0
9290,0.0,0.0,0.0,0.0,0.0,0.0
9291,0.0,0.0,0.0,0.0,0.0,0.0
9292,0.0,0.0,0.0,0.0,0.0,0.0
9293,0.0,0.0,0.0,0.0,0.0,0.0
9294,0.0,0.0,0.0,0.0,0.0,0.0
9295,0.0,0.0,0.0,0.1875,0.0,0.0
9296,0.0,0.0,0.0,0.0,0.0,0.0
9297,0.0,0.0,0.0,0.0,0.0,0.0
9298,0.0,0.0,0.0,0.03791469194312797,0.0,0.0
9299,0.0,0.0,0.0,0.0,0.0,0.0
9300,0.0,0.0,0.0,0.0,0.0,0.0
9301,0.0,0.0,0.0,0.016860465116279068,0.0,0.0
9302,0.0,0.0,0.0,0.0,0.0,0.0
9303,0.0,0.0,0.0,0.0,0.0,0.0
9304,0.0,0.0,0.0,0.0,0.0,0.0
9305,0.0,0.0,0.0,0.004885993485342019,0.0,0.0
9306,0.0,0.0,0.0,0.06991525423728813,0.0,0.0
9307,0.0,0.0,0.0,0.0,0.0,0.0
9308,0.0,0.0,0.0,0.0,0.0,0.0
9309,0.0,0.0,0.0,0.0,0.0,0.0
9310,0.0,0.0,0.0,0.008885298869143781,0.0,0.0
9311,0.0,0.0,0.0,0.0,0.0,0.0
9312,0.0,0.0,0.0,0.037383177570093455,0.0,0.0
9313,0.0,0.0,0.0,0.0,0.0,0.0
9314,0.0,0.0,0.0,0.0,0.0,0.0
9315,0.0,0.0,0.0,0.0,0.0,0.0
9316,0.0,0.0,0.0,0.04218106995884774,0.0,0.0
9317,0.027491408934707903,0.0,0.0,0.08419243986254296,0.027491408934707903,0.027491408934707903
9318,0.0,0.0,0.0,0.0316622691292876,0.0,0.0
9319,0.0,0.0,0.0,0.0,0.0,0.0
9320,0.0,0.0,0.0,0.0,0.0,0.0
9321,0.0,0.0,0.0,0.009345794392523364,0.0,0.0
9322,0.0,0.0,0.0,0.12461059190031153,0.0,0.0
9323,0.0,0.0,0.0,0.0,0.0,0.0
9324,0.0,0.0,0.0,0.2352941176470588,0.0784313725490196,0.0
9325,0.0,0.0,0.0,0.0,0.0,0.0
9326,0.0,0.0,0.0,0.0,0.0,0.0
9327,0.0,0.0,0.0,0.0,0.0,0.0
9328,0.0,0.0,0.0,0.0,0.0,0.0
9329,0.0,0.0,0.0,0.029470864032150032,0.0,0.0
9330,0.0,0.0,0.0,0.03555555555555556,0.0,0.0
9331,0.0,0.0,0.0,0.0,0.0,0.0
9332,0.0,0.0,0.0,0.0,0.0,0.0
9333,0.0,0.0,0.0,0.0,0.0,0.0
9334,0.0,0.0,0.0,0.0,0.0,0.0
9335,0.0,0.0,0.0,0.0,0.0,0.0
9336,0.0,0.0,0.0,0.05555555555555555,0.0,0.0
9337,0.0,0.0,0.0,0.0,0.0,0.0
9338,0.0,0.0,0.0,0.005144694533762058,0.0,0.0
9339,0.0,0.0,0.0,0.03875968992248062,0.0,0.0
9340,0.0,0.0,0.0,0.0,0.0,0.0
9341,0.0,0.0,0.0,0.2317880794701987,0.052980132450331126,0.052980132450331126
9342,0.0,0.0,0.0,0.0,0.0,0.0
9343,0.0,0.0,0.0,0.0,0.0,0.0
9344,0.0,0.0,0.0,0.0005081300813008131,0.0,0.0
9345,0.0,0.0,0.0,0.0744920993227991,0.0,0.0
9346,0.0,0.0,0.0,0.08571428571428573,0.0,0.0
9347,0.0,0.0,0.0,0.014652014652014654,0.0,0.0
9348,0.0,0.0,0.0,0.0010928961748633882,0.0,0.0
9349,0.0,0.0,0.0,0.0,0.0,0.0
9350,0.0,0.0,0.0,0.017670157068062832,0.0,0.0
9351,0.0,0.0,0.0,0.0,0.0,0.0
9352,0.0,0.0,0.0,0.0,0.0,0.0
9353,0.0,0.0,0.0,0.0,0.0,0.0
9354,0.0,0.0,0.0,0.0,0.0,0.0
9355,0.0,0.0,0.0,0.0,0.0,0.0
9356,0.0,0.02339776195320448,0.0,0.266531027466938,0.0,0.0
9357,0.0,0.0,0.0,0.027027027027027032,0.0,0.0
9358,0.0,0.0,0.0,0.22440087145969495,0.0,0.0
9359,0.0,0.0,0.0,0.0,0.0,0.0
9360,0.0,0.0,0.0,0.018087855297157618,0.0,0.0
9361,0.0,0.0,0.0,0.036764705882352935,0.0,0.0
9362,0.0,0.0,0.0,0.0,0.0,0.0
9363,0.0,0.0,0.0,0.018433179723502304,0.0,0.0
9364,0.0,0.0,0.0,0.039553752535496964,0.0,0.0
9365,0.0,0.0,0.0,0.0,0.0,0.0
9366,0.0,0.0,0.0,0.0,0.0,0.0
9367,0.0,0.0,0.0,0.0,0.0,0.0
9368,0.0,0.0,0.0,0.014049586776859505,0.0,0.0
9369,0.0,0.0,0.0,0.050373134328358216,0.0,0.0
9370,0.0,0.0,0.0,0.0,0.0,0.0
9371,0.0,0.0,0.0,0.0,0.0,0.0
9372,0.0,0.0,0.0,0.01885014137606032,0.0,0.0
9373,0.0,0.0,0.0,0.0,0.0,0.0
9374,0.0,0.0,0.0,0.0,0.0,0.0
9375,0.0,0.0,0.0,0.27149964463397297,0.0,0.0
9376,0.0,0.0,0.0,0.0,0.0,0.0
9377,0.0,0.0,0.0,0.025443330763299923,0.0,0.0
9378,0.0,0.0,0.0,0.0,0.0,0.0
9379,0.0,0.0,0.0,0.0,0.0,0.0
9380,0.0,0.0,0.0,0.05035971223021583,0.0,0.0
9381,0.2375,0.05,0.05,0.1125,0.0,0.0
9382,0.0,0.0,0.0,0.0,0.0,0.0
9383,0.0,0.0,0.0,0.1464699683877766,0.0,0.0
9384,0.0,0.0,0.0,0.0,0.0,0.0
9385,0.0,0.0,0.0,0.0,0.0,0.0
9386,0.0,0.0,0.0,0.026490066225165563,0.0,0.0
9387,0.0,0.0,0.0,0.0,0.0,0.0
9388,0.0,0.0,0.0,0.0,0.0,0.0
9389,0.0,0.0,0.0,0.008361204013377926,0.0,0.0
9390,0.0,0.0,0.0,0.0,0.0,0.0
9391,0.0,0.0,0.0,0.0,0.0,0.0
9392,0.0,0.0,0.0,0.02556818181818182,0.0,0.0
9393,0.0,0.0,0.0,0.0,0.0,0.0
9394,0.0,0.0,0.0,0.16666666666666666,0.0,0.0
9395,0.0,0.0,0.0,0.0,0.0,0.0
9396,0.0,0.0,0.0,0.0,0.0,0.0
9397,0.0,0.0,0.0,0.0,0.0,0.0
9398,0.0,0.0,0.0,0.0,0.0,0.0
9399,0.0,0.0,0.0,0.0,0.0,0.0
9400,0.0,0.0,0.0,0.21621621621621626,0.0,0.0
9401,0.0,0.0,0.0,0.08717948717948718,0.0,0.0
9402,0.0,0.0,0.0,0.0,0.0,0.0
9403,0.0,0.0,0.0,0.2236842105263158,0.0,0.0
9404,0.0,0.0,0.0,0.0,0.0,0.0
9405,0.0,0.0,0.0,0.04693877551020408,0.0,0.0
9406,0.0,0.0,0.0,0.0,0.0,0.0
9407,0.0,0.0,0.0,0.0,0.0,0.0
9408,0.0,0.0,0.0,0.029947916666666668,0.0,0.0
9409,0.0,0.0,0.0,0.0,0.0,0.0
9410,0.0,0.0,0.0,0.033013205282112844,0.0,0.0
9411,0.0,0.0,0.0,0.24468085106382975,0.0,0.0
9412,0.0,0.0,0.0,0.06261022927689594,0.0,0.0
9413,0.0,0.0,0.0,0.004484304932735426,0.0,0.0
9414,0.0,0.0,0.0,0.0,0.0,0.0
9415,0.0,0.0,0.0,0.01947368421052632,0.0,0.0
9416,0.0,0.0,0.0,0.007444168734491316,0.0,0.0
9417,0.0,0.0,0.0,0.0,0.0,0.0
9418,0.0,0.0,0.0,0.010526315789473684,0.0,0.0
9419,0.0,0.0,0.0,0.0,0.0,0.0
9420,0.0,0.0,0.0,0.0,0.0,0.0
9421,0.0,0.0,0.0,0.0,0.0,0.0
9422,0.0,0.0,0.0,0.0,0.0,0.0
9423,0.0,0.0,0.0,0.0,0.0,0.0
9424,0.0,0.0,0.0,0.0,0.0,0.0
9425,0.0,0.0,0.0,0.0,0.0,0.0
9426,0.0,0.0,0.0,0.0,0.0,0.0
9427,0.0,0.0,0.0,0.0,0.0,0.0
9428,0.0,0.0,0.0,0.0,0.0,0.0
9429,0.0,0.0,0.0,0.0,0.0,0.0
9430,0.0,0.0,0.0,0.2554890219560878,0.0,0.0
9431,0.0,0.0,0.0,0.0,0.0,0.0
9432,0.0,0.0,0.0,0.0,0.0,0.0
9433,0.0,0.0,0.0,0.0,0.0,0.0
9434,0.0,0.0,0.0,0.0,0.0,0.0
9435,0.0,0.0,0.0,0.16917922948073702,0.0,0.0
9436,0.0,0.0,0.0,0.0,0.0,0.0
9437,0.0,0.0,0.0,0.0,0.0,0.0
9438,0.0,0.0,0.0,0.2222222222222222,0.0,0.0
9439,0.0,0.0,0.0,0.3783783783783784,0.0,0.0
9440,0.0,0.0,0.0,0.0,0.0,0.0
9441,0.0,0.0,0.0,0.0068836045056320395,0.0,0.0
9442,0.0,0.0,0.0,0.29747530186608123,0.0,0.0
9443,0.0,0.0,0.0,0.0,0.0,0.0
9444,0.0,0.0,0.0,0.0,0.0,0.0
9445,0.0,0.0,0.0,0.0,0.0,0.0
9446,0.0,0.0,0.0,0.0592823712948518,0.0,0.0
9447,0.0,0.0,0.0,0.09163346613545817,0.0,0.0
9448,0.0,0.0,0.0,0.0,0.0,0.0
9449,0.0,0.0,0.0,0.0,0.0,0.0
9450,0.0,0.0,0.0,0.008818342151675485,0.0,0.0
9451,0.0,0.0,0.0,0.0,0.0,0.0
9452,0.0,0.0,0.0,0.0,0.0,0.0
9453,0.0,0.0,0.0,0.0,0.0,0.0
9454,0.0,0.0,0.0,0.0,0.0,0.0
9455,0.0,0.0,0.0,0.0,0.0,0.0
9456,0.0,0.0,0.0,0.0,0.0,0.0
9457,0.0,0.0,0.0,0.23448275862068965,0.0,0.0
9458,0.0,0.0,0.0,0.048908296943231434,0.0,0.0
9459,0.0,0.0,0.0,0.07951070336391437,0.0,0.0
9460,0.0,0.0,0.0,0.0,0.0,0.0
9461,0.0,0.0,0.0,0.0,0.0,0.0
9462,0.0,0.0,0.0,0.037037037037037035,0.0,0.0
9463,0.0,0.0,0.0,0.10144927536231883,0.0,0.0
9464,0.0,0.0,0.0,0.05985915492957746,0.0,0.0
9465,0.0,0.0,0.0,0.0,0.0,0.0
9466,0.0,0.0,0.0,0.0,0.0,0.0
9467,0.0,0.0,0.0,0.13096695226438188,0.0,0.0
9468,0.0,0.0,0.0,0.04318936877076412,0.0,0.0
9469,0.0,0.0,0.0,0.0,0.0,0.0
9470,0.0,0.0,0.0,0.013022618231665523,0.0,0.0
9471,0.0,0.0,0.0,0.0,0.0,0.0
9472,0.0,0.0,0.0,0.2,0.0,0.0
9473,0.0974025974025974,0.0,0.0,0.0,0.0,0.0
9474,0.0,0.0,0.0,0.0,0.0,0.0
9475,0.0,0.0,0.0,0.0,0.0,0.0
9476,0.0,0.0,0.0,0.0,0.0,0.0
9477,0.0,0.0,0.0,0.0,0.0,0.0
9478,0.0,0.0,0.0,0.02832244008714597,0.0,0.0
9479,0.0,0.0,0.0,0.0,0.0,0.0
9480,0.0,0.0,0.0,0.3445378151260504,0.0,0.0
9481,0.0,0.0,0.0,0.04172876304023845,0.0,0.0
9482,0.0,0.0,0.0,0.0,0.0,0.0
9483,0.0,0.0,0.0,0.0068376068376068385,0.0,0.0
9484,0.0,0.0,0.0,0.04462659380692168,0.0,0.0
9485,0.0,0.0,0.0,0.0,0.0,0.0
9486,0.06094808126410835,0.03160270880361174,0.03160270880361174,0.05417607223476298,0.0,0.0
9487,0.015546639919759278,0.0,0.0,0.03961885656970913,0.0,0.0
9488,0.08333333333333333,0.0,0.0,0.39166666666666666,0.0,0.0
9489,0.0,0.0,0.0,0.5,0.0,0.0
9490,0.0,0.0,0.0,0.03825857519788918,0.0,0.0
9491,0.0,0.0,0.0,0.12777777777777774,0.0,0.0
9492,0.0,0.0,0.0,0.0,0.0,0.0
9493,0.0,0.0,0.0,0.0,0.0,0.0
9494,0.0,0.0,0.0,0.0,0.0,0.0
9495,0.0,0.0,0.0,0.0,0.0,0.0
9496,0.0,0.0,0.0,0.2136363636363636,0.0,0.0
9497,0.0,0.0,0.0,0.0,0.0,0.0
9498,0.0,0.0,0.0,0.08576998050682261,0.0,0.0
9499,0.0,0.0,0.0,0.0,0.0,0.0
9500,0.0,0.0,0.0,0.0,0.0,0.0
9501,0.0,0.0,0.0,0.0,0.0,0.0
9502,0.0,0.0,0.0,0.0,0.0,0.0
9503,0.0,0.0,0.0,0.0,0.0,0.0
9504,0.0,0.0,0.0,0.2896174863387978,0.0,0.0
9505,0.0,0.0,0.0,0.0,0.0,0.0
9506,0.0,0.0,0.0,0.012976480129764802,0.0,0.0
9507,0.0,0.0,0.0,0.0,0.0,0.0
9508,0.0,0.0,0.0,0.007441860465116278,0.0,0.0
9509,0.0,0.0,0.0,0.0,0.0,0.0
9510,0.0,0.0,0.0,0.05084745762711865,0.0,0.0
9511,0.0,0.0,0.0,0.0,0.0,0.0
9512,0.0,0.0,0.0,0.0,0.0,0.0
9513,0.0,0.0,0.0,0.0,0.0,0.0
9514,0.0,0.0,0.0,0.019417475728155338,0.0,0.0
9515,0.0,0.0,0.0,0.0,0.0,0.0
9516,0.0,0.0,0.0,0.04658077304261645,0.0,0.0
9517,0.0,0.0,0.0,0.019033674963396783,0.0,0.0
9518,0.0,0.0,0.0,0.015287769784172662,0.0,0.0
9519,0.0,0.0,0.0,0.06684856753069578,0.0,0.0
9520,0.0,0.0,0.0,0.0,0.0,0.0
9521,0.020320855614973262,0.0,0.0,0.04385026737967915,0.0,0.0
9522,0.0,0.0,0.0,0.10526315789473684,0.0,0.0
9523,0.0,0.0,0.0,0.0,0.0,0.0
9524,0.0,0.0,0.0,0.0,0.0,0.0
9525,0.0,0.0,0.0,0.0,0.0,0.0
9526,0.0,0.0,0.0,0.0,0.0,0.0
9527,0.0,0.0,0.0,0.0,0.0,0.0
9528,0.0,0.0,0.0,0.0,0.0,0.0
9529,0.0,0.0,0.0,0.10884353741496597,0.0,0.0
9530,0.0,0.0,0.0,0.0,0.0,0.0
9531,0.0,0.0,0.0,0.06807511737089203,0.0,0.0
9532,0.0,0.0,0.0,0.01586433260393873,0.0,0.0
9533,0.0,0.0,0.0,0.062054208273894434,0.0,0.0
9534,0.0,0.0,0.0,0.0,0.0,0.0
9535,0.0,0.0,0.0,0.0,0.0,0.0
9536,0.0,0.0,0.0,0.18974358974358974,0.0,0.0
9537,0.0,0.0,0.0,0.2171945701357466,0.0,0.0
9538,0.0,0.0,0.0,0.0,0.0,0.0
9539,0.0,0.0,0.0,0.03852889667250438,0.0,0.0
9540,0.0,0.0,0.0,0.38461538461538464,0.0,0.0
9541,0.0,0.0,0.0,0.0,0.0,0.0
9542,0.0,0.0,0.0,0.0,0.0,0.0
9543,0.0,0.0,0.0,0.0,0.0,0.0
9544,0.0,0.0,0.0,0.0731070496083551,0.0,0.0
9545,0.0,0.0,0.0,0.0,0.0,0.0
9546,0.0,0.0,0.0,0.046169989506820566,0.0,0.0
9547,0.0,0.0,0.0,0.0,0.0,0.0
9548,0.0,0.0,0.0,0.0,0.0,0.0
9549,0.0,0.0,0.0,0.02843601895734597,0.0,0.0
9550,0.0,0.0,0.0,0.0,0.0,0.0
9551,0.0,0.0,0.0,0.018666666666666668,0.0,0.0
9552,0.0,0.0,0.0,0.05712050078247261,0.0,0.0
9553,0.0,0.0,0.0,0.3623188405797101,0.0,0.0
9554,0.0,0.0,0.0,0.0,0.0,0.0
9555,0.0,0.0,0.0,0.0,0.0,0.0
9556,0.0,0.0,0.0,0.0,0.0,0.0
9557,0.0,0.0,0.0,0.0,0.0,0.0
9558,0.0,0.0,0.0,0.0,0.0,0.0
9559,0.0,0.0,0.0,0.0,0.0,0.0
9560,0.0,0.0,0.0,0.0,0.0,0.0
9561,0.0,0.0,0.0,0.0,0.0,0.0
9562,0.0,0.0,0.0,0.0,0.0,0.0
9563,0.0,0.0,0.0,0.0,0.0,0.0
9564,0.0,0.0,0.0,0.01461038961038961,0.0,0.0
9565,0.0,0.0,0.0,0.0,0.0,0.0
9566,0.0,0.0,0.0,0.043029259896729774,0.0,0.0
9567,0.0,0.0,0.0,0.0,0.0,0.0
9568,0.0,0.0,0.0,0.0,0.0,0.0
9569,0.0,0.0,0.0,0.0,0.0,0.0
9570,0.0,0.0,0.0,0.0,0.0,0.0
9571,0.0,0.0,0.0,0.0,0.0,0.0
9572,0.0,0.0,0.0,0.0,0.0,0.0
9573,0.0,0.0,0.0,0.1576923076923077,0.0,0.0
9574,0.0,0.0,0.0,0.0,0.0,0.0
9575,0.0,0.0,0.0,0.4615384615384616,0.0,0.0
9576,0.0,0.0,0.0,0.11064189189189187,0.0,0.0
9577,0.0,0.0,0.0,0.0,0.0,0.0
9578,0.0,0.0,0.0,0.21359223300970875,0.0,0.0
9579,0.0,0.0,0.0,0.12868852459016394,0.0,0.0
9580,0.02880658436213992,0.0,0.0,0.07133058984910838,0.0,0.0
9581,0.0,0.0,0.0,0.0,0.0,0.0
9582,0.0,0.0,0.0,0.0,0.0,0.0
9583,0.0,0.0,0.0,0.056865464632454926,0.0,0.0
9584,0.0,0.0,0.0,0.0,0.0,0.0
9585,0.0,0.0,0.0,0.04166666666666666,0.0,0.0
9586,0.0,0.0,0.0,0.0,0.0,0.0
9587,0.0,0.0,0.0,0.1111111111111111,0.0,0.0
9588,0.0,0.0,0.0,0.0,0.0,0.0
9589,0.0,0.0,0.0,0.04538341158059468,0.0,0.0
9590,0.0,0.0,0.0,0.0,0.0,0.0
9591,0.0,0.0,0.0,0.0,0.0,0.0
9592,0.0,0.0,0.0,0.0,0.0,0.0
9593,0.0,0.0,0.0,0.13948646773074255,0.0,0.0
9594,0.0,0.0,0.0,0.2960725075528701,0.006042296072507553,0.0
9595,0.0,0.0,0.0,0.03660322108345535,0.0,0.0
9596,0.0,0.0,0.0,0.045248868778280535,0.0,0.0
9597,0.0,0.0,0.0,0.0,0.0,0.0
9598,0.0,0.0,0.0,0.0,0.0,0.0
9599,0.06490066225165562,0.0,0.0,0.209271523178808,0.0,0.0
9600,0.0,0.0,0.0,0.12941176470588234,0.0,0.0
9601,0.0,0.0,0.0,0.0,0.0,0.0
9602,0.0,0.0,0.0,0.0,0.0,0.0
9603,0.0,0.0,0.0,0.0,0.0,0.0
9604,0.0,0.0,0.0,0.0,0.0,0.0
9605,0.0,0.0,0.0,0.0,0.0,0.0
9606,0.0,0.0,0.0,0.0,0.0,0.0
9607,0.0,0.0,0.0,0.0,0.0,0.0
9608,0.0,0.0,0.0,0.3009883198562444,0.0,0.0
9609,0.0,0.0,0.0,0.0,0.0,0.0
9610,0.0,0.0,0.0,0.0,0.0,0.0
9611,0.0,0.0,0.0,0.0,0.0,0.0
9612,0.0,0.0,0.0,0.0022740193291642978,0.0,0.0
9613,0.0,0.0,0.0,0.0,0.0,0.0
9614,0.0,0.0,0.0,0.0,0.0,0.0
9615,0.0,0.0,0.0,0.04302019315188762,0.0,0.0
9616,0.0,0.0,0.0,0.04814004376367615,0.0,0.0
9617,0.0,0.0,0.0,0.0,0.0,0.0
9618,0.0,0.0,0.0,0.0,0.0,0.0
9619,0.0,0.0,0.0,0.02083333333333333,0.02083333333333333,0.0
9620,0.0,0.0,0.0,0.0,0.0,0.0
9621,0.0,0.0,0.0,0.0,0.0,0.0
9622,0.0,0.0,0.0,0.0425531914893617,0.0,0.0
9623,0.0,0.0,0.0,0.0,0.0,0.0
9624,0.0,0.0,0.0,0.3204272363150868,0.0,0.0
9625,0.0,0.0,0.0,0.0,0.0,0.0
9626,0.0,0.0,0.0,0.0,0.0,0.0
9627,0.0,0.0,0.0,0.0,0.0,0.0
9628,0.0,0.0,0.0,0.005899705014749263,0.0,0.0
9629,0.041338582677165364,0.0,0.0,0.05708661417322835,0.021653543307086614,0.021653543307086614
9630,0.0,0.0,0.0,0.0,0.0,0.0
9631,0.0,0.0,0.0,0.0,0.0,0.0
9632,0.0,0.0,0.0,0.014096916299559472,0.0,0.0
9633,0.0,0.0,0.0,0.0,0.0,0.0
9634,0.0,0.0,0.0,0.0,0.0,0.0
9635,0.0,0.0,0.0,0.03773584905660377,0.0,0.0
9636,0.0,0.0,0.0,0.0,0.0,0.0
9637,0.0,0.0,0.0,0.0,0.0,0.0
9638,0.0,0.0,0.0,0.10510046367851623,0.0,0.0
9639,0.0,0.0,0.0,0.0,0.0,0.0
9640,0.0,0.0,0.0,0.14814814814814814,0.0,0.0
9641,0.0,0.0,0.0,0.0,0.0,0.0
9642,0.0,0.0,0.0,0.037067545304777585,0.0,0.0
9643,0.0,0.0,0.0,0.0,0.0,0.0
9644,0.0,0.0,0.0,0.0007987220447284345,0.0,0.0
9645,0.0,0.0,0.0,0.0,0.0,0.0
9646,0.0,0.0,0.0,0.017272185824895772,0.0,0.0
9647,0.0,0.0,0.0,0.017857142857142856,0.0,0.0
9648,0.0,0.0,0.0,0.015151515151515154,0.0,0.0
9649,0.0,0.0,0.0,0.0,0.0,0.0
9650,0.0,0.0,0.0,0.00632411067193676,0.0,0.0
9651,0.0,0.0,0.0,0.0,0.0,0.0
9652,0.0,0.0,0.0,0.0,0.0,0.0
9653,0.0,0.0,0.0,0.0220820189274448,0.0,0.0
9654,0.0,0.0,0.0,0.003714020427112349,0.0,0.0
9655,0.0,0.0,0.0,0.009234828496042216,0.0,0.0
9656,0.0,0.0,0.0,0.12871287128712872,0.0,0.0
9657,0.0,0.0,0.0,0.0,0.0,0.0
9658,0.0,0.0,0.0,0.07291666666666667,0.0,0.0
9659,0.0,0.0,0.0,0.06435643564356436,0.0,0.0
9660,0.0,0.0,0.0,0.0,0.0,0.0
9661,0.0,0.0,0.0,0.013432835820895522,0.0,0.0
9662,0.0,0.0,0.0,0.0,0.0,0.0
9663,0.0,0.0,0.0,0.04310344827586207,0.0,0.0
9664,0.0,0.0,0.0,0.0,0.0,0.0
9665,0.0,0.0,0.0,0.4736842105263158,0.0,0.0
9666,0.0,0.0,0.0,0.0,0.0,0.0
9667,0.0,0.0,0.0,0.0,0.0,0.0
9668,0.0,0.0,0.0,0.03571428571428571,0.0,0.0
9669,0.0,0.0,0.0,0.4432989690721649,0.0,0.0
9670,0.0,0.0,0.0,0.02169197396963124,0.0,0.0
9671,0.0,0.0,0.0,0.09132420091324199,0.0,0.0
9672,0.0,0.04281098546042003,0.02180936995153473,0.3053311793214863,0.0,0.0
9673,0.0,0.0,0.0,0.0,0.0,0.0
9674,0.0,0.0,0.0,0.3979416809605489,0.0,0.0
9675,0.0,0.0,0.0,0.046166529266281946,0.0,0.0
9676,0.0,0.0,0.0,0.0,0.0,0.0
9677,0.0,0.0,0.0,0.0,0.0,0.0
9678,0.0,0.0,0.0,0.0,0.0,0.0
9679,0.0,0.0,0.0,0.16228070175438594,0.0,0.0
9680,0.0,0.0,0.0,0.0,0.0,0.0
9681,0.0,0.0,0.0,0.0,0.0,0.0
9682,0.0,0.0,0.0,0.0,0.0,0.0
9683,0.0,0.0,0.0,0.0,0.0,0.0
9684,0.0,0.0,0.0,0.0,0.0,0.0
9685,0.0,0.0,0.0,0.0,0.0,0.0
9686,0.0,0.0,0.0,0.1282798833819242,0.0,0.0
9687,0.0,0.0,0.0,0.0,0.0,0.0
9688,0.0,0.0,0.0,0.0,0.0,0.0
9689,0.0,0.0,0.0,0.05555555555555555,0.0,0.0
9690,0.0,0.0,0.0,0.0,0.0,0.0
9691,0.0,0.0,0.0,0.2909090909090909,0.0,0.0
9692,0.0,0.0,0.0,0.0,0.0,0.0
9693,0.0,0.0,0.0,0.0,0.0,0.0
9694,0.0,0.0,0.0,0.0091324200913242,0.0,0.0
9695,0.0,0.0,0.0,0.0,0.0,0.0
9696,0.0,0.0,0.0,0.0,0.0,0.0
9697,0.0,0.0,0.0,0.08490566037735849,0.0,0.0
9698,0.0,0.0,0.0,0.022388059701492536,0.0,0.0
9699,0.0,0.0,0.0,0.0,0.0,0.0
9700,0.0,0.0,0.0,0.032085561497326213,0.0,0.0
9701,0.0,0.0,0.0,0.19726027397260276,0.0,0.0
9702,0.0,0.0,0.0,0.10144927536231883,0.0,0.0
9703,0.11380145278450365,0.00887812752219532,0.00887812752219532,0.08555286521388218,0.0,0.0
9704,0.0,0.0,0.0,0.08095676172953081,0.0,0.0
9705,0.0,0.0,0.0,0.06809078771695594,0.0,0.0
9706,0.0,0.0,0.0,0.04505558806319485,0.0,0.0
9707,0.0,0.0,0.0,0.0,0.0,0.0
9708,0.0,0.0,0.0,0.0,0.0,0.0
9709,0.0,0.0,0.0,0.0,0.0,0.0
9710,0.0,0.0,0.0,0.0,0.0,0.0
9711,0.0,0.0,0.0,0.0,0.0,0.0
9712,0.0,0.0,0.0,0.2388059701492537,0.0,0.0
9713,0.0,0.0,0.0,0.1937457511896669,0.0,0.0
9714,0.0,0.0,0.0,0.049612403100775186,0.0,0.0
9715,0.0,0.0,0.0,0.0,0.0,0.0
9716,0.0,0.0,0.0,0.0,0.0,0.0
9717,0.0,0.0,0.0,0.0,0.0,0.0
9718,0.0,0.0,0.0,0.0,0.0,0.0
9719,0.0,0.0,0.0,0.0171957671957672,0.0,0.0
9720,0.0,0.0,0.0,0.0,0.0,0.0
9721,0.0,0.0,0.0,0.0,0.0,0.0
9722,0.0,0.0,0.0,0.010935601458080195,0.0,0.0
9723,0.0,0.0,0.0,0.0,0.0,0.0
9724,0.0,0.0,0.0,0.0,0.0,0.0
9725,0.0,0.0,0.0,0.0,0.0,0.0
9726,0.0,0.0,0.0,0.0,0.0,0.0
9727,0.0,0.0,0.0,0.0,0.0,0.0
9728,0.0,0.0,0.0,0.0,0.0,0.0
9729,0.0,0.0,0.0,0.0,0.0,0.0
9730,0.0,0.0,0.0,0.02009646302250804,0.0,0.0
9731,0.0,0.0,0.0,0.012315270935960592,0.0,0.0
9732,0.0,0.0,0.0,0.027426160337552744,0.0,0.0
9733,0.0,0.0,0.0,0.0,0.0,0.0
9734,0.0,0.0,0.0,0.02165196471531676,0.0,0.0
9735,0.0,0.0,0.0,0.0,0.0,0.0
9736,0.0,0.0,0.0,0.0,0.0,0.0
9737,0.0,0.0,0.0,0.008450704225352112,0.0,0.0
9738,0.0,0.0,0.0,0.015456989247311828,0.0,0.0
9739,0.0,0.0,0.0,0.0,0.0,0.0
9740,0.0,0.0,0.0,0.0,0.0,0.0
9741,0.0,0.0,0.0,0.010666666666666666,0.0,0.0
9742,0.0,0.0,0.0,0.02022058823529412,0.0,0.0
9743,0.0,0.0,0.0,0.0,0.0,0.0
9744,0.0,0.0,0.0,0.0,0.0,0.0
9745,0.0,0.0,0.0,0.0,0.0,0.0
9746,0.0,0.0,0.0,0.0,0.0,0.0
9747,0.0,0.0,0.0,0.0,0.0,0.0
9748,0.0,0.0,0.0,0.0,0.0,0.0
9749,0.0,0.0,0.0,0.0,0.0,0.0
9750,0.0,0.0,0.0,0.0,0.0,0.0
9751,0.0,0.0,0.0,0.042682926829268296,0.0,0.0
9752,0.0,0.0,0.0,0.0,0.0,0.0
9753,0.0,0.0,0.0,0.13513513513513514,0.0,0.0
9754,0.0,0.0,0.0,0.0,0.0,0.0
9755,0.0,0.0,0.0,0.020779220779220783,0.0,0.0
9756,0.08436724565756824,0.0,0.0,0.10173697270471464,0.0,0.0
9757,0.0,0.0,0.0,0.0,0.0,0.0
9758,0.0,0.0,0.0,0.011883541295306,0.0,0.0
9759,0.0,0.0,0.0,0.018473895582329317,0.0,0.0
9760,0.017106200997861726,0.0,0.0,0.09052031361368497,0.0,0.0
9761,0.0,0.0,0.0,0.048154093097913325,0.0008025682182985554,0.0
9762,0.0,0.0,0.0,0.0,0.0,0.0
9763,0.0,0.0,0.0,0.0,0.0,0.0
9764,0.0,0.0,0.0,0.26547085201793724,0.0,0.0
9765,0.0,0.0,0.0,0.037531806615776084,0.0,0.0
9766,0.0,0.0,0.0,0.0,0.0,0.0
9767,0.0,0.0,0.0,0.07524271844660194,0.0,0.0
9768,0.0,0.0,0.0,0.0,0.0,0.0
9769,0.0,0.0,0.0,0.0,0.0,0.0
9770,0.0,0.0,0.0,0.0028835063437139567,0.0,0.0
9771,0.0,0.0,0.0,0.0,0.0,0.0
9772,0.0,0.0,0.0,0.0,0.0,0.0
9773,0.0,0.0,0.0,0.0,0.0,0.0
9774,0.0,0.0,0.0,0.0,0.0,0.0
9775,0.0,0.0,0.0,0.0,0.0,0.0
9776,0.0,0.0,0.0,0.05328596802841918,0.0,0.0
9777,0.03630363036303631,0.0,0.0,0.17491749174917492,0.0,0.0
9778,0.0,0.0,0.0,0.0,0.0,0.0
9779,0.0,0.0,0.0,0.13414634146341464,0.0,0.0
9780,0.0,0.0,0.0,0.4148936170212766,0.0,0.0
9781,0.0,0.0,0.0,0.0,0.0,0.0
9782,0.0,0.0,0.0,0.0,0.0,0.0
9783,0.0,0.0,0.0,0.0,0.0,0.0
9784,0.0,0.0,0.0,0.0,0.0,0.0
9785,0.0,0.0,0.0,0.0,0.0,0.0
9786,0.0,0.0,0.0,0.003291639236339697,0.0,0.0
9787,0.0,0.0,0.0,0.5,0.0,0.0
9788,0.041312272174969626,0.020656136087484813,0.020656136087484813,0.21020656136087484,0.027946537059538274,0.02187120291616039
9789,0.0,0.0,0.0,0.18,0.0,0.0
9790,0.0,0.0,0.0,0.18092428711897734,0.0,0.0
9791,0.0,0.0,0.0,0.078125,0.0,0.0
9792,0.0,0.0,0.0,0.056338028169014086,0.0,0.0
9793,0.0,0.0,0.0,0.2733564013840831,0.0,0.0
9794,0.0,0.0,0.0,0.0,0.0,0.0
9795,0.0,0.0,0.0,0.0,0.0,0.0
9796,0.0,0.0,0.0,0.005923000987166831,0.0,0.0
9797,0.0,0.0,0.0,0.0,0.0,0.0
9798,0.0,0.0,0.0,0.014357501794687725,0.0,0.0
9799,0.0,0.0,0.0,0.002008032128514056,0.0,0.0
9800,0.0,0.0,0.0,0.0,0.0,0.0
9801,0.0,0.0,0.0,0.09797297297297296,0.0,0.0
9802,0.0,0.0,0.0,0.019877675840978597,0.0,0.0
9803,0.0,0.0,0.0,0.0,0.0,0.0
9804,0.0,0.0,0.0,0.0,0.0,0.0
9805,0.0,0.0,0.0,0.005494505494505495,0.0,0.0
9806,0.0,0.0,0.0,0.2327469553450609,0.016238159675236806,0.016238159675236806
9807,0.0,0.0,0.0,0.0,0.0,0.0
9808,0.0,0.0,0.0,0.060606060606060615,0.0,0.0
9809,0.0,0.0,0.0,0.0,0.0,0.0
9810,0.0,0.0,0.0,0.0,0.0,0.0
9811,0.0,0.0,0.0,0.0,0.0,0.0
9812,0.0,0.0,0.0,0.0,0.0,0.0
9813,0.0,0.0,0.0,0.0046296296296296285,0.0,0.0
9814,0.0,0.0,0.0,0.0,0.0,0.0
9815,0.0,0.0,0.0,0.0,0.0,0.0
9816,0.0,0.0,0.0,0.059701492537313425,0.0,0.0
9817,0.0,0.0,0.0,0.0,0.0,0.0
9818,0.0,0.0,0.0,0.0,0.0,0.0
9819,0.0,0.0,0.0,0.0,0.0,0.0
9820,0.0,0.0,0.0,0.035443037974683546,0.0,0.0
9821,0.0,0.0,0.0,0.0,0.0,0.0
9822,0.0,0.0,0.0,0.0,0.0,0.0
9823,0.0,0.0,0.0,0.0,0.0,0.0
9824,0.0,0.0,0.0,0.1111111111111111,0.0,0.0
9825,0.0,0.0,0.0,0.0,0.0,0.0
9826,0.0,0.0,0.0,0.0,0.0,0.0
9827,0.0,0.0,0.0,0.3111111111111111,0.0,0.0
9828,0.0,0.0,0.0,0.001529051987767584,0.0,0.0
9829,0.0,0.0,0.0,0.0,0.0,0.0
9830,0.0,0.0,0.0,0.13894736842105262,0.0,0.0
9831,0.0,0.0,0.0,0.0,0.0,0.0
9832,0.0,0.0,0.0,0.0,0.0,0.0
9833,0.0,0.0,0.0,0.0,0.0,0.0
9834,0.0,0.0,0.0,0.006622516556291391,0.0,0.0
9835,0.0,0.0,0.0,0.0,0.0,0.0
9836,0.0,0.0,0.0,0.16365280289330922,0.0,0.0
9837,0.0,0.0,0.0,0.0,0.0,0.0
9838,0.0,0.0,0.0,0.0,0.0,0.0
9839,0.0,0.0,0.0,0.0,0.0,0.0
9840,0.0,0.0,0.0,0.3907103825136612,0.0,0.0
9841,0.0,0.0,0.0,0.109375,0.0,0.0
9842,0.0,0.0,0.0,0.0,0.0,0.0
9843,0.0,0.0,0.0,0.0,0.0,0.0
9844,0.0,0.0,0.0,0.06023355869698833,0.0,0.0
9845,0.01825842696629213,0.0,0.0,0.054775280898876406,0.0,0.0
9846,0.0,0.0,0.0,0.0,0.0,0.0
9847,0.0,0.0,0.0,0.03533278553820871,0.0,0.0
9848,0.0,0.0,0.0,0.0,0.0,0.0
9849,0.0,0.0,0.0,0.0,0.0,0.0
9850,0.0,0.0,0.0,0.0,0.0,0.0
9851,0.0,0.0,0.0,0.0,0.0,0.0
9852,0.0,0.0,0.0,0.0,0.0,0.0
9853,0.0,0.0,0.0,0.011396011396011395,0.0,0.0
9854,0.0,0.0,0.0,0.0,0.0,0.0
9855,0.0,0.0,0.0,0.0,0.0,0.0
9856,0.0,0.0,0.0,0.031007751937984492,0.0,0.0
9857,0.0,0.0,0.0,0.17866909753874202,0.0,0.0
9858,0.0,0.0,0.0,0.0,0.0,0.0
9859,0.0,0.0,0.0,0.0,0.0,0.0
9860,0.0,0.0,0.0,0.14285714285714285,0.0,0.0
9861,0.01820633850303439,0.0,0.0,0.0,0.0,0.0
9862,0.0,0.0,0.0,0.0,0.0,0.0
9863,0.0,0.0,0.0,0.03870595031773541,0.0,0.0
9864,0.0,0.0,0.0,0.043478260869565216,0.0,0.0
9865,0.0,0.0,0.0,0.012779552715654952,0.0,0.0
9866,0.0,0.0,0.0,0.0,0.0,0.0
9867,0.0,0.0,0.0,0.4880952380952381,0.0,0.0
9868,0.0,0.0,0.0,0.0,0.0,0.0
9869,0.017346053772766698,0.0,0.0,0.2341717259323504,0.0,0.0
9870,0.0,0.0,0.0,0.0,0.0,0.0
9871,0.0,0.0,0.0,0.0341726618705036,0.0,0.0
9872,0.0,0.0,0.0,0.02688728024819028,0.0,0.0
9873,0.12403100775193797,0.0,0.0,0.011627906976744186,0.0,0.0
9874,0.0,0.0,0.0,0.34328358208955223,0.0,0.0
9875,0.0,0.0,0.0,0.0703125,0.0,0.0
9876,0.0,0.0,0.0,0.0,0.0,0.0
9877,0.0,0.0,0.0,0.053366174055829226,0.0,0.0
9878,0.0,0.0,0.0,0.01735357917570499,0.0,0.0
9879,0.0,0.0,0.0,0.0,0.0,0.0
9880,0.0,0.0,0.0,0.0390625,0.0,0.0
9881,0.0,0.0,0.0,0.0,0.0,0.0
9882,0.0,0.0,0.0,0.0,0.0,0.0
9883,0.0,0.0,0.0,0.1297760210803689,0.0,0.0
9884,0.0,0.0,0.0,0.11009174311926606,0.0,0.0
9885,0.0,0.0,0.0,0.04916732751784298,0.0,0.0
9886,0.0,0.0,0.0,0.047619047619047616,0.0,0.0
9887,0.0,0.0,0.0,0.0684931506849315,0.0,0.0
9888,0.0,0.0,0.0,0.022935779816513763,0.0,0.0
9889,0.01675977653631285,0.03840782122905028,0.0,0.16689944134078213,0.0,0.0
9890,0.0,0.0,0.0,0.20357142857142854,0.0,0.0
9891,0.0,0.0,0.0,0.0,0.0,0.0
9892,0.0,0.0,0.0,0.02862595419847328,0.0,0.0
9893,0.0,0.0,0.0,0.0,0.0,0.0
9894,0.0,0.0,0.0,0.0,0.0,0.0
9895,0.0,0.0,0.0,0.017973856209150325,0.0,0.0
9896,0.0,0.0,0.0,0.0,0.0,0.0
9897,0.0,0.0,0.0,0.0,0.0,0.0
9898,0.0,0.0,0.0,0.004893964110929853,0.0,0.0
9899,0.0,0.0,0.0,0.0,0.0,0.0
9900,0.0,0.0,0.0,0.01692047377326565,0.0,0.0
9901,0.0,0.0,0.0,0.0,0.0,0.0
9902,0.0,0.0,0.0,0.0,0.0,0.0
9903,0.0,0.0,0.0,0.0,0.0,0.0
9904,0.0,0.0,0.0,0.0046992481203007525,0.0,0.0
9905,0.0,0.0,0.0,0.2033898305084746,0.0,0.0
9906,0.0,0.0,0.0,0.0,0.0,0.0
9907,0.0,0.0,0.0,0.0,0.0,0.0
9908,0.0,0.0,0.0,0.026030368763557483,0.0,0.0
9909,0.0,0.0,0.0,0.021886792452830192,0.0,0.0
9910,0.0,0.0,0.0,0.0,0.0,0.0
9911,0.0,0.0,0.0,0.0,0.0,0.0
9912,0.0,0.0,0.0,0.0,0.0,0.0
9913,0.3333333333333333,0.0,0.0,0.0,0.0,0.0
9914,0.0,0.0,0.0,0.0,0.0,0.0
9915,0.0,0.0,0.0,0.0,0.0,0.0
9916,0.0,0.0,0.0,0.0,0.0,0.0
9917,0.0,0.0,0.0,0.0,0.0,0.0
9918,0.0,0.0,0.0,0.0091164095371669,0.0,0.0
9919,0.0,0.0,0.0,0.29017857142857145,0.0,0.0
9920,0.0,0.0,0.0,0.06949152542372881,0.0,0.0
9921,0.0,0.0,0.0,0.0,0.0,0.0
9922,0.0,0.0,0.0,0.0,0.0,0.0
9923,0.0,0.0,0.0,0.0,0.0,0.0
9924,0.0,0.0,0.0,0.0,0.0,0.0
9925,0.0,0.0,0.0,0.0,0.0,0.0
9926,0.0,0.0,0.0,0.0,0.0,0.0
9927,0.0,0.0,0.0,0.0,0.0,0.0
9928,0.0,0.0,0.0,0.0,0.0,0.0
9929,0.0,0.0,0.0,0.0,0.0,0.0
9930,0.0,0.0,0.0,0.00423728813559322,0.0,0.0
9931,0.0,0.0,0.0,0.0,0.0,0.0
9932,0.0,0.0,0.0,0.09260908281389137,0.0,0.0
9933,0.0,0.0,0.0,0.0,0.0,0.0
9934,0.0,0.0,0.0,0.0,0.0,0.0
9935,0.0,0.0,0.0,0.023529411764705882,0.0,0.0
9936,0.0,0.0,0.0,0.5446808510638298,0.0,0.0
9937,0.0,0.0,0.0,0.0,0.0,0.0
9938,0.0,0.0,0.0,0.0,0.0,0.0
9939,0.0,0.0,0.0,0.0,0.0,0.0
9940,0.0,0.0,0.0,0.01740812379110251,0.0,0.0
9941,0.0,0.0,0.0,0.0,0.0,0.0
9942,0.0,0.0,0.0,0.0,0.0,0.0
9943,0.0,0.0,0.0,0.00876010781671159,0.0,0.0
9944,0.0,0.0,0.0,0.0,0.0,0.0
9945,0.0,0.0,0.0,0.0,0.0,0.0
9946,0.0,0.0,0.0,0.21073446327683612,0.0,0.0
9947,0.0,0.0,0.0,0.0,0.0,0.0
9948,0.010683760683760684,0.0,0.0,0.16132478632478633,0.0,0.0
9949,0.0,0.0,0.0,0.0,0.0,0.0
9950,0.0,0.0,0.0,0.0,0.0,0.0
9951,0.0,0.0,0.0,0.01806020066889632,0.0,0.0
9952,0.0,0.0,0.0,0.0,0.0,0.0
9953,0.0,0.0,0.0,0.0,0.0,0.0
9954,0.0,0.0,0.0,0.003448275862068965,0.0,0.0
9955,0.0,0.0,0.0,0.010752688172043013,0.0,0.0
9956,0.0,0.0,0.0,0.22603719599427755,0.0,0.0
9957,0.0,0.0,0.0,0.2777777777777778,0.0,0.0
9958,0.0,0.0,0.0,0.004651162790697674,0.0,0.0
9959,0.0,0.0,0.0,0.0,0.0,0.0
9960,0.0,0.0,0.0,0.09956709956709957,0.0,0.0
9961,0.0,0.0,0.0,0.0018709073900841906,0.0,0.0
9962,0.0,0.0,0.0,0.0,0.0,0.0
9963,0.0,0.0,0.0,0.04885057471264368,0.0,0.0
9964,0.0,0.0,0.0,0.0,0.0,0.0
9965,0.18382352941176472,0.0,0.0,0.10294117647058824,0.0,0.0
9966,0.0,0.0,0.0,0.0023923444976076554,0.0,0.0
9967,0.0,0.0,0.0,0.04234841193455245,0.0,0.0
9968,0.0,0.0,0.0,0.0,0.0,0.0
9969,0.0,0.0,0.0,0.0,0.0,0.0
9970,0.0,0.0,0.0,0.0,0.0,0.0
9971,0.0,0.0,0.0,0.0,0.0,0.0
9972,0.0,0.0,0.0,0.004850444624090542,0.0,0.0
9973,0.04807692307692308,0.0,0.0,0.0,0.0,0.0
9974,0.0,0.0,0.0,0.0,0.0,0.0
9975,0.0,0.0,0.0,0.0,0.0,0.0
9976,0.0,0.0,0.0,0.24504504504504504,0.0,0.0
9977,0.0,0.0,0.0,0.0,0.0,0.0
9978,0.0,0.0,0.0,0.0,0.0,0.0
9979,0.0,0.0,0.0,0.0,0.0,0.0
9980,0.0,0.0,0.0,0.0,0.0,0.0
9981,0.0,0.0,0.0,0.0705229793977813,0.0,0.0
9982,0.0,0.0,0.0,0.0,0.0,0.0
9983,0.0,0.0,0.0,0.0,0.0,0.0
9984,0.0,0.0,0.0,0.016666666666666666,0.0,0.0
9985,0.0,0.0,0.0,0.0,0.0,0.0
9986,0.0,0.0,0.0,0.0,0.0,0.0
9987,0.0,0.0,0.0,0.05417118093174431,0.0,0.0
9988,0.0,0.0,0.0,0.20668425681618294,0.0,0.0
9989,0.0,0.0,0.0,0.03619909502262444,0.0,0.0
9990,0.0,0.0,0.0,0.011029411764705885,0.0,0.0
9991,0.0,0.0,0.0,0.0,0.0,0.0
9992,0.0,0.0,0.0,0.0,0.0,0.0
9993,0.0,0.0,0.0,0.10755813953488373,0.0,0.0
9994,0.0,0.0,0.0,0.0,0.0,0.0
9995,0.0,0.0,0.0,0.30869565217391304,0.0,0.0
9996,0.0,0.0,0.0,0.020858164481525627,0.0,0.0
9997,0.0,0.0,0.0,0.019461077844311375,0.0,0.0
9998,0.0,0.0,0.0,0.05605095541401274,0.0,0.0
9999,0.0,0.0,0.0,0.0,0.0,0.0
10000,0.0,0.0,0.0,0.0,0.0,0.0
10001,0.0,0.0,0.0,0.052734375,0.0,0.0
10002,0.0,0.0,0.0,0.0037174721189591076,0.0,0.0
10003,0.0,0.0,0.0,0.0,0.0,0.0
10004,0.0,0.0,0.0,0.0,0.0,0.0
10005,0.0,0.0,0.0,0.0,0.0,0.0
10006,0.0,0.0,0.0,0.0,0.0,0.0
10007,0.0,0.0,0.0,0.0,0.0,0.0
10008,0.0,0.0,0.0,0.0,0.0,0.0
10009,0.0,0.0,0.0,0.0,0.0,0.0
10010,0.0,0.0,0.0,0.0,0.0,0.0
10011,0.0,0.0,0.0,0.0,0.0,0.0
10012,0.0,0.0,0.0,0.0,0.0,0.0
10013,0.0,0.0,0.0,0.0,0.0,0.0
10014,0.0,0.0,0.0,0.0,0.0,0.0
10015,0.0,0.0,0.0,0.0,0.0,0.0
10016,0.14285714285714285,0.0,0.0,0.14285714285714285,0.0,0.0
10017,0.0,0.0,0.0,0.0,0.0,0.0
10018,0.0,0.0,0.0,0.0,0.0,0.0
10019,0.0,0.0,0.0,0.0,0.0,0.0
10020,0.0,0.0,0.0,0.04013377926421405,0.0,0.0
10021,0.0,0.0,0.0,0.0,0.0,0.0
10022,0.0,0.0,0.0,0.0,0.0,0.0
10023,0.0,0.0,0.0,0.0,0.0,0.0
10024,0.0,0.0,0.0,0.0,0.0,0.0
10025,0.0,0.0,0.0,0.0,0.0,0.0
10026,0.0,0.0,0.0,0.0,0.0,0.0
10027,0.0,0.0,0.0,0.006738544474393531,0.0,0.0
10028,0.0,0.0,0.0,0.0,0.0,0.0
10029,0.0,0.0,0.0,0.0,0.0,0.0
10030,0.08450704225352113,0.0,0.0,0.03755868544600939,0.0,0.0
10031,0.0,0.0,0.0,0.012965050732807216,0.0,0.0
10032,0.0,0.0,0.0,0.11510791366906475,0.0,0.0
10033,0.0,0.0,0.0,0.05791962174940898,0.0,0.0
10034,0.0,0.0,0.0,0.0,0.0,0.0
10035,0.0,0.0,0.0,0.09501557632398754,0.0,0.0
10036,0.0,0.02517162471395881,0.0,0.13272311212814644,0.0,0.0
10037,0.0,0.0,0.0,0.009544787077826723,0.0,0.0
10038,0.0,0.0,0.0,0.0,0.0,0.0
10039,0.0,0.0,0.0,0.22419928825622776,0.0,0.0
10040,0.0,0.0,0.0,0.06853281853281852,0.0,0.0
10041,0.0,0.0,0.0,0.0,0.0,0.0
10042,0.0,0.0,0.0,0.007087628865979381,0.0,0.0
10043,0.0,0.0,0.0,0.0,0.0,0.0
10044,0.0,0.0,0.0,0.0,0.0,0.0
10045,0.0,0.0,0.0,0.009395973154362415,0.0,0.0
10046,0.0,0.0,0.0,0.09285714285714286,0.0,0.0
10047,0.0,0.0,0.0,0.0,0.0,0.0
10048,0.0,0.0,0.0,0.027912621359223302,0.0,0.0
10049,0.0,0.0,0.0,0.0,0.0,0.0
10050,0.0,0.0,0.0,0.0,0.0,0.0
10051,0.0,0.0,0.0,0.2033003300330033,0.0,0.0
10052,0.0,0.0,0.0,0.014492753623188406,0.0,0.0
10053,0.0,0.0,0.0,0.0,0.0,0.0
10054,0.0,0.0,0.0,0.0,0.0,0.0
10055,0.0,0.0,0.0,0.0,0.0,0.0
10056,0.0,0.0,0.0,0.05063291139240506,0.0,0.0
10057,0.0,0.0,0.0,0.0,0.0,0.0
10058,0.0,0.0,0.0,0.006864988558352402,0.0,0.0
10059,0.0,0.0,0.0,0.0,0.0,0.0
10060,0.0,0.0,0.0,0.0,0.0,0.0
10061,0.0,0.0,0.0,0.0,0.0,0.0
10062,0.0,0.0,0.0,0.0,0.0,0.0
10063,0.0,0.0,0.0,0.0,0.0,0.0
10064,0.0,0.0,0.0,0.010526315789473684,0.0,0.0
10065,0.0,0.0,0.0,0.05423728813559322,0.0,0.0
10066,0.0,0.0,0.0,0.184115523465704,0.0,0.0
10067,0.0,0.0,0.0,0.10050675675675676,0.0,0.0
10068,0.0,0.0,0.0,0.1327683615819209,0.0,0.0
10069,0.0,0.0,0.0,0.0,0.0,0.0
10070,0.0,0.0,0.0,0.06741573033707865,0.0,0.0
10071,0.0,0.0,0.0,0.04403669724770642,0.0,0.0
10072,0.0,0.0,0.0,0.0,0.0,0.0
10073,0.0,0.0,0.0,0.0,0.0,0.0
10074,0.0,0.0,0.0,0.0,0.0,0.0
10075,0.0,0.0,0.0,0.0,0.0,0.0
10076,0.0,0.0,0.0,0.0,0.0,0.0
10077,0.0,0.0,0.0,0.0,0.0,0.0
10078,0.0,0.0,0.0,0.0,0.0,0.0
10079,0.0,0.0,0.0,0.0405616224648986,0.0,0.0
10080,0.0,0.0,0.0,0.2239089184060721,0.0,0.0
10081,0.0,0.0,0.0,0.0,0.0,0.0
10082,0.0,0.0,0.0,0.0,0.0,0.0
10083,0.0,0.0,0.0,0.0,0.0,0.0
10084,0.0,0.0,0.0,0.267337807606264,0.0,0.0
10085,0.0,0.0,0.0,0.0,0.0,0.0
10086,0.0,0.0,0.0,0.3333333333333333,0.0,0.0
10087,0.0,0.0,0.0,0.0009699321047526672,0.0,0.0
10088,0.0,0.0,0.0,0.03805970149253731,0.0,0.0
10089,0.0,0.0,0.0,0.1285591026747196,0.0,0.0
10090,0.0,0.0,0.0,0.0,0.0,0.0
10091,0.0,0.0,0.0,0.02410640066500416,0.0,0.0
10092,0.0,0.0,0.0,0.05882352941176471,0.0,0.0
10093,0.0,0.0,0.0,0.0,0.0,0.0
10094,0.0,0.0,0.0,0.00598802395209581,0.0,0.0
10095,0.0,0.0,0.0,0.0,0.0,0.0
10096,0.0,0.0,0.0,0.0,0.0,0.0
10097,0.0,0.0,0.0,0.02420382165605096,0.0,0.0
10098,0.0,0.0,0.0,0.023510971786833857,0.0,0.0
10099,0.0,0.0,0.0,0.0,0.0,0.0
10100,0.0,0.0,0.0,0.0,0.0,0.0
10101,0.0,0.0,0.0,0.0,0.0,0.0
10102,0.0,0.0,0.0,0.019486271036315318,0.0,0.0
10103,0.0,0.0,0.0,0.22679200940070504,0.01527614571092832,0.01527614571092832
10104,0.0,0.0,0.0,0.004838709677419355,0.0,0.0
10105,0.0,0.0,0.0,0.14857142857142858,0.0,0.0
10106,0.0,0.0,0.0,0.04819277108433735,0.0,0.0
10107,0.0,0.0,0.0,0.5,0.0,0.0
10108,0.0,0.0,0.0,0.3087121212121212,0.0,0.0
10109,0.0,0.0,0.0,0.0,0.0,0.0
10110,0.020999275887038375,0.0,0.0,0.0,0.0,0.0
10111,0.0,0.0,0.0,0.0,0.0,0.0
10112,0.0,0.0,0.0,0.0,0.0,0.0
10113,0.0,0.0,0.0,0.0,0.0,0.0
10114,0.0,0.0,0.0,0.16521739130434782,0.0,0.0
10115,0.0,0.0,0.0,0.0,0.0,0.0
10116,0.0,0.0,0.0,0.0,0.0,0.0
10117,0.0,0.0,0.0,0.0,0.0,0.0
10118,0.0,0.0,0.0,0.0,0.0,0.0
10119,0.0,0.0,0.0,0.0,0.0,0.0
10120,0.0,0.0,0.0,0.0,0.0,0.0
10121,0.0,0.0,0.0,0.07106076210092688,0.0,0.0
10122,0.0,0.0,0.0,0.0,0.0,0.0
10123,0.0,0.0,0.0,0.0,0.0,0.0
10124,0.0,0.0,0.0,0.0,0.0,0.0
10125,0.0,0.0,0.0,0.21973094170403587,0.0,0.0
10126,0.0,0.0,0.0,0.008647798742138366,0.0,0.0
10127,0.0,0.0,0.0,0.0,0.0,0.0
10128,0.0,0.0,0.0,0.0,0.0,0.0
10129,0.0,0.0,0.0,0.0,0.0,0.0
10130,0.0,0.0,0.0,0.0,0.0,0.0
10131,0.0,0.0,0.0,0.0,0.0,0.0
10132,0.0,0.0,0.0,0.0018018018018018016,0.0,0.0
10133,0.0,0.0,0.0,0.0,0.0,0.0
10134,0.0,0.0,0.0,0.0,0.0,0.0
10135,0.0,0.0,0.0,0.0,0.0,0.0
10136,0.0,0.0,0.0,0.05923344947735192,0.0,0.0
10137,0.029661016949152543,0.0,0.0,0.4350282485875706,0.0,0.0
10138,0.1,0.0,0.0,0.0875,0.0,0.0
10139,0.0,0.0,0.0,0.0,0.0,0.0
10140,0.0,0.0,0.0,0.0,0.0,0.0
10141,0.0,0.0,0.0,0.0,0.0,0.0
10142,0.0,0.0,0.0,0.0,0.0,0.0
10143,0.0,0.0,0.0,0.0,0.0,0.0
10144,0.0,0.0,0.0,0.0,0.0,0.0
10145,0.0,0.0,0.0,0.0,0.0,0.0
10146,0.0,0.0,0.0,0.0,0.0,0.0
10147,0.0,0.0,0.0,0.0,0.0,0.0
10148,0.0,0.0,0.0,0.023006134969325152,0.0,0.0
10149,0.0,0.0,0.0,0.02631578947368421,0.0,0.0
10150,0.0,0.0,0.0,0.0198019801980198,0.0,0.0
10151,0.0,0.0,0.0,0.0,0.0,0.0
10152,0.0,0.0,0.0,0.0,0.0,0.0
10153,0.0,0.0,0.0,0.0,0.0,0.0
10154,0.0,0.0,0.0,0.2449438202247191,0.0,0.0
10155,0.0,0.0,0.0,0.09316770186335403,0.0,0.0
10156,0.0,0.0,0.0,0.0,0.0,0.0
10157,0.0,0.0,0.0,0.4705882352941176,0.0,0.0
10158,0.0,0.0,0.0,0.0,0.0,0.0
10159,0.0,0.0,0.0,0.0,0.0,0.0
10160,0.0,0.0,0.0,0.2637795275590551,0.0,0.0
10161,0.0,0.0,0.0,0.0,0.0,0.0
10162,0.0,0.0,0.0,0.0,0.0,0.0
10163,0.0,0.0,0.0,0.0,0.0,0.0
10164,0.0,0.0,0.0,0.08025682182985554,0.0,0.0
10165,0.0,0.0,0.0,0.3980582524271845,0.0,0.0
10166,0.0,0.0,0.0,0.0,0.0,0.0
10167,0.0,0.0,0.0,0.15632911392405066,0.0,0.0
10168,0.0,0.0,0.0,0.039274924471299086,0.0,0.0
10169,0.0,0.0,0.0,0.0,0.0,0.0
10170,0.0,0.0,0.0,0.11936936936936934,0.0,0.0
10171,0.0,0.0,0.0,0.03466204506065858,0.0,0.0
10172,0.0,0.0,0.0,0.0,0.0,0.0
10173,0.0,0.0,0.0,0.0,0.0,0.0
10174,0.0,0.0,0.0,0.0,0.0,0.0
10175,0.0,0.0,0.0,0.0,0.0,0.0
10176,0.02564102564102564,0.0,0.0,0.07597340930674264,0.0,0.0
10177,0.0,0.0,0.0,0.0,0.0,0.0
10178,0.0,0.0,0.0,0.0,0.0,0.0
10179,0.0,0.0,0.0,0.0,0.0,0.0
10180,0.0,0.0,0.0,0.2514239218877136,0.0,0.0
10181,0.0,0.0,0.0,0.039907904834996163,0.0,0.0
10182,0.0,0.0,0.034136546184738964,0.10441767068273093,0.0,0.034136546184738964
10183,0.0,0.0,0.0,0.024844720496894408,0.0,0.0
10184,0.0,0.0,0.0,0.1553030303030303,0.0,0.0
10185,0.0,0.0,0.0,0.019498607242339837,0.0,0.0
10186,0.0,0.0,0.0,0.0,0.0,0.0
10187,0.0,0.0,0.0,0.0,0.0,0.0
10188,0.0,0.0,0.0,0.08445532435740515,0.0,0.0
10189,0.0,0.0,0.0,0.0,0.0,0.0
10190,0.0,0.0,0.0,0.1388888888888889,0.0,0.0
10191,0.0,0.0,0.0,0.04166666666666666,0.0,0.0
10192,0.0,0.0,0.0,0.01055662188099808,0.0,0.0
10193,0.0,0.0,0.0,0.060606060606060615,0.0,0.0
10194,0.0,0.0,0.0,0.020958083832335328,0.0,0.0
10195,0.0,0.0,0.0,0.0,0.0,0.0
10196,0.0,0.0,0.0,0.026421136909527618,0.0,0.0
10197,0.0,0.0,0.0,0.0,0.0,0.0
10198,0.020608439646712464,0.0,0.0,0.16290480863591755,0.0,0.0
10199,0.0,0.0,0.0,0.0,0.0,0.0
10200,0.0,0.0,0.0,0.0,0.0,0.0
10201,0.0,0.0,0.0,0.14383561643835616,0.0,0.0
10202,0.0,0.0,0.0,0.0,0.0,0.0
10203,0.0,0.0,0.0,0.0,0.0,0.0
10204,0.0,0.0,0.0,0.0,0.0,0.0
10205,0.0,0.0,0.0,0.0,0.0,0.0
10206,0.0,0.0,0.0,0.0,0.0,0.0
10207,0.0,0.0,0.0,0.4090909090909091,0.0,0.0
10208,0.0,0.0,0.0,0.03386167146974063,0.0,0.0
10209,0.0,0.0,0.0,0.0,0.0,0.0
10210,0.0,0.0,0.0,0.004510309278350515,0.0,0.0
10211,0.0,0.0,0.0,0.0,0.0,0.0
10212,0.0,0.0,0.0,0.0,0.0,0.0
10213,0.0,0.0,0.0,0.0,0.0,0.0
10214,0.0,0.0,0.0,0.028112449799196783,0.0,0.0
10215,0.0,0.0,0.0,0.0015003750937734436,0.0,0.0
10216,0.0,0.0,0.0,0.0,0.0,0.0
10217,0.0,0.0,0.0,0.0,0.0,0.0
10218,0.0,0.0,0.0,0.0948905109489051,0.0,0.0
10219,0.0,0.0,0.0,0.05147058823529412,0.0,0.0
10220,0.0,0.0,0.0,0.0,0.0,0.0
10221,0.0,0.0,0.0,0.0,0.0,0.0
10222,0.0,0.0,0.0,0.0,0.0,0.0
10223,0.0,0.0,0.0,0.0,0.0,0.0
10224,0.0,0.0,0.0,0.0,0.0,0.0
10225,0.0,0.0,0.0,0.040234702430846606,0.0,0.0
10226,0.0,0.0,0.0,0.011652542372881356,0.0,0.0
10227,0.0,0.0,0.0,0.03383458646616541,0.0,0.0
10228,0.0,0.0,0.0,0.0,0.0,0.0
10229,0.0,0.0,0.0,0.04246794871794872,0.0,0.0
10230,0.0,0.0,0.0,0.0,0.0,0.0
10231,0.0,0.0,0.0,0.0,0.0,0.0
10232,0.0,0.0,0.0,0.058577405857740586,0.0,0.0
10233,0.0,0.0,0.0,0.028685790527018005,0.0,0.0
10234,0.0,0.0,0.0,0.10810810810810813,0.0,0.0
10235,0.0,0.0,0.0,0.0,0.0,0.0
10236,0.0,0.0,0.0,0.016442451420029897,0.0,0.0
10237,0.0,0.0,0.0,0.023634881825590873,0.0,0.0
10238,0.0,0.0,0.0,0.0,0.0,0.0
10239,0.0,0.0,0.0,0.0,0.0,0.0
10240,0.0,0.0,0.0,0.0,0.0,0.0
10241,0.0,0.0,0.0,0.0,0.0,0.0
10242,0.0,0.0,0.0,0.0,0.0,0.0
10243,0.0,0.0,0.0,0.0,0.0,0.0
10244,0.0,0.0,0.0,0.032,0.0,0.0
10245,0.0,0.0,0.0,0.0,0.0,0.0
10246,0.0,0.0,0.0,0.05342237061769616,0.0,0.0
10247,0.0,0.0,0.0,0.147024504084014,0.0,0.0
10248,0.0,0.0,0.0,0.0,0.0,0.0
10249,0.0,0.0,0.0,0.387434554973822,0.0,0.0
10250,0.0,0.0,0.0,0.0,0.0,0.0
10251,0.0,0.0,0.0,0.0,0.0,0.0
10252,0.0,0.0,0.0,0.002621231979030144,0.0,0.0
10253,0.0,0.0,0.0,0.0,0.0,0.0
10254,0.0,0.0,0.0,0.019211324570273004,0.0,0.0
10255,0.0,0.0,0.0,0.1065934065934066,0.0,0.0
10256,0.0,0.0,0.0,0.0076335877862595426,0.0,0.0
10257,0.0,0.0,0.0,0.0,0.0,0.0
10258,0.0,0.0,0.0,0.00878048780487805,0.0,0.0
10259,0.0,0.0,0.0,0.0,0.0,0.0
10260,0.0,0.0,0.0,0.0,0.0,0.0
10261,0.0,0.0,0.0,0.0034083162917518746,0.0,0.0
10262,0.0,0.0,0.0,0.028416779431664405,0.0,0.0
10263,0.0,0.0,0.0,0.07807308970099668,0.0,0.0
10264,0.0,0.0,0.0,0.25226586102719034,0.0,0.0
10265,0.0,0.0,0.0,0.0,0.0,0.0
10266,0.0,0.0,0.0,0.0,0.0,0.0
10267,0.0,0.0,0.0,0.054778554778554776,0.0,0.0
10268,0.0,0.0,0.0,0.03805496828752643,0.0,0.0
10269,0.0,0.0,0.0,0.024454148471615717,0.0,0.0
10270,0.0,0.0,0.0,0.0,0.0,0.0
10271,0.0,0.0,0.0,0.0,0.0,0.0
10272,0.0,0.0,0.0,0.0,0.0,0.0
10273,0.0,0.0,0.0,0.0,0.0,0.0
10274,0.0,0.0,0.0,0.0,0.0,0.0
10275,0.0,0.0,0.0,0.0,0.0,0.0
10276,0.0,0.0,0.0,0.037267080745341616,0.0,0.0
10277,0.0,0.0,0.0,0.0,0.0,0.0
10278,0.0,0.0,0.0,0.007246376811594203,0.0,0.0
10279,0.0,0.0,0.0,0.08333333333333333,0.0,0.0
10280,0.0,0.0,0.0,0.0,0.0,0.0
10281,0.0,0.0,0.0,0.0,0.0,0.0
10282,0.0,0.0,0.0,0.0,0.0,0.0
10283,0.0,0.0,0.0,0.2027439024390244,0.0,0.0
10284,0.0,0.0,0.0,0.0,0.0,0.0
10285,0.0,0.0,0.0,0.0,0.0,0.0
10286,0.0,0.0,0.0,0.02378999179655455,0.0,0.0
10287,0.0,0.0,0.0,0.375,0.0,0.0
10288,0.0,0.0,0.0,0.0,0.0,0.0
10289,0.0,0.0,0.0,0.0,0.0,0.0
10290,0.0,0.0,0.0,0.0,0.0,0.0
10291,0.0,0.0,0.0,0.0,0.0,0.0
10292,0.0,0.0,0.0,0.016701461377870562,0.0,0.0
10293,0.0,0.0,0.0,0.0,0.0,0.0
10294,0.0,0.0,0.0,0.008818342151675485,0.0,0.0
10295,0.03367003367003367,0.0,0.0,0.15488215488215487,0.0,0.0
10296,0.0,0.0,0.0,0.0,0.0,0.0
10297,0.0,0.0,0.0,0.0,0.0,0.0
10298,0.0,0.0,0.0,0.0,0.0,0.0
10299,0.0,0.0,0.0,0.0055944055944055935,0.0,0.0
10300,0.0,0.0,0.0,0.10031847133757962,0.0,0.0
10301,0.0,0.0,0.0,0.0,0.0,0.0
10302,0.0,0.0,0.0,0.0,0.0,0.0
10303,0.0,0.0,0.0,0.0,0.0,0.0
10304,0.0,0.0,0.0,0.030075187969924814,0.0,0.0
10305,0.0,0.0,0.0,0.032679738562091505,0.0,0.0
10306,0.0,0.0,0.0,0.07272727272727272,0.0,0.0
10307,0.0,0.0,0.0,0.0,0.0,0.0
10308,0.0,0.0,0.0,0.0,0.0,0.0
10309,0.0,0.0,0.0,0.0,0.0,0.0
10310,0.0,0.0,0.0,0.224025974025974,0.0,0.0
10311,0.0,0.0,0.0,0.033168666196189134,0.0,0.0
10312,0.0,0.0,0.0,0.06801736613603472,0.0,0.0
10313,0.0,0.0,0.0,0.0,0.0,0.0
10314,0.0,0.0,0.0,0.05263157894736842,0.0,0.0
10315,0.0,0.0,0.0,0.35894843276036403,0.0,0.0
10316,0.0,0.0,0.0,0.0,0.0,0.0
10317,0.0,0.0,0.0,0.0,0.0,0.0
10318,0.0,0.0,0.0,0.01705115346038114,0.0,0.0
10319,0.0,0.0,0.0,0.0,0.0,0.0
10320,0.0,0.0,0.0,0.0,0.0,0.0
10321,0.0,0.0,0.0,0.0,0.0,0.0
10322,0.0,0.0,0.0,0.0,0.0,0.0
10323,0.0,0.0,0.0,0.0,0.0,0.0
10324,0.0,0.0,0.0,0.014647137150466043,0.0,0.0
10325,0.0,0.0,0.0,0.13204225352112675,0.0,0.0
10326,0.0,0.0,0.0,0.0,0.0,0.0
10327,0.0,0.0,0.0,0.031045751633986932,0.0,0.0
10328,0.0,0.0,0.0,0.07416127133608005,0.0,0.0
10329,0.0,0.0,0.0,0.0,0.0,0.0
10330,0.0,0.0,0.0,0.4950980392156863,0.0,0.0
10331,0.0,0.0,0.0,0.05333333333333334,0.0,0.0
10332,0.0,0.0,0.0,0.0,0.0,0.0
10333,0.0,0.0,0.0,0.0,0.0,0.0
10334,0.0,0.0,0.0,0.0,0.0,0.0
10335,0.0,0.0,0.0,0.0,0.0,0.0
10336,0.0,0.0,0.0,0.3810945273631841,0.0,0.0
10337,0.0,0.0,0.0,0.02318840579710145,0.0,0.0
10338,0.0,0.0,0.0,0.09779411764705882,0.0,0.0
10339,0.0,0.0,0.0,0.0015885623510722795,0.0,0.0
10340,0.0,0.0,0.0,0.017167381974248927,0.0,0.0
10341,0.0,0.0,0.0,0.0008826125330979699,0.0,0.0
10342,0.0,0.0,0.0,0.0,0.0,0.0
10343,0.0,0.0,0.0,0.3772727272727273,0.0037878787878787884,0.0037878787878787884
10344,0.0,0.0,0.0,0.0,0.0,0.0
10345,0.0,0.0,0.0,0.0,0.0,0.0
10346,0.0,0.0,0.0,0.0,0.0,0.0
10347,0.0,0.0,0.0,0.0,0.0,0.0
10348,0.0,0.0,0.0,0.0,0.0,0.0
10349,0.0,0.0,0.0,0.0,0.0,0.0
10350,0.0,0.0,0.0,0.08333333333333333,0.0,0.0
10351,0.0,0.0,0.0,0.0,0.0,0.0
10352,0.0,0.0,0.0,0.0,0.0,0.0
10353,0.0,0.0,0.0,0.0660377358490566,0.0,0.0
10354,0.0,0.0,0.0,0.0,0.0,0.0
10355,0.0,0.0,0.0,0.0,0.0,0.0
10356,0.0,0.0,0.0,0.020292207792207792,0.0,0.0
10357,0.0,0.0,0.0,0.07862407862407862,0.0,0.0
10358,0.015356820234869015,0.0,0.0,0.0,0.0,0.0
10359,0.0,0.0,0.0,0.0,0.0,0.0
10360,0.0,0.0,0.0,0.0,0.0,0.0
10361,0.0,0.0,0.0,0.017272727272727273,0.0,0.0
10362,0.0,0.0,0.0,0.030927835051546393,0.0,0.0
10363,0.0,0.0,0.0,0.0,0.0,0.0
10364,0.0,0.0,0.0,0.04307692307692308,0.0,0.0
10365,0.0,0.0,0.0,0.0,0.0,0.0
10366,0.0,0.0,0.0,0.0,0.0,0.0
10367,0.0,0.0,0.0,0.009554140127388536,0.0,0.0
10368,0.0,0.0,0.0,0.0,0.0,0.0
10369,0.0,0.0,0.0,0.0,0.0,0.0
10370,0.0,0.0,0.0,0.3223844282238443,0.0,0.0
10371,0.021367521367521368,0.0,0.0,0.09401709401709403,0.0,0.0
10372,0.0,0.0,0.0,0.04105571847507331,0.0,0.0
10373,0.0,0.0,0.0,0.0,0.0,0.0
10374,0.0,0.0,0.0,0.0,0.0,0.0
10375,0.0,0.0,0.0,0.0,0.0,0.0
10376,0.0,0.0,0.0,0.0,0.0,0.0
10377,0.0,0.0,0.0,0.0,0.0,0.0
10378,0.0,0.0,0.0,0.0,0.0,0.0
10379,0.0,0.0,0.0,0.02607361963190184,0.0,0.0
10380,0.0,0.0,0.0,0.0,0.0,0.0
10381,0.0,0.0,0.0,0.0,0.0,0.0
10382,0.0,0.0,0.0,0.03227975790181574,0.0,0.0
10383,0.0,0.0,0.0,0.0,0.0,0.0
10384,0.01751592356687898,0.0,0.0,0.020700636942675158,0.0,0.0
10385,0.0,0.0,0.0,0.0,0.0,0.0
10386,0.0,0.0,0.0,0.0,0.0,0.0
10387,0.0,0.0,0.0,0.08366533864541832,0.0,0.0
10388,0.0,0.0,0.0,0.011664074650077759,0.0,0.0
10389,0.0,0.0,0.0,0.17857142857142858,0.0,0.0
10390,0.0,0.0,0.0,0.0,0.0,0.0
10391,0.0,0.0,0.0,0.02424830261881668,0.0,0.0
10392,0.0,0.0,0.0,0.003048780487804878,0.0,0.0
10393,0.0,0.0,0.0,0.0,0.0,0.0
10394,0.0,0.0,0.0,0.0,0.0,0.0
10395,0.0,0.0,0.0,0.15780998389694045,0.0,0.0
10396,0.0,0.0,0.0,0.0,0.0,0.0
10397,0.0,0.0,0.0,0.2551111111111111,0.0,0.0
10398,0.0,0.0,0.0,0.0,0.0,0.0
10399,0.0,0.0,0.0,0.00554016620498615,0.0,0.0
10400,0.0,0.0,0.0,0.055862068965517236,0.0,0.0
10401,0.0,0.0,0.0,0.23410202655485676,0.0,0.0
10402,0.0,0.0,0.0,0.0,0.0,0.0
10403,0.0,0.0,0.0,0.07851690294438386,0.0,0.0
10404,0.0,0.0,0.0,0.0,0.0,0.0
10405,0.0,0.0,0.0,0.0,0.0,0.0
10406,0.0,0.0,0.0,0.3367003367003367,0.0,0.0
10407,0.0,0.0,0.0,0.0038986354775828462,0.0,0.0
10408,0.0,0.0,0.0,0.0,0.0,0.0
10409,0.0,0.0,0.0,0.0,0.0,0.0
10410,0.0,0.0,0.0,0.0,0.0,0.0
10411,0.0,0.0,0.0,0.044850498338870434,0.0,0.0
10412,0.0,0.0,0.0,0.0,0.0,0.0
10413,0.0,0.0,0.0,0.0,0.0,0.0
10414,0.0,0.0,0.0,0.17073170731707318,0.0,0.0
10415,0.0645879732739421,0.0,0.0,0.06013363028953229,0.0,0.0
10416,0.0,0.0,0.0,0.21853658536585369,0.00878048780487805,0.00878048780487805
10417,0.0,0.0,0.0,0.0,0.0,0.0
10418,0.0,0.0,0.0,0.0,0.0,0.0
10419,0.0,0.0,0.0,0.039408866995073885,0.0,0.0
10420,0.0,0.0,0.0,0.023125996810207338,0.0,0.0
10421,0.0,0.0,0.0,0.1232876712328767,0.0,0.0
10422,0.0,0.0,0.0,0.0,0.0,0.0
10423,0.0,0.0,0.0,0.0,0.0,0.0
10424,0.0,0.0,0.0,0.0,0.0,0.0
10425,0.0,0.0,0.0,0.0,0.0,0.0
10426,0.0,0.0,0.0,0.0015600624024961,0.0,0.0
10427,0.0,0.0,0.0,0.0,0.0,0.0
10428,0.0,0.0,0.0,0.040145985401459854,0.0,0.0
10429,0.0,0.0,0.0,0.0,0.0,0.0
10430,0.0,0.0,0.0,0.0,0.0,0.0
10431,0.0,0.0,0.0,0.04794520547945205,0.0,0.0
10432,0.0,0.0,0.0,0.0,0.0,0.0
10433,0.0,0.0,0.0,0.14530776992936428,0.0,0.0
10434,0.0,0.0,0.0,0.2845238095238095,0.0,0.0
10435,0.0,0.0,0.0,0.052083333333333336,0.0,0.0
10436,0.0,0.0,0.0,0.2681034482758621,0.0,0.0
10437,0.0,0.0,0.0,0.007246376811594203,0.0,0.0
10438,0.0,0.0,0.0,0.0,0.0,0.0
10439,0.0,0.0,0.0,0.15416666666666667,0.0,0.0
10440,0.049005337214944204,0.013585638039786513,0.013585638039786513,0.12372634643377002,0.004366812227074236,0.004366812227074236
10441,0.0,0.0,0.0,0.057142857142857134,0.0,0.0
10442,0.0,0.0,0.0,0.0,0.0,0.0
10443,0.0,0.0,0.0,0.003401360544217687,0.0,0.0
10444,0.0,0.0,0.0,0.004914004914004914,0.0,0.0
10445,0.0,0.0,0.0,0.0,0.0,0.0
10446,0.0,0.0,0.0,0.3486590038314176,0.0,0.0
10447,0.0,0.0,0.0,0.029830508474576276,0.0,0.0
10448,0.0,0.0,0.0,0.002608695652173913,0.0,0.0
10449,0.0,0.0,0.0,0.0,0.0,0.0
10450,0.0,0.0,0.0,0.0,0.0,0.0
10451,0.0,0.0,0.0,0.034161490683229816,0.0,0.0
10452,0.0,0.0,0.0,0.019133370849746763,0.0,0.0
10453,0.0,0.0,0.0,0.0,0.0,0.0
10454,0.0,0.0,0.0,0.010390689941812137,0.0,0.0
10455,0.0,0.0,0.0,0.3486381322957198,0.0,0.0
10456,0.0,0.0,0.0,0.059613769941225865,0.0,0.0
10457,0.0,0.0,0.0,0.1891891891891892,0.0,0.0
10458,0.0,0.0,0.0,0.0,0.0,0.0
10459,0.0,0.0,0.0,0.0,0.0,0.0
10460,0.0,0.0,0.0,0.0,0.0,0.0
10461,0.0,0.0,0.0,0.019440124416796267,0.0,0.0
10462,0.0,0.0,0.0,0.0,0.0,0.0
10463,0.0,0.0,0.0,0.047619047619047616,0.0,0.0
10464,0.0,0.0,0.0,0.04392764857881137,0.0,0.0
10465,0.0,0.0,0.0,0.12452830188679245,0.0,0.0
10466,0.0,0.0,0.0,0.0,0.0,0.0
10467,0.0,0.0,0.0,0.06001936108422073,0.0,0.0
10468,0.0,0.0,0.0,0.12213740458015268,0.0,0.0
10469,0.024096385542168683,0.0,0.0,0.025949953660797036,0.0,0.0
10470,0.0,0.0,0.0,0.0,0.0,0.0
10471,0.0,0.0,0.0,0.0,0.0,0.0
10472,0.0,0.0,0.0,0.0,0.0,0.0
10473,0.0,0.0,0.0,0.0,0.0,0.0
10474,0.0,0.0,0.0,0.0,0.0,0.0
10475,0.0,0.0,0.0,0.0,0.0,0.0
10476,0.0,0.0,0.0,0.0,0.0,0.0
10477,0.0,0.0,0.0,0.09919839679358718,0.0,0.0
10478,0.0,0.0,0.0,0.022010271460014674,0.0,0.0
10479,0.0,0.0,0.0,0.1160337552742616,0.0,0.0
10480,0.0,0.0,0.0,0.0,0.0,0.0
10481,0.0,0.0,0.0,0.0,0.0,0.0
10482,0.0,0.0,0.0,0.0,0.0,0.0
10483,0.0,0.0,0.0,0.2195121951219512,0.0,0.0
10484,0.0,0.0,0.0,0.0,0.0,0.0
10485,0.0,0.0,0.0,0.0,0.0,0.0
10486,0.0,0.0,0.0,0.2179080824088748,0.0,0.0
10487,0.0,0.0,0.0,0.11009174311926606,0.0,0.0
10488,0.0,0.0,0.0,0.0,0.0,0.0
10489,0.0,0.0,0.0,0.0,0.0,0.0
10490,0.0,0.0,0.0,0.07291666666666667,0.0,0.0
10491,0.0,0.0,0.0,0.05996884735202492,0.0,0.0
10492,0.0,0.0,0.0,0.0,0.0,0.0
10493,0.0,0.0,0.0,0.2185501066098081,0.0,0.0
10494,0.0,0.0,0.0,0.0,0.0,0.0
10495,0.0,0.0,0.0,0.0,0.0,0.0
10496,0.0,0.0,0.0,0.027724049000644745,0.0,0.0
10497,0.0,0.0,0.0,0.11844331641285955,0.0,0.0
10498,0.0,0.0,0.0,0.0,0.0,0.0
10499,0.0,0.0,0.0,0.0,0.0,0.0
10500,0.0,0.0,0.0,0.0,0.0,0.0
10501,0.0,0.0,0.0,0.0,0.0,0.0
10502,0.0,0.0,0.0,0.0,0.0,0.0
10503,0.0,0.0,0.0,0.0006626905235255137,0.0,0.0
10504,0.0,0.0,0.0,0.10841121495327102,0.0,0.0
10505,0.0,0.0,0.0,0.03883495145631068,0.0,0.0
10506,0.0,0.0,0.0,0.0,0.0,0.0
10507,0.0,0.0,0.0,0.0,0.0,0.0
10508,0.0,0.0,0.0,0.0,0.0,0.0
10509,0.0,0.0,0.0,0.0,0.0,0.0
10510,0.0,0.0,0.0,0.0,0.0,0.0
10511,0.0,0.0,0.0,0.02855051244509517,0.0,0.0
10512,0.0,0.0,0.0,0.018024032042723636,0.0,0.0
10513,0.0,0.0,0.0,0.024280575539568347,0.0,0.0
10514,0.0,0.0,0.0,0.049079754601227,0.0,0.0
10515,0.0,0.0,0.0,0.0,0.0,0.0
10516,0.0,0.0,0.0,0.0,0.0,0.0
10517,0.0,0.0,0.0,0.013307984790874524,0.0,0.0
10518,0.0,0.0,0.0,0.009009009009009007,0.0,0.0
10519,0.0,0.0,0.0,0.009873060648801129,0.0,0.0
10520,0.0,0.0,0.0,0.026086956521739132,0.0,0.0
10521,0.0,0.0,0.0,0.0,0.0,0.0
10522,0.0,0.0,0.0,0.001736111111111111,0.0,0.0
10523,0.0,0.0,0.0,0.0,0.0,0.0
10524,0.0,0.0,0.0,0.3257142857142857,0.0,0.0
10525,0.0,0.0,0.0,0.05660377358490566,0.0,0.0
10526,0.0,0.0,0.0,0.0,0.0,0.0
10527,0.0,0.0,0.0,0.02936857562408223,0.0,0.0
10528,0.0,0.0,0.0,0.03389830508474576,0.0,0.0
10529,0.0,0.0,0.0,0.0,0.0,0.0
10530,0.0,0.0,0.0,0.0,0.0,0.0
10531,0.0,0.0,0.0,0.07614213197969544,0.0,0.0
10532,0.0,0.0,0.0,0.0,0.0,0.0
10533,0.0,0.0,0.0,0.0,0.0,0.0
10534,0.0,0.0,0.0,0.0,0.0,0.0
10535,0.0,0.0,0.0,0.0,0.0,0.0
10536,0.0,0.0,0.0,0.0,0.0,0.0
10537,0.0,0.0,0.0,0.0,0.0,0.0
10538,0.0,0.0,0.0,0.0,0.0,0.0
10539,0.0,0.0,0.0,0.1921397379912664,0.0,0.0
10540,0.0,0.0,0.0,0.11913357400722023,0.0,0.0
10541,0.0,0.0,0.0,0.01072961373390558,0.0,0.0
10542,0.0,0.0,0.0,0.10869565217391304,0.0,0.0
10543,0.0,0.0,0.0,0.018722466960352426,0.0,0.0
10544,0.0,0.0,0.0,0.022727272727272728,0.0,0.0
10545,0.0,0.0,0.0,0.0,0.0,0.0
10546,0.0,0.0,0.0,0.0,0.0,0.0
10547,0.0,0.0,0.0,0.0,0.0,0.0
10548,0.0,0.0,0.0,0.0,0.0,0.0
10549,0.0,0.0,0.0,0.0,0.0,0.0
10550,0.0,0.0,0.0,0.032752613240418116,0.0,0.0
10551,0.0,0.0,0.0,0.03979591836734694,0.0,0.0
10552,0.0,0.0,0.0,0.0,0.0,0.0
10553,0.0,0.0,0.0,0.0,0.0,0.0
10554,0.0,0.0,0.0,0.08785529715762272,0.0,0.0
10555,0.0,0.0,0.0,0.0,0.0,0.0
10556,0.0,0.0,0.0,0.0,0.0,0.0
10557,0.0,0.0,0.0,0.0,0.0,0.0
10558,0.0,0.0,0.0,0.0,0.0,0.0
10559,0.0,0.0,0.0,0.0,0.0,0.0
10560,0.0,0.0,0.0,0.0,0.0,0.0
10561,0.0,0.0,0.0,0.010265183917878527,0.0,0.0
10562,0.0,0.0,0.0,0.0,0.0,0.0
10563,0.0,0.0,0.0,0.0,0.0,0.0
10564,0.0,0.0,0.0,0.07305699481865285,0.0,0.0
10565,0.0,0.0,0.0,0.0,0.0,0.0
10566,0.0,0.0,0.0,0.012430939226519336,0.0,0.0
10567,0.0,0.0,0.0,0.0,0.0,0.0
10568,0.0,0.0,0.0,0.0,0.0,0.0
10569,0.0,0.0,0.0,0.16216216216216214,0.0,0.0
10570,0.0,0.0,0.0,0.01568334578043316,0.0,0.0
10571,0.0,0.0,0.0,0.0,0.0,0.0
10572,0.0,0.0,0.0,0.0,0.0,0.0
10573,0.0,0.0,0.0,0.0,0.0,0.0
10574,0.0,0.0,0.0,0.0,0.0,0.0
10575,0.0,0.0,0.0,0.2834394904458599,0.0,0.0
10576,0.0,0.0,0.0,0.03484320557491289,0.0,0.0
10577,0.0,0.0,0.0,0.0,0.0,0.0
10578,0.0,0.0,0.0,0.019681349578256797,0.0,0.0
10579,0.0,0.0,0.0,0.0396600566572238,0.0,0.0
10580,0.0,0.0,0.0,0.0,0.0,0.0
10581,0.0,0.0,0.0,0.0,0.0,0.0
10582,0.0,0.0,0.0,0.022508038585209004,0.0,0.0
10583,0.0,0.0,0.0,0.03826530612244898,0.0,0.0
10584,0.0,0.0,0.0,0.2347417840375587,0.0,0.0
10585,0.0,0.0,0.0,0.0,0.0,0.0
10586,0.0,0.0,0.0,0.014222222222222225,0.0,0.0
10587,0.0,0.0,0.0,0.0,0.0,0.0
10588,0.0,0.0,0.0,0.019792648444863337,0.0,0.0
10589,0.0,0.0,0.0,0.13354037267080746,0.0,0.0
10590,0.0,0.0,0.0,0.040268456375838924,0.0,0.0
10591,0.0,0.0,0.0,0.0,0.0,0.0
10592,0.0,0.0,0.0,0.051075268817204304,0.0,0.0
10593,0.0,0.0,0.0,0.0,0.0,0.0
10594,0.0,0.0,0.0,0.0,0.0,0.0
10595,0.0,0.0,0.0,0.0,0.0,0.0
10596,0.0,0.0,0.0,0.0,0.0,0.0
10597,0.0,0.0,0.0,0.030450669914738125,0.003654080389768575,0.003654080389768575
10598,0.0,0.0,0.0,0.0,0.0,0.0
10599,0.0,0.0,0.0,0.0,0.0,0.0
10600,0.0,0.0,0.0,0.0,0.0,0.0
10601,0.0,0.0,0.0,0.0,0.0,0.0
10602,0.0,0.0,0.0,0.0,0.0,0.0
10603,0.0,0.0,0.0,0.0,0.0,0.0
10604,0.0,0.0,0.0,0.0390625,0.0,0.0
10605,0.0,0.0,0.0,0.25,0.0,0.0
10606,0.0,0.0,0.0,0.0,0.0,0.0
10607,0.0,0.0,0.0,0.0,0.0,0.0
10608,0.0,0.0,0.0,0.16666666666666666,0.0,0.0
10609,0.0,0.0,0.0,0.0,0.0,0.0
10610,0.0,0.0,0.0,0.0,0.0,0.0
10611,0.0,0.0,0.0,0.03283173734610123,0.0,0.0
10612,0.0,0.0,0.0,0.0,0.0,0.0
10613,0.02245508982035928,0.0,0.0,0.28892215568862273,0.0,0.0
10614,0.0,0.0,0.0,0.0,0.0,0.0
10615,0.0,0.0,0.0,0.036000000000000004,0.0,0.0
10616,0.0,0.0,0.0,0.0,0.0,0.0
10617,0.0,0.0,0.0,0.0,0.0,0.0
10618,0.0,0.0,0.0,0.00703125,0.0,0.0
10619,0.0,0.0,0.0,0.10973451327433628,0.0,0.0
10620,0.0,0.0,0.0,0.0,0.0,0.0
10621,0.0,0.0,0.0,0.0,0.0,0.0
10622,0.0,0.0,0.0,0.17365269461077845,0.0,0.0
10623,0.0,0.0,0.0,0.0,0.0,0.0
10624,0.0,0.0,0.0,0.15217391304347827,0.0,0.0
10625,0.0,0.0,0.0,0.0,0.0,0.0
10626,0.0,0.0,0.0,0.0,0.0,0.0
10627,0.0,0.0,0.0,0.03333333333333333,0.0,0.0
10628,0.0,0.0,0.0,0.0,0.0,0.0
10629,0.0,0.0,0.0,0.0,0.0,0.0
10630,0.0,0.0,0.0,0.037064492216456635,0.0,0.0
10631,0.0,0.0,0.0,0.2031007751937985,0.0,0.0
10632,0.0,0.0,0.0,0.0,0.0,0.0
10633,0.0,0.0,0.0,0.0,0.0,0.0
10634,0.0,0.0,0.0,0.0,0.0,0.0
10635,0.0,0.0,0.0,0.0,0.0,0.0
10636,0.0,0.0,0.0,0.3478260869565217,0.0,0.0
10637,0.0,0.0,0.0,0.0,0.0,0.0
10638,0.08050565535595476,0.0,0.0,0.18962075848303392,0.0,0.0
10639,0.0,0.0,0.0,0.0,0.0,0.0
10640,0.0,0.0,0.0,0.0,0.0,0.0
10641,0.0,0.0,0.0,0.0,0.0,0.0
10642,0.0,0.0,0.0,0.0,0.0,0.0
10643,0.0,0.0,0.0,0.09411764705882353,0.0,0.0
10644,0.0,0.0,0.0,0.0,0.0,0.0
10645,0.0,0.0,0.0,0.005315110098709187,0.0,0.0
10646,0.0,0.0,0.0,0.0,0.0,0.0
10647,0.0,0.0,0.0,0.10241465445462117,0.0,0.0
10648,0.0,0.0,0.0,0.2169728783902012,0.0,0.0
10649,0.0,0.0,0.0,0.016781083142639208,0.0,0.0
10650,0.0,0.0,0.0,0.0,0.0,0.0
10651,0.0,0.0,0.0,0.0,0.0,0.0
10652,0.0,0.0,0.0,0.0,0.0,0.0
10653,0.0,0.0,0.0,0.0,0.0,0.0
10654,0.0,0.0,0.0,0.15613382899628253,0.0,0.0
10655,0.0,0.0,0.0,0.0,0.0,0.0
10656,0.0,0.0,0.0,0.0,0.0,0.0
10657,0.04363905325443787,0.0,0.0,0.09911242603550297,0.0,0.0
10658,0.0,0.0,0.0,0.07017543859649122,0.0,0.0
10659,0.0,0.0,0.0,0.0,0.0,0.0
10660,0.0,0.0,0.0,0.09090909090909093,0.0,0.0
10661,0.0,0.0,0.0,0.0,0.0,0.0
10662,0.0,0.0,0.0,0.010030864197530864,0.0,0.0
10663,0.0,0.0,0.0,0.0,0.0,0.0
10664,0.0,0.0,0.0,0.0,0.0,0.0
10665,0.0,0.0,0.0,0.13043478260869565,0.0,0.0
10666,0.002245508982035928,0.0,0.0,0.11002994011976047,0.0,0.0
10667,0.0,0.0,0.0,0.0059925093632958795,0.0,0.0
10668,0.0,0.0,0.0,0.10135746606334843,0.0,0.0
10669,0.0,0.0,0.0,0.024255788313120176,0.0,0.0
10670,0.0,0.0,0.0,0.19230769230769232,0.0,0.0
10671,0.0,0.0,0.0,0.0,0.0,0.0
10672,0.0,0.0,0.0,0.0,0.0,0.0
10673,0.0,0.0,0.0,0.01092896174863388,0.0,0.0
10674,0.0,0.0,0.0,0.0,0.0,0.0
10675,0.0,0.0,0.0,0.0,0.0,0.0
10676,0.0,0.0,0.0,0.2599667774086379,0.0,0.0
10677,0.0,0.0,0.0,0.0,0.0,0.0
10678,0.0,0.0,0.0,0.016457680250783698,0.0,0.0
10679,0.0,0.0,0.0,0.0,0.0,0.0
10680,0.0,0.0,0.0,0.0,0.0,0.0
10681,0.0,0.0,0.0,0.0,0.0,0.0
10682,0.0,0.0,0.0,0.0,0.0,0.0
10683,0.0,0.0,0.0,0.03926282051282051,0.0,0.0
10684,0.0,0.0,0.0,0.0,0.0,0.0
10685,0.3219814241486068,0.0,0.0,0.01393188854489164,0.0,0.0
10686,0.0,0.0,0.0,0.0,0.0,0.0
10687,0.0,0.0,0.0,0.0,0.0,0.0
10688,0.0,0.0,0.0,0.0,0.0,0.0
10689,0.0,0.0,0.0,0.0,0.0,0.0
10690,0.0,0.0,0.0,0.024072216649949848,0.0,0.0
10691,0.0,0.0,0.0,0.0,0.0,0.0
10692,0.0,0.0,0.0,0.0,0.0,0.0
10693,0.0,0.0,0.0,0.21686746987951808,0.0,0.0
10694,0.0,0.0,0.0,0.016253869969040248,0.0,0.0
10695,0.0,0.0,0.0,0.0,0.0,0.0
10696,0.0,0.0,0.0,0.0,0.0,0.0
10697,0.0,0.0,0.0,0.0,0.0,0.0
10698,0.0,0.0,0.0,0.0,0.0,0.0
10699,0.0,0.0,0.0,0.06486486486486487,0.0,0.0
10700,0.0,0.0,0.0,0.026106696935300797,0.0,0.0
10701,0.0,0.0,0.0,0.011752136752136752,0.0,0.0
10702,0.0,0.0,0.0,0.0,0.0,0.0
10703,0.0,0.0,0.0,0.034883720930232565,0.0,0.0
10704,0.027027027027027032,0.0,0.0,0.00882515168229454,0.0,0.0
10705,0.0,0.0,0.0,0.053475935828877004,0.0,0.0
10706,0.0,0.0,0.0,0.1253501400560224,0.0,0.0
10707,0.0,0.0,0.0,0.3112338858195212,0.0,0.0
10708,0.0,0.0,0.0,0.0,0.0,0.0
10709,0.0,0.0,0.0,0.016519823788546256,0.0,0.0
10710,0.0,0.0,0.0,0.5,0.0,0.0
10711,0.0,0.0,0.0,0.02015775635407537,0.0,0.0
10712,0.0,0.0,0.0,0.002597402597402597,0.0,0.0
10713,0.0,0.0,0.0,0.06502525252525253,0.0,0.0
10714,0.0,0.0,0.0,0.0,0.0,0.0
10715,0.0,0.0,0.0,0.020366598778004074,0.0,0.0
10716,0.0,0.0,0.0,0.0,0.0,0.0
10717,0.0,0.0,0.0,0.1134453781512605,0.0,0.0
10718,0.0,0.0,0.0,0.0,0.0,0.0
10719,0.0,0.0,0.0,0.0,0.0,0.0
10720,0.0,0.0,0.0,0.0,0.0,0.0
10721,0.0,0.0,0.0,0.0,0.0,0.0
10722,0.0,0.0,0.0,0.019002375296912115,0.0,0.0
10723,0.0,0.0,0.0,0.16,0.0,0.0
10724,0.0,0.0,0.0,0.0,0.0,0.0
10725,0.0,0.0,0.0,0.03486750348675035,0.0,0.0
10726,0.0,0.0,0.0,0.0,0.0,0.0
10727,0.027613412228796843,0.0,0.0,0.1814595660749507,0.0,0.0
10728,0.0,0.0,0.0,0.0,0.0,0.0
10729,0.0,0.0,0.0,0.0,0.0,0.0
10730,0.0,0.0,0.0,0.0018726591760299626,0.0,0.0
10731,0.0,0.0,0.0,0.0,0.0,0.0
10732,0.0,0.0,0.0,0.045283018867924525,0.0,0.0
10733,0.0,0.0,0.0,0.0103480714957667,0.0,0.0
10734,0.0,0.0,0.0,0.17985611510791366,0.0,0.0
10735,0.0,0.0,0.0,0.0,0.0,0.0
10736,0.0,0.0,0.0,0.0,0.0,0.0
10737,0.0,0.0,0.0,0.0,0.0,0.0
10738,0.018087855297157618,0.0,0.0,0.4211886304909561,0.0,0.0
10739,0.0,0.0,0.0,0.023378582202111614,0.0,0.0
10740,0.0,0.0,0.0,0.14120126448893572,0.0,0.0
10741,0.0,0.0,0.0,0.0,0.0,0.0
10742,0.0,0.0,0.0,0.02219482120838471,0.0,0.0
10743,0.0,0.0,0.0,0.0,0.0,0.0
10744,0.0,0.0,0.0,0.37142857142857133,0.0,0.0
10745,0.0,0.0,0.0,0.06896551724137931,0.0,0.0
10746,0.0,0.0,0.0,0.0,0.0,0.0
10747,0.0,0.0,0.0,0.01179245283018868,0.0,0.0
10748,0.0,0.0,0.0,0.1457725947521866,0.0,0.0
10749,0.0,0.0,0.0,0.0,0.0,0.0
10750,0.0,0.0,0.0,0.0,0.0,0.0
10751,0.0,0.0,0.0,0.0,0.0,0.0
10752,0.0,0.0,0.0,0.1614956245027844,0.0,0.0
10753,0.0,0.0,0.0,0.04477611940298507,0.0,0.0
10754,0.0,0.0,0.0,0.07346938775510205,0.0,0.0
10755,0.0,0.0,0.0,0.06221198156682028,0.0,0.0
10756,0.0,0.0,0.0,0.049180327868852465,0.0,0.0
10757,0.0,0.0,0.0,0.0,0.0,0.0
10758,0.06666666666666668,0.0,0.0,0.02666666666666667,0.0,0.0
10759,0.0,0.0,0.0,0.04430379746835443,0.0,0.0
10760,0.0,0.0,0.0,0.015220700152206999,0.0,0.0
10761,0.0,0.0,0.0,0.0,0.0,0.0
10762,0.0,0.0,0.0,0.061538461538461535,0.0,0.0
10763,0.0,0.0,0.0,0.1989978525411596,0.0,0.0
10764,0.0,0.0,0.0,0.01132404181184669,0.0,0.0
10765,0.0,0.0,0.0,0.016393442622950817,0.0,0.0
10766,0.0,0.0,0.0,0.19576719576719576,0.0,0.0
10767,0.0,0.0,0.0,0.006329113924050633,0.0,0.0
10768,0.0,0.0,0.0,0.013978494623655914,0.0,0.0
10769,0.0,0.0,0.0,0.0,0.0,0.0
10770,0.0,0.0,0.0,0.0,0.0,0.0
10771,0.0,0.0,0.0,0.0,0.0,0.0
10772,0.0,0.0,0.0,0.0213903743315508,0.0,0.0
10773,0.0,0.0,0.0,0.06796116504854369,0.0,0.0
10774,0.0,0.0,0.0,0.0,0.0,0.0
10775,0.0,0.0,0.0,0.0,0.0,0.0
10776,0.0,0.0,0.0,0.0,0.0,0.0
10777,0.0,0.0,0.0,0.0,0.0,0.0
10778,0.0,0.0,0.0,0.0,0.0,0.0
10779,0.0,0.0,0.0,0.059782608695652176,0.0,0.0
10780,0.0,0.0,0.0,0.02536997885835095,0.0,0.0
10781,0.0,0.0,0.0,0.3333333333333333,0.0,0.0
10782,0.0,0.0,0.0,0.019747235387045814,0.0,0.0
10783,0.0,0.0,0.0,0.0,0.0,0.0
10784,0.0,0.0,0.0,0.25,0.0,0.0
10785,0.0,0.0,0.0,0.0,0.0,0.0
10786,0.0,0.0,0.0,0.05,0.0,0.0
10787,0.02973977695167286,0.0,0.0,0.0037174721189591076,0.0,0.0
10788,0.0,0.0,0.0,0.0,0.0,0.0
10789,0.0,0.0,0.0,0.0,0.0,0.0
10790,0.0,0.0,0.0,0.0,0.0,0.0
10791,0.0,0.0,0.0,0.0,0.0,0.0
10792,0.0,0.0,0.0,0.0,0.0,0.0
10793,0.0,0.0,0.0,0.0,0.0,0.0
10794,0.0,0.0,0.0,0.06779661016949153,0.0,0.0
10795,0.0,0.0,0.0,0.0,0.0,0.0
10796,0.0,0.0,0.0,0.0,0.0,0.0
10797,0.0,0.0,0.0,0.057082452431289635,0.0,0.0
10798,0.0,0.0,0.0,0.35968379446640314,0.0,0.0
10799,0.0,0.0,0.0,0.0,0.0,0.0
10800,0.0,0.0,0.0,0.03232533889468196,0.0,0.0
10801,0.0,0.0,0.0,0.004487179487179487,0.0,0.0
10802,0.0,0.0,0.0,0.10451977401129944,0.0,0.0
10803,0.0,0.0,0.0,0.0,0.0,0.0
10804,0.0,0.0,0.0,0.0,0.0,0.0
10805,0.0,0.0,0.0,0.0,0.0,0.0
10806,0.0,0.0,0.0,0.1048951048951049,0.0,0.0
10807,0.0,0.0,0.0,0.0,0.0,0.0
10808,0.0,0.0,0.0,0.0,0.0,0.0
10809,0.0,0.0,0.0,0.11516314779270635,0.0,0.0
10810,0.0,0.0,0.0,0.0,0.0,0.0
10811,0.0,0.0,0.0,0.0,0.0,0.0
10812,0.0,0.0,0.0,0.0,0.0,0.0
10813,0.0,0.0,0.0,0.03448275862068965,0.0,0.0
10814,0.0,0.0,0.0,0.0,0.0,0.0
10815,0.0,0.0,0.0,0.0,0.0,0.0
10816,0.0,0.0,0.0,0.01263823064770932,0.0,0.0
10817,0.0,0.0,0.0,0.0,0.0,0.0
10818,0.0,0.0,0.0,0.0,0.0,0.0
10819,0.0,0.0,0.0,0.11363636363636365,0.0,0.0
10820,0.0,0.0,0.0,0.0,0.0,0.0
10821,0.0,0.0,0.0,0.03644314868804665,0.0,0.0
10822,0.0,0.0,0.0,0.09090909090909093,0.0,0.0
10823,0.0,0.0,0.0,0.0,0.0,0.0
10824,0.0,0.0,0.0,0.0,0.0,0.0
10825,0.0,0.0,0.0,0.02355072463768116,0.0,0.0
10826,0.0,0.0,0.0,0.0,0.0,0.0
10827,0.0,0.0,0.0,0.03193430656934307,0.0,0.0
10828,0.0,0.0,0.0,0.0,0.0,0.0
10829,0.0,0.0,0.0,0.0274079874706343,0.0,0.0
10830,0.0,0.0,0.0,0.00916784203102962,0.0,0.0
10831,0.0,0.0,0.0,0.17647058823529413,0.0,0.0
10832,0.0,0.0,0.0,0.0,0.0,0.0
10833,0.0,0.0,0.0,0.0,0.0,0.0
10834,0.0,0.0,0.0,0.013561320754716982,0.0,0.0
10835,0.0,0.0,0.0,0.3023255813953488,0.0,0.0
10836,0.0,0.0,0.0,0.016861219195849545,0.0,0.0
10837,0.0,0.0,0.0,0.02815829528158295,0.0,0.0
10838,0.0,0.0,0.0,0.0,0.0,0.0
10839,0.0,0.0,0.0,0.0,0.0,0.0
10840,0.0,0.0,0.0,0.0,0.0,0.0
10841,0.0,0.0,0.0,0.017889087656529516,0.0,0.0
10842,0.0,0.0,0.0,0.04752275025278058,0.0,0.0
10843,0.0,0.0,0.0,0.005878894767783657,0.0,0.0
10844,0.0,0.0,0.0,0.1076190476190476,0.0,0.0
10845,0.0,0.0,0.0,0.1946902654867257,0.04424778761061947,0.0
10846,0.0,0.0,0.0,0.0,0.0,0.0
10847,0.0,0.0,0.0,0.0,0.0,0.0
10848,0.0,0.0,0.0,0.0,0.0,0.0
10849,0.0,0.0,0.0,0.0,0.0,0.0
10850,0.0,0.0,0.0,0.016819571865443424,0.0,0.0
10851,0.0,0.0,0.0,0.35185185185185186,0.0,0.0
10852,0.0,0.0,0.0,0.03421052631578948,0.0,0.0
10853,0.0,0.0,0.0,0.027286135693215342,0.0,0.0
10854,0.0,0.0,0.0,0.0,0.0,0.0
10855,0.0,0.0,0.0,0.0,0.0,0.0
10856,0.0,0.0,0.0,0.0,0.0,0.0
10857,0.0,0.0,0.0,0.018032786885245903,0.0,0.0
10858,0.0,0.0,0.0,0.0,0.0,0.0
10859,0.0,0.0,0.0,0.0,0.0,0.0
10860,0.0,0.0,0.0,0.0,0.0,0.0
10861,0.0,0.0,0.0,0.0,0.0,0.0
10862,0.0,0.0,0.0,0.0,0.0,0.0
10863,0.0,0.0,0.0,0.03903903903903904,0.0,0.0
10864,0.0,0.0,0.0,0.0,0.0,0.0
10865,0.0,0.0,0.0,0.0,0.0,0.0
10866,0.0,0.0198019801980198,0.0,0.060113154172560114,0.0,0.0
10867,0.0,0.0,0.0,0.0,0.0,0.0
10868,0.0,0.0,0.0,0.018355359765051395,0.0,0.0
10869,0.0,0.0,0.0,0.0,0.0,0.0
10870,0.0,0.0,0.0,0.14885954381752697,0.0,0.0
10871,0.0,0.0,0.0,0.0,0.0,0.0
10872,0.0,0.0,0.0,0.0,0.0,0.0
10873,0.0,0.0,0.0,0.07388316151202749,0.0,0.0
10874,0.0,0.0,0.0,0.0,0.0,0.0
10875,0.0,0.0,0.0,0.10927152317880796,0.0,0.0
10876,0.0,0.0,0.0,0.054528650646950096,0.0,0.0
10877,0.0,0.0,0.0,0.0,0.0,0.0
10878,0.0,0.0,0.0,0.0,0.0,0.0
10879,0.0,0.0,0.0,0.12942989214175654,0.0,0.0
10880,0.0,0.0,0.0,0.008220502901353966,0.0,0.0
10881,0.0,0.0,0.0,0.0,0.0,0.0
10882,0.0,0.0,0.0,0.15780866721177433,0.0,0.0
10883,0.0,0.0,0.0,0.0,0.0,0.0
10884,0.0,0.0,0.0,0.0,0.0,0.0
10885,0.0,0.0,0.0,0.0,0.0,0.0
10886,0.0,0.0,0.0,0.0,0.0,0.0
10887,0.0,0.0,0.0,0.0,0.0,0.0
10888,0.0,0.0,0.0,0.0,0.0,0.0
10889,0.0,0.0,0.0,0.0,0.0,0.0
10890,0.0,0.0,0.0,0.0,0.0,0.0
10891,0.0,0.0,0.0,0.01667778519012675,0.0,0.0
10892,0.0,0.0,0.0,0.0,0.0,0.0
10893,0.0,0.0,0.0,0.0,0.0,0.0
10894,0.0,0.0,0.0,0.10846953937592868,0.0,0.0
10895,0.0,0.0,0.0,0.0,0.0,0.0
10896,0.0,0.0,0.0,0.015748031496062992,0.0,0.0
10897,0.0,0.0,0.0,0.028571428571428567,0.0,0.0
10898,0.0,0.0,0.0,0.0,0.0,0.0
10899,0.0,0.0,0.0,0.0,0.0,0.0
10900,0.0,0.0,0.0,0.0,0.0,0.0
10901,0.0,0.0,0.0,0.0,0.0,0.0
10902,0.0,0.0,0.0,0.0,0.0,0.0
10903,0.0,0.0,0.0,0.0,0.0,0.0
10904,0.0,0.0,0.0,0.0,0.0,0.0
10905,0.0,0.0,0.0,0.11570247933884298,0.0,0.0
10906,0.0,0.0,0.0,0.0,0.0,0.0
10907,0.0,0.0,0.0,0.0,0.0,0.0
10908,0.0,0.0,0.0,0.0,0.0,0.0
10909,0.0,0.0,0.0,0.004791238877481178,0.0,0.0
10910,0.0,0.0,0.0,0.0,0.0,0.0
10911,0.0,0.0,0.0,0.02985074626865672,0.0,0.0
10912,0.0,0.0,0.0,0.004389815627743635,0.0,0.0
10913,0.0,0.0,0.0,0.0,0.0,0.0
10914,0.0,0.0,0.0,0.0,0.0,0.0
10915,0.0,0.0,0.0,0.0,0.0,0.0
10916,0.0,0.0,0.0,0.04122497055359246,0.0,0.0
10917,0.0,0.0,0.0,0.0,0.0,0.0
10918,0.0,0.0,0.0,0.0,0.0,0.0
10919,0.0,0.0,0.0,0.0,0.0,0.0
10920,0.0,0.0,0.0,0.0,0.0,0.0
10921,0.02506482281763181,0.0,0.0,0.14174589455488332,0.0,0.0
10922,0.0,0.0,0.0,0.018518518518518517,0.0,0.0
10923,0.0,0.0,0.0,0.00746268656716418,0.0,0.0
10924,0.0,0.0,0.0,0.0,0.0,0.0
10925,0.0,0.0,0.0,0.05630026809651475,0.0,0.0
10926,0.0,0.0,0.0,0.041791044776119404,0.0,0.0
10927,0.0,0.0,0.0,0.0,0.0,0.0
10928,0.0,0.0,0.0,0.024725274725274724,0.0,0.0
10929,0.0,0.0,0.0,0.01782042494859493,0.0,0.0
10930,0.0,0.0,0.0,0.047619047619047616,0.0,0.0
10931,0.01725327812284334,0.0,0.0,0.03243616287094548,0.0,0.0
10932,0.0,0.0,0.0,0.002514668901927913,0.0,0.0
10933,0.11587982832618025,0.0,0.0,0.1407725321888412,0.036051502145922745,0.036051502145922745
10934,0.0,0.0,0.0,0.0,0.0,0.0
10935,0.0,0.0,0.0,0.0,0.0,0.0
10936,0.0,0.0,0.0,0.0,0.0,0.0
10937,0.0,0.0,0.0,0.0,0.0,0.0
10938,0.0,0.0,0.0,0.05309734513274336,0.0,0.0
10939,0.0,0.0,0.0,0.15731370745170192,0.0,0.0
10940,0.0,0.0,0.0,0.0,0.0,0.0
10941,0.0,0.0,0.0,0.07407407407407407,0.0,0.0
10942,0.0,0.0,0.0,0.07436918990703853,0.0,0.0
10943,0.0,0.0,0.0,0.02005347593582888,0.0,0.0
10944,0.0,0.0,0.0,0.0,0.0,0.0
10945,0.0,0.0,0.0,0.03534956794972506,0.0,0.0
10946,0.0,0.0,0.0,0.0,0.0,0.0
10947,0.0,0.0,0.0,0.0,0.0,0.0
10948,0.0,0.0,0.0,0.0,0.0,0.0
10949,0.0,0.0,0.0,0.10552763819095476,0.0,0.0
10950,0.0,0.0,0.0,0.012555391432791729,0.0,0.0
10951,0.0,0.0,0.0,0.0,0.0,0.0
10952,0.0,0.0,0.0,0.1382842509603073,0.0,0.0
10953,0.0,0.0,0.0,0.0,0.0,0.0
10954,0.037128712871287134,0.0,0.0,0.11633663366336636,0.0,0.0
10955,0.0,0.0,0.0,0.0,0.0,0.0
10956,0.0,0.0,0.0,0.0,0.0,0.0
10957,0.0,0.0,0.0,0.0,0.0,0.0
10958,0.0,0.0,0.0,0.036439354502863085,0.0,0.0
10959,0.0,0.0,0.0,0.10332326283987917,0.00906344410876133,0.00906344410876133
10960,0.0,0.0,0.0,0.5164728682170543,0.0,0.0
10961,0.0,0.0,0.0,0.23054755043227665,0.0,0.0
10962,0.0,0.0,0.0,0.0,0.0,0.0
10963,0.0,0.0,0.0,0.0,0.0,0.0
10964,0.0,0.0,0.0,0.06907378335949764,0.0,0.0
10965,0.0,0.0,0.0,0.01757631822386679,0.0,0.0
10966,0.0,0.0,0.0,0.0,0.0,0.0
10967,0.0,0.0,0.0,0.0,0.0,0.0
10968,0.0,0.0,0.0,0.0,0.0,0.0
10969,0.0,0.0,0.0,0.036036036036036036,0.0,0.0
10970,0.0,0.0,0.0,0.0,0.0,0.0
10971,0.0,0.0,0.0,0.022571148184494603,0.0,0.0
10972,0.0,0.0,0.0,0.0,0.0,0.0
10973,0.0,0.0,0.0,0.0,0.0,0.0
10974,0.0,0.0,0.0,0.0,0.0,0.0
10975,0.0,0.0,0.0,0.038374717832957116,0.0,0.0
10976,0.0,0.0,0.0,0.02803030303030303,0.0,0.0
10977,0.0,0.0,0.0,0.0,0.0,0.0
10978,0.0,0.0,0.0,0.19397759103641454,0.0,0.0
10979,0.0,0.0,0.0,0.44680851063829785,0.0,0.0
10980,0.0,0.0,0.0,0.0,0.0,0.0
10981,0.12578616352201258,0.0440251572327044,0.0440251572327044,0.1320754716981132,0.0,0.0
10982,0.0,0.0,0.0,0.0,0.0,0.0
10983,0.0,0.0,0.0,0.0,0.0,0.0
10984,0.0,0.0,0.0,0.2312579415501906,0.0,0.0
10985,0.0,0.0,0.0,0.08015267175572519,0.0,0.0
10986,0.0,0.0,0.0,0.011542497376705142,0.0,0.0
10987,0.0,0.0,0.0,0.0,0.0,0.0
10988,0.0,0.0,0.0,0.4208,0.0,0.0
10989,0.025078369905956112,0.0,0.0,0.029258098223615463,0.0,0.0
10990,0.0,0.0,0.0,0.01594802126402835,0.0,0.0
10991,0.0,0.0,0.0,0.006825938566552901,0.0,0.0
10992,0.0,0.0,0.0,0.0,0.0,0.0
10993,0.0,0.0,0.0,0.0,0.0,0.0
10994,0.0,0.0,0.0,0.027722772277227727,0.0,0.0
10995,0.0,0.0,0.0,0.0,0.0,0.0
10996,0.0,0.0,0.0,0.2557442557442557,0.0,0.0
10997,0.0,0.0,0.0,0.014760147601476013,0.0,0.0
10998,0.0,0.0,0.0,0.08601346297681378,0.0,0.0
10999,0.0,0.0,0.0,0.08411214953271028,0.0,0.0
11000,0.0,0.0,0.0,0.08045977011494253,0.0,0.0
11001,0.0,0.0,0.0,0.10365135453474676,0.0,0.0
11002,0.0,0.0,0.0,0.16395663956639567,0.0,0.0
11003,0.0,0.0,0.0,0.0827790096082779,0.0,0.0
11004,0.0,0.0,0.0,0.0,0.0,0.0
11005,0.0,0.0,0.0,0.0,0.0,0.0
11006,0.0,0.0,0.0,0.06707855251544571,0.0,0.0
11007,0.0,0.0,0.0,0.0,0.0,0.0
11008,0.0,0.0,0.0,0.0,0.0,0.0
11009,0.0,0.0,0.0,0.08375,0.0,0.0
11010,0.0,0.0,0.0,0.010387157695939566,0.0,0.0
11011,0.0,0.0,0.0,0.0,0.0,0.0
11012,0.0,0.0,0.0,0.14336917562724014,0.0,0.0
11013,0.0,0.0,0.0,0.0,0.0,0.0
11014,0.0,0.0,0.0,0.0,0.0,0.0
11015,0.0,0.0,0.0,0.0,0.0,0.0
11016,0.0,0.0,0.0,0.0,0.0,0.0
11017,0.0,0.0,0.0,0.0,0.0,0.0
11018,0.0,0.0,0.0,0.039235412474849095,0.0,0.0
11019,0.0,0.0,0.0,0.01660079051383399,0.0,0.0
11020,0.0,0.0,0.0,0.0,0.0,0.0
11021,0.0,0.0,0.0,0.0,0.0,0.0
11022,0.0,0.0,0.0,0.0,0.0,0.0
11023,0.0,0.0,0.0,0.0,0.0,0.0
11024,0.07233407904548844,0.0,0.0,0.18046234153616705,0.0,0.0
11025,0.0,0.0,0.0,0.0,0.0,0.0
11026,0.0,0.0,0.0,0.0,0.0,0.0
11027,0.0,0.0,0.0,0.0,0.0,0.0
11028,0.0,0.0,0.0,0.0,0.0,0.0
11029,0.0,0.0,0.0,0.0,0.0,0.0
11030,0.0,0.0,0.0,0.1320754716981132,0.0,0.0
11031,0.0,0.0,0.0,0.0,0.0,0.0
11032,0.0,0.0,0.0,0.06206896551724138,0.0,0.0
11033,0.0,0.0,0.0,0.21212121212121213,0.0,0.0
11034,0.0,0.0,0.0,0.0,0.0,0.0
11035,0.0,0.0,0.0,0.053215077605321515,0.0,0.0
11036,0.0,0.0,0.0,0.0,0.0,0.0
11037,0.0,0.0,0.0,0.0,0.0,0.0
11038,0.014171287738755391,0.0,0.0,0.02341343191620456,0.0,0.0
11039,0.0,0.0,0.0,0.3902439024390244,0.0,0.0
11040,0.0,0.0,0.0,0.0,0.0,0.0
11041,0.0,0.0,0.0,0.0,0.0,0.0
11042,0.0,0.0,0.0,0.0,0.0,0.0
11043,0.0,0.0,0.0,0.04160688665710186,0.0,0.0
11044,0.0,0.0,0.0,0.0403899721448468,0.0,0.0
11045,0.0,0.0,0.0,0.0,0.0,0.0
11046,0.0,0.0,0.0,0.0,0.0,0.0
11047,0.0,0.0,0.0,0.03773584905660377,0.0,0.0
11048,0.0,0.0,0.0,0.07232401157184185,0.0,0.0
11049,0.0,0.0,0.0,0.0,0.0,0.0
11050,0.0,0.0,0.0,0.012972972972972972,0.0,0.0
11051,0.0,0.0,0.0,0.0,0.0,0.0
11052,0.0,0.0,0.0,0.0,0.0,0.0
11053,0.012388162422573986,0.01720578114246387,0.0,0.02339986235375086,0.0,0.0
11054,0.0,0.0,0.0,0.0,0.0,0.0
11055,0.0,0.0,0.0,0.1113744075829384,0.0,0.0
11056,0.0,0.0,0.0,0.0024798512089274642,0.0,0.0
11057,0.0,0.0,0.0,0.0,0.0,0.0
11058,0.0,0.0,0.0,0.07317073170731707,0.0,0.0
11059,0.0,0.0,0.0,0.0,0.0,0.0
11060,0.0,0.0,0.0,0.0009532888465204957,0.0,0.0
11061,0.0,0.0,0.0,0.0,0.0,0.0
11062,0.0,0.0,0.0,0.0,0.0,0.0
11063,0.0,0.0,0.0,0.0,0.0,0.0
11064,0.0,0.0,0.0,0.0,0.0,0.0
11065,0.0,0.0,0.0,0.0,0.0,0.0
11066,0.0,0.0,0.0,0.0,0.0,0.0
11067,0.0,0.0,0.0,0.0,0.0,0.0
11068,0.0,0.0,0.0,0.009771986970684038,0.0,0.0
11069,0.0,0.0,0.0,0.32251655629139075,0.0,0.0
11070,0.0,0.0,0.0,0.0027472527472527475,0.0,0.0
11071,0.0,0.0,0.0,0.459016393442623,0.0,0.0
11072,0.0,0.0,0.0,0.0,0.0,0.0
11073,0.0,0.0,0.0,0.0,0.0,0.0
11074,0.0,0.0,0.0,0.00851063829787234,0.0,0.0
11075,0.0,0.0,0.0,0.11150442477876106,0.0,0.0
11076,0.0,0.0,0.0,0.0,0.0,0.0
11077,0.0,0.0,0.0,0.0,0.0,0.0
11078,0.0,0.0,0.0,0.09645909645909646,0.0,0.0
11079,0.0,0.0,0.0,0.0,0.0,0.0
11080,0.0,0.0,0.0,0.06666666666666668,0.0,0.0
11081,0.0,0.0,0.0,0.0,0.0,0.0
11082,0.0,0.0,0.0,0.2698412698412698,0.0,0.0
11083,0.0,0.0,0.0,0.024899598393574297,0.0,0.0
11084,0.0,0.0,0.0,0.0,0.0,0.0
11085,0.0,0.0,0.0,0.0,0.0,0.0
11086,0.0,0.0,0.0,0.0,0.0,0.0
11087,0.0,0.0,0.0,0.0,0.0,0.0
11088,0.0,0.0,0.0,0.0,0.0,0.0
11089,0.0,0.0,0.0,0.0,0.0,0.0
11090,0.0,0.0,0.0,0.0,0.0,0.0
11091,0.0,0.0,0.0,0.0,0.0,0.0
11092,0.0,0.0,0.0,0.4375,0.0,0.0
11093,0.0,0.0,0.0,0.0,0.0,0.0
11094,0.0,0.0,0.0,0.0,0.0,0.0
11095,0.0,0.0,0.0,0.0,0.0,0.0
11096,0.0,0.0,0.0,0.03555555555555556,0.0,0.0
11097,0.0,0.0,0.0,0.13274336283185842,0.0,0.0
11098,0.0,0.0,0.0,0.0,0.0,0.0
11099,0.0,0.0,0.0,0.022204599524187157,0.0,0.0
11100,0.0,0.0,0.0,0.0,0.0,0.0
11101,0.0,0.0,0.0,0.005516154452324665,0.0,0.0
11102,0.0,0.0,0.0,0.0629742033383915,0.0,0.0
11103,0.0,0.0,0.0,0.014787430683918669,0.0,0.0
11104,0.0,0.0,0.0,0.0,0.0,0.0
11105,0.0,0.0,0.0,0.0,0.0,0.0
11106,0.0,0.0,0.0,0.5336091003102379,0.0,0.0
11107,0.0,0.0,0.0,0.0,0.0,0.0
11108,0.0,0.0,0.0,0.011560693641618495,0.0,0.0
11109,0.0,0.0,0.0,0.15179252479023647,0.0,0.0
11110,0.0,0.0,0.0,0.0,0.0,0.0
11111,0.0,0.0,0.0,0.0,0.0,0.0
11112,0.0,0.0,0.0,0.0,0.0,0.0
11113,0.0,0.0,0.0,0.0,0.0,0.0
11114,0.0,0.0,0.0,0.0,0.0,0.0
11115,0.0,0.0,0.0,0.027855153203342614,0.0,0.0
11116,0.0,0.0,0.0,0.0,0.0,0.0
11117,0.0,0.0,0.0,0.0,0.0,0.0
11118,0.0,0.0,0.0,0.0016750418760469012,0.0,0.0
11119,0.0,0.0,0.0,0.0,0.0,0.0
11120,0.0,0.0,0.0,0.0016103059581320449,0.0,0.0
11121,0.0,0.0,0.0,0.0,0.0,0.0
11122,0.0,0.0,0.0,0.07888888888888887,0.0,0.0
11123,0.0,0.0,0.0,0.0,0.0,0.0
11124,0.0,0.0,0.0,0.0,0.0,0.0
11125,0.0,0.0,0.0,0.0,0.0,0.0
11126,0.0,0.0,0.0,0.2864321608040201,0.0,0.0
11127,0.0,0.0,0.0,0.0,0.0,0.0
11128,0.0,0.0,0.0,0.015517241379310345,0.0,0.0
11129,0.0,0.0,0.0,0.3207184092366902,0.0,0.0
11130,0.0,0.0,0.0,0.0,0.0,0.0
11131,0.0,0.0,0.0,0.0,0.0,0.0
11132,0.0,0.0,0.0,0.1702127659574468,0.0,0.0
11133,0.0,0.0,0.0,0.05882352941176471,0.0,0.0
11134,0.0,0.0,0.0,0.0,0.0,0.0
11135,0.0,0.0,0.0,0.09352517985611512,0.0,0.0
11136,0.07547169811320754,0.0,0.0,0.490566037735849,0.0,0.0
11137,0.0,0.0,0.0,0.014331210191082803,0.0,0.0
11138,0.0,0.0,0.0,0.0,0.0,0.0
11139,0.0,0.0,0.0,0.11416666666666668,0.0,0.0
11140,0.06138107416879796,0.049872122762148335,0.030690537084398974,0.0,0.0,0.0
11141,0.0,0.0,0.0,0.042046250875963566,0.0,0.0
11142,0.0,0.0,0.0,0.028985507246376805,0.0,0.0
11143,0.0,0.0,0.0,0.0,0.0,0.0
11144,0.0,0.0,0.0,0.0,0.0,0.0
11145,0.0,0.0,0.0,0.0,0.0,0.0
11146,0.0,0.0,0.0,0.021671826625387,0.0,0.0
11147,0.0,0.0,0.0,0.6666666666666666,0.0,0.0
11148,0.0,0.0,0.0,0.16243654822335024,0.0,0.0
11149,0.0,0.0,0.0,0.010174418604651164,0.0,0.0
11150,0.0,0.0,0.0,0.0,0.0,0.0
11151,0.0,0.0,0.0,0.09090909090909093,0.0,0.0
11152,0.0,0.0,0.0,0.014259144451332919,0.0,0.0
11153,0.0,0.0,0.0,0.044427710843373484,0.021084337349397592,0.0
11154,0.0,0.0,0.0,0.17889087656529518,0.0,0.0
11155,0.0,0.0,0.0,0.0,0.0,0.0
11156,0.0,0.0,0.0,0.0,0.0,0.0
11157,0.0,0.0,0.0,0.0,0.0,0.0
11158,0.0,0.0,0.0,0.0,0.0,0.0
11159,0.0,0.0,0.0,0.2222222222222222,0.0,0.0
11160,0.0,0.0,0.0,0.0,0.0,0.0
11161,0.0,0.0,0.0,0.011627906976744186,0.0,0.0
11162,0.0,0.0,0.0,0.0,0.0,0.0
11163,0.0,0.0,0.0,0.0,0.0,0.0
11164,0.0,0.0,0.0,0.07740585774058578,0.0,0.0
11165,0.0,0.0,0.0,0.0,0.0,0.0
11166,0.0,0.0,0.0,0.0,0.0,0.0
11167,0.0,0.0,0.0,0.0,0.0,0.0
11168,0.0,0.0,0.0,0.318904593639576,0.0,0.0
11169,0.0,0.0,0.0,0.024922118380062305,0.0,0.0
11170,0.0,0.0,0.0,0.0,0.0,0.0
11171,0.0,0.0,0.0,0.0,0.0,0.0
11172,0.0,0.0,0.0,0.0,0.0,0.0
11173,0.0,0.0,0.0,0.0,0.0,0.0
11174,0.0,0.0,0.0,0.0,0.0,0.0
11175,0.0,0.0,0.0,0.0,0.0,0.0
11176,0.0,0.0,0.0,0.006113537117903929,0.0,0.0
11177,0.0,0.0,0.0,0.09967845659163987,0.0,0.0
11178,0.0,0.0,0.0,0.0,0.0,0.0
11179,0.0,0.0,0.0,0.0,0.0,0.0
11180,0.0,0.0,0.0,0.1176470588235294,0.0,0.0
11181,0.0,0.0,0.0,0.0,0.0,0.0
11182,0.0,0.0,0.0,0.03160270880361174,0.0,0.0
11183,0.0,0.0,0.0,0.0,0.0,0.0
11184,0.0,0.0,0.0,0.0499001996007984,0.0,0.0
11185,0.0,0.0,0.0,0.0163265306122449,0.0,0.0
11186,0.0,0.0,0.0,0.0,0.0,0.0
11187,0.0,0.0,0.0,0.0,0.0,0.0
11188,0.0,0.0,0.0,0.005687203791469194,0.0,0.0
11189,0.0,0.0,0.0,0.042154566744730684,0.0,0.0
11190,0.0,0.0,0.0,0.0,0.0,0.0
11191,0.0,0.0,0.0,0.0033726812816188873,0.0,0.0
11192,0.0,0.0,0.0,0.016666666666666666,0.0,0.0
11193,0.0,0.0,0.0,0.02385159010600707,0.0,0.0
11194,0.0,0.0,0.0,0.0,0.0,0.0
11195,0.0,0.0,0.0,0.0,0.0,0.0
11196,0.0,0.0,0.0,0.4098360655737705,0.0,0.0
11197,0.0,0.0,0.0,0.0950413223140496,0.0,0.0
11198,0.0,0.0,0.0,0.0,0.0,0.0
11199,0.0,0.0,0.0,0.0,0.0,0.0
11200,0.03177004538577912,0.0,0.0,0.2753403933434191,0.0,0.0
11201,0.0,0.0,0.0,0.0,0.0,0.0
11202,0.0,0.0,0.0,0.0,0.0,0.0
11203,0.0,0.0,0.0,0.0,0.0,0.0
11204,0.0,0.0,0.0,0.0,0.0,0.0
11205,0.0,0.0,0.0,0.003152916447714136,0.0,0.0
11206,0.0,0.0,0.0,0.0,0.0,0.0
11207,0.0,0.0,0.0,0.13758389261744966,0.0,0.0
11208,0.0,0.0,0.0,0.0,0.0,0.0
11209,0.0,0.0,0.0,0.04765241765942537,0.0,0.0
11210,0.0,0.0,0.0,0.0,0.0,0.0
11211,0.0,0.0,0.0,0.0,0.0,0.0
11212,0.0,0.0,0.0,0.2354596622889306,0.0,0.0
11213,0.0,0.0,0.0,0.0,0.0,0.0
11214,0.0,0.0,0.0,0.033759124087591234,0.0,0.0
11215,0.0,0.0,0.0,0.0,0.0,0.0
11216,0.0,0.0,0.0,0.11333914559721013,0.0,0.0
11217,0.0,0.0,0.0,0.01282051282051282,0.0,0.0
11218,0.0,0.0,0.0,0.0017211703958691911,0.0,0.0
11219,0.0,0.0,0.0,0.34690681284259983,0.0,0.0
11220,0.0,0.0,0.0,0.0374331550802139,0.0,0.0
11221,0.0,0.0,0.0,0.0,0.0,0.0
11222,0.0,0.0,0.0,0.0,0.0,0.0
11223,0.0,0.0,0.0,0.0,0.0,0.0
11224,0.0,0.0,0.0,0.0,0.0,0.0
11225,0.0,0.0,0.0,0.1036889332003988,0.0,0.0
11226,0.0,0.0,0.0,0.0,0.0,0.0
11227,0.0,0.0,0.0,0.0,0.0,0.0
11228,0.0291970802919708,0.0,0.0,0.017726798748696558,0.0,0.0
11229,0.0,0.0,0.0,0.0,0.0,0.0
11230,0.0,0.0,0.0,0.0,0.0,0.0
11231,0.0,0.0,0.0,0.0,0.0,0.0
11232,0.0,0.0,0.0,0.0,0.0,0.0
11233,0.0,0.0,0.0,0.0,0.0,0.0
11234,0.0,0.0,0.0,0.08779443254817987,0.0,0.0
11235,0.0,0.0,0.0,0.0,0.0,0.0
11236,0.0,0.0,0.0,0.17584369449378331,0.0,0.0
11237,0.0,0.0,0.0,0.0027149321266968325,0.0,0.0
11238,0.0,0.0,0.0,0.03804347826086957,0.0,0.0
11239,0.1,0.0,0.0,0.26666666666666666,0.0,0.0
11240,0.0,0.0,0.0,0.0,0.0,0.0
11241,0.0,0.0,0.0,0.0,0.0,0.0
11242,0.0,0.0,0.0,0.0,0.0,0.0
11243,0.0,0.0,0.0,0.0,0.0,0.0
11244,0.0,0.0,0.0,0.0,0.0,0.0
11245,0.0,0.0,0.0,0.3225806451612903,0.0,0.0
11246,0.0,0.0,0.0,0.1827468785471056,0.0,0.0
11247,0.0,0.0,0.0,0.0,0.0,0.0
11248,0.0,0.0,0.0,0.004842615012106539,0.0,0.0
11249,0.0,0.0,0.0,0.0,0.0,0.0
11250,0.09523809523809523,0.0,0.0,0.09523809523809523,0.09523809523809523,0.09523809523809523
11251,0.0,0.0,0.0,0.020876826722338204,0.0,0.0
11252,0.0,0.0,0.0,0.0,0.0,0.0
11253,0.0,0.0,0.0,0.0,0.0,0.0
11254,0.0,0.0,0.0,0.0,0.0,0.0
11255,0.0,0.0,0.0,0.0,0.0,0.0
11256,0.0,0.0,0.0,0.0743801652892562,0.0,0.0
11257,0.0,0.0,0.0,0.0031421838177533392,0.0,0.0
11258,0.0,0.0,0.0,0.005445881552076242,0.0,0.0
11259,0.0,0.0,0.0,0.0,0.0,0.0
11260,0.0,0.0,0.0,0.0,0.0,0.0
11261,0.0,0.0,0.0,0.023578363384188627,0.0,0.0
11262,0.0,0.0,0.0,0.013257575757575758,0.0,0.0
11263,0.0,0.0,0.0,0.018442622950819672,0.0,0.0
11264,0.0,0.0,0.0,0.02627939142461964,0.0,0.0
11265,0.0,0.0,0.0,0.25,0.0,0.0
11266,0.0,0.0,0.0,0.6235294117647059,0.0,0.0
11267,0.0,0.0,0.0,0.0,0.0,0.0
11268,0.0,0.0,0.0,0.17699115044247787,0.0,0.0
11269,0.0,0.0,0.0,0.0039215686274509795,0.0,0.0
11270,0.0,0.0,0.0,0.050078247261345854,0.0,0.0
11271,0.0,0.0,0.0,0.0,0.0,0.0
11272,0.0,0.0,0.0,0.13793103448275862,0.0,0.0
11273,0.0,0.0,0.0,0.07622298065984072,0.0,0.0
11274,0.0,0.0,0.0,0.0,0.0,0.0
11275,0.0,0.0,0.0,0.0,0.0,0.0
11276,0.0,0.0,0.0,0.01868460388639761,0.0,0.0
11277,0.0,0.0,0.0,0.2537313432835821,0.0,0.0
11278,0.0,0.0,0.0,0.0,0.0,0.0
11279,0.0,0.0,0.0,0.008115419296663661,0.0,0.0
11280,0.0,0.0,0.0,0.0,0.0,0.0
11281,0.0,0.0,0.0,0.03410059676044331,0.0,0.0
11282,0.0,0.0,0.0,0.0,0.0,0.0
11283,0.0,0.0,0.0,0.4318181818181818,0.0,0.0
11284,0.0,0.0,0.0,0.03260869565217391,0.0,0.0
11285,0.0,0.0,0.0,0.0,0.0,0.0
11286,0.0,0.0,0.0,0.01161995898838004,0.0,0.0
11287,0.0,0.0,0.0,0.017069701280227598,0.0,0.0
11288,0.0,0.0,0.0,0.0,0.0,0.0
11289,0.0,0.0,0.0,0.0,0.0,0.0
11290,0.0,0.0,0.0,0.021216407355021217,0.0,0.0
11291,0.0,0.0,0.0,0.3478260869565217,0.0,0.0
11292,0.0,0.0,0.0,0.1,0.0,0.0
11293,0.0,0.0,0.0,0.008505467800729041,0.0,0.0
11294,0.0,0.0,0.0,0.08942065491183879,0.0,0.0
11295,0.0,0.0,0.0,0.11594202898550725,0.0,0.0
11296,0.0,0.0,0.0,0.0,0.0,0.0
11297,0.0,0.0,0.0,0.0,0.0,0.0
11298,0.0,0.0,0.0,0.0,0.0,0.0
11299,0.0,0.011675423234092236,0.0,0.04261529480443666,0.007589025102159953,0.007589025102159953
11300,0.0,0.0,0.0,0.0,0.0,0.0
11301,0.0,0.0,0.0,0.0,0.0,0.0
11302,0.0,0.0,0.0,0.0907749077490775,0.0,0.0
11303,0.0,0.0,0.0,0.0,0.0,0.0
11304,0.0,0.0,0.0,0.0,0.0,0.0
11305,0.0,0.0,0.0,0.012987012987012988,0.0,0.0
11306,0.011572498298162016,0.0,0.0,0.2566371681415929,0.0,0.0
11307,0.0,0.0,0.0,0.0,0.0,0.0
11308,0.0,0.0,0.0,0.045772409408773036,0.0,0.0
11309,0.0,0.0,0.0,0.0,0.0,0.0
11310,0.0,0.0,0.0,0.0,0.0,0.0
11311,0.0,0.0,0.0,0.0,0.0,0.0
11312,0.0,0.0,0.0,0.1274787535410765,0.0,0.0
11313,0.0,0.0,0.0,0.0,0.0,0.0
11314,0.0,0.0,0.0,0.056737588652482275,0.0,0.0
11315,0.0,0.0,0.0,0.0,0.0,0.0
11316,0.0,0.0,0.0,0.0,0.0,0.0
11317,0.0,0.0,0.0,0.0,0.0,0.0
11318,0.0,0.0,0.0,0.0,0.0,0.0
11319,0.0,0.0,0.0,0.0,0.0,0.0
11320,0.0,0.0,0.0,0.0,0.0,0.0
11321,0.0,0.0,0.0,0.0,0.0,0.0
11322,0.0,0.0,0.0,0.0396873120865905,0.0,0.0
11323,0.0,0.0,0.0,0.0,0.0,0.0
11324,0.0,0.0,0.0,0.010375099760574621,0.0,0.0
11325,0.0,0.0,0.0,0.0231629392971246,0.0,0.0
11326,0.0,0.0,0.0,0.0,0.0,0.0
11327,0.0,0.0,0.0,0.0,0.0,0.0
11328,0.0,0.0,0.0,0.0017452006980802793,0.0,0.0
11329,0.0,0.0,0.0,0.022404779686333084,0.0,0.0
11330,0.0,0.0,0.0,0.0,0.0,0.0
11331,0.0,0.0,0.0,0.0,0.0,0.0
11332,0.0,0.0,0.0,0.058513750731421885,0.0,0.0
11333,0.0,0.0,0.0,0.02938196555217832,0.0,0.0
11334,0.0,0.0,0.0,0.0,0.0,0.0
11335,0.0,0.0,0.0,0.0,0.0,0.0
11336,0.0,0.0,0.0,0.047619047619047616,0.0,0.0
11337,0.0,0.0,0.0,0.0,0.0,0.0
11338,0.0,0.0,0.0,0.01156515034695451,0.0,0.0
11339,0.0,0.0,0.0,0.03285968028419183,0.0,0.0
11340,0.0,0.0,0.0,0.0603305785123967,0.0,0.0
11341,0.0,0.0,0.0,0.0,0.0,0.0
11342,0.0,0.0,0.0,0.03403141361256545,0.0,0.0
11343,0.0100418410041841,0.0,0.0,0.2610878661087866,0.0100418410041841,0.0100418410041841
11344,0.0,0.0,0.0,0.0,0.0,0.0
11345,0.0,0.0,0.0,0.0,0.0,0.0
11346,0.0,0.0,0.0,0.0,0.0,0.0
11347,0.0,0.0,0.0,0.02455795677799607,0.0,0.0
11348,0.0,0.0,0.0,0.0,0.0,0.0
11349,0.0,0.0,0.0,0.013392857142857142,0.0,0.0
11350,0.0,0.0,0.0,0.0,0.0,0.0
11351,0.0,0.0,0.0,0.0,0.0,0.0
11352,0.04492641363284276,0.0,0.0,0.026336173508907827,0.0,0.0
11353,0.0,0.0,0.0,0.0472027972027972,0.0,0.0
11354,0.0,0.0,0.0,0.08333333333333333,0.0,0.0
11355,0.0,0.0,0.0,0.0,0.0,0.0
11356,0.0,0.0,0.0,0.0,0.0,0.0
11357,0.0,0.0,0.0,0.05303678357570573,0.0,0.0
11358,0.0,0.0,0.0,0.0,0.0,0.0
11359,0.0,0.0,0.0,0.08118811881188119,0.0,0.0
11360,0.0,0.0,0.0,0.018068102849200837,0.0,0.0
11361,0.0,0.0,0.0,0.0,0.0,0.0
11362,0.0,0.0,0.0,0.3015873015873016,0.0,0.0
11363,0.0,0.0,0.0,0.0,0.0,0.0
11364,0.0,0.0,0.0,0.0,0.0,0.0
11365,0.0,0.0,0.0,0.0,0.0,0.0
11366,0.0,0.0,0.0,0.01968205904617714,0.0,0.0
11367,0.0,0.0,0.0,0.0,0.0,0.0
11368,0.0,0.0,0.0,0.0,0.0,0.0
11369,0.0,0.0,0.0,0.04240282685512368,0.0,0.0
11370,0.0,0.0,0.0,0.0,0.0,0.0
11371,0.0,0.0,0.0,0.0,0.0,0.0
11372,0.0,0.0,0.0,0.0,0.0,0.0
11373,0.0,0.0,0.0,0.09101941747572816,0.0,0.0
11374,0.0,0.0,0.0,0.002609262883235486,0.0,0.0
11375,0.0,0.0,0.0,0.059071729957805914,0.0,0.0
11376,0.0,0.0,0.0,0.0,0.0,0.0
11377,0.0,0.0,0.0,0.0,0.0,0.0
11378,0.0,0.0,0.0,0.0,0.0,0.0
11379,0.0,0.0,0.0,0.0,0.0,0.0
11380,0.0,0.0,0.0,0.0,0.0,0.0
11381,0.0,0.0,0.0,0.0,0.0,0.0
11382,0.0,0.0,0.0,0.0,0.0,0.0
11383,0.0,0.0,0.0,0.0,0.0,0.0
11384,0.0,0.0,0.0,0.0,0.0,0.0
11385,0.0,0.0,0.0,0.0,0.0,0.0
11386,0.0,0.0,0.0,0.0,0.0,0.0
11387,0.0,0.0,0.0,0.0037902716361339225,0.0,0.0
11388,0.0,0.0,0.0,0.0,0.0,0.0
11389,0.0,0.0,0.0,0.05257731958762887,0.0,0.0
11390,0.0,0.0,0.0,0.0,0.0,0.0
11391,0.0,0.0,0.0,0.0,0.0,0.0
11392,0.0,0.0,0.0,0.001002004008016032,0.0,0.0
11393,0.0,0.0,0.0,0.0,0.0,0.0
11394,0.0,0.0,0.0,0.0,0.0,0.0
11395,0.0,0.0,0.0,0.0,0.0,0.0
11396,0.0,0.0,0.0,0.09090909090909093,0.0,0.0
11397,0.0,0.0,0.0,0.002881844380403458,0.0,0.0
11398,0.0,0.0,0.0,0.04186046511627907,0.0,0.0
11399,0.01546738399462004,0.0,0.0,0.10356422326832547,0.0,0.0
11400,0.0,0.0,0.0,0.0,0.0,0.0
11401,0.0,0.0,0.0,0.0,0.0,0.0
11402,0.0,0.0,0.0,0.021843003412969283,0.0,0.0
11403,0.0,0.0,0.0,0.10036496350364964,0.0,0.0
11404,0.02556818181818182,0.0,0.0,0.0,0.0,0.0
11405,0.0,0.0,0.0,0.1683673469387755,0.0,0.0
11406,0.0,0.0,0.0,0.002232142857142857,0.0,0.0
11407,0.0,0.0,0.0,0.0,0.0,0.0
11408,0.0,0.0,0.0,0.0,0.0,0.0
11409,0.0,0.0,0.0,0.0,0.0,0.0
11410,0.0,0.0,0.0,0.06301369863013699,0.0,0.0
11411,0.0,0.0,0.0,0.0,0.0,0.0
11412,0.0,0.0,0.0,0.0,0.0,0.0
11413,0.0,0.0,0.0,0.0611353711790393,0.0,0.0
11414,0.0,0.0,0.0,0.013940520446096654,0.0,0.0
11415,0.0,0.0,0.0,0.0,0.0,0.0
11416,0.0,0.0,0.0,0.0,0.0,0.0
11417,0.0,0.0,0.0,0.0,0.0,0.0
11418,0.0,0.0,0.0,0.0,0.0,0.0
11419,0.0,0.0,0.0,0.0,0.0,0.0
11420,0.0,0.0,0.0,0.0,0.0,0.0
11421,0.0,0.0,0.0,0.0,0.0,0.0
11422,0.0,0.0,0.0,0.04662162162162162,0.0,0.0
11423,0.0,0.0,0.0,0.014234875444839857,0.0,0.0
11424,0.0,0.0,0.0,0.1200701139351446,0.0,0.0
11425,0.0,0.0,0.0,0.07407407407407407,0.0,0.0
11426,0.04433497536945813,0.0,0.0,0.0,0.0,0.0
11427,0.0,0.0,0.0,0.0,0.0,0.0
11428,0.0,0.0,0.0,0.0,0.0,0.0
11429,0.0,0.0,0.0,0.0,0.0,0.0
11430,0.0,0.0,0.0,0.014318010550113038,0.006028636021100226,0.0
11431,0.0,0.0,0.0,0.02445803224013341,0.0,0.0
11432,0.0,0.0,0.0,0.0,0.0,0.0
11433,0.0,0.0,0.0,0.06580166821130677,0.0,0.0
11434,0.0,0.0,0.0,0.0,0.0,0.0
11435,0.0,0.0,0.0,0.0,0.0,0.0
11436,0.0,0.0,0.0,0.0,0.0,0.0
11437,0.009860312243221037,0.0,0.0,0.02875924404272802,0.0,0.0
11438,0.0,0.0,0.0,0.05225653206650832,0.0,0.0
11439,0.0,0.0,0.0,0.0,0.0,0.0
11440,0.0,0.0,0.0,0.0,0.0,0.0
11441,0.0,0.0,0.0,0.014094432699083862,0.0,0.0
11442,0.0,0.0,0.0,0.0,0.0,0.0
11443,0.0,0.0,0.0,0.29508196721311475,0.0,0.0
11444,0.0,0.0,0.0,0.007352941176470587,0.0,0.0
11445,0.0,0.0,0.0,0.0,0.0,0.0
11446,0.0,0.0,0.0,0.0,0.0,0.0
11447,0.0,0.0,0.0,0.16714697406340054,0.0,0.0
11448,0.0,0.0,0.0,0.028571428571428567,0.0,0.0
11449,0.0,0.0,0.0,0.03430531732418525,0.0,0.0
11450,0.0,0.0,0.0,0.0,0.0,0.0
11451,0.0,0.0,0.0,0.09513960703205793,0.0,0.0
11452,0.0,0.0,0.0,0.0,0.0,0.0
11453,0.0,0.0,0.0,0.0,0.0,0.0
11454,0.0,0.0,0.0,0.11605723370429252,0.0,0.0
11455,0.0,0.0,0.0,0.0,0.0,0.0
11456,0.0,0.0,0.0,0.18626609442060085,0.0,0.0
11457,0.0,0.0,0.0,0.17687747035573126,0.0,0.0
11458,0.0,0.0,0.0,0.0,0.0,0.0
11459,0.0,0.0,0.0,0.0,0.0,0.0
11460,0.0,0.0,0.0,0.01694915254237288,0.0,0.0
11461,0.0,0.0,0.0,0.01877133105802048,0.0,0.0
11462,0.0,0.0,0.0,0.0,0.0,0.0
11463,0.0,0.0,0.0,0.0,0.0,0.0
11464,0.0,0.0,0.0,0.5,0.0,0.0
11465,0.0,0.0,0.0,0.09497816593886464,0.0,0.0
11466,0.0,0.0,0.0,0.007620164126611957,0.0,0.0
11467,0.0,0.0,0.0,0.2380952380952381,0.0,0.0
11468,0.0,0.0,0.0,0.05164835164835165,0.0,0.0
11469,0.0,0.0,0.0,0.016374269005847954,0.0,0.0
11470,0.0,0.0,0.0,0.013015184381778741,0.0,0.0
11471,0.0,0.0,0.0,0.3076923076923077,0.0,0.0
11472,0.0,0.0,0.0,0.08638360175695461,0.0,0.0
11473,0.0,0.0,0.0,0.0,0.0,0.0
11474,0.0,0.0,0.0,0.0,0.0,0.0
11475,0.0,0.0,0.0,0.13028764805414553,0.0,0.0
11476,0.0,0.0,0.0,0.0,0.0,0.0
11477,0.0,0.0,0.0,0.0,0.0,0.0
11478,0.0,0.0,0.0,0.008658008658008658,0.0,0.0
11479,0.0,0.0,0.0,0.11797752808988765,0.0,0.0
11480,0.0,0.0,0.0,0.25,0.0,0.0
11481,0.0,0.0,0.0,0.0,0.0,0.0
11482,0.0,0.0,0.0,0.0991150442477876,0.0,0.0
11483,0.0,0.0,0.0,0.004067107269954245,0.0,0.0
11484,0.0,0.0,0.0,0.1836734693877551,0.0,0.0
11485,0.09505703422053233,0.0,0.0,0.053231939163498096,0.0,0.0
11486,0.0,0.0,0.0,0.028260869565217388,0.0,0.0
11487,0.0,0.0,0.0,0.17846693973083674,0.0,0.0
11488,0.0,0.0,0.0,0.0,0.0,0.0
11489,0.0,0.0,0.0,0.07317073170731707,0.0,0.0
11490,0.0,0.0,0.0,0.07946498819826907,0.0,0.0
11491,0.0,0.0,0.0,0.21052631578947367,0.0,0.0
11492,0.0,0.0,0.0,0.039860139860139865,0.0,0.0
11493,0.0,0.0,0.0,0.0,0.0,0.0
11494,0.0,0.0,0.0,0.0,0.0,0.0
11495,0.041487839771101584,0.0,0.0,0.1459227467811159,0.0,0.0
11496,0.0,0.0,0.0,0.0,0.0,0.0
11497,0.0,0.0,0.0,0.0,0.0,0.0
11498,0.0,0.0,0.0,0.0,0.0,0.0
11499,0.0,0.0,0.0,0.05,0.0,0.0
11500,0.0,0.0,0.0,0.004583651642475172,0.0,0.0
11501,0.0,0.0,0.0,0.02411873840445269,0.0,0.0
11502,0.0,0.0,0.0,0.0,0.0,0.0
11503,0.0,0.0,0.0,0.11864406779661014,0.0,0.0
11504,0.09615384615384616,0.0,0.0,0.13365384615384615,0.0,0.0
11505,0.0,0.0,0.0,0.025278058645096056,0.0,0.0
11506,0.0,0.0,0.0,0.0,0.0,0.0
11507,0.0,0.0,0.0,0.0,0.0,0.0
11508,0.0,0.0,0.0,0.20302013422818796,0.0,0.0
11509,0.0,0.0,0.0,0.1282051282051282,0.0,0.0
11510,0.0,0.0,0.0,0.056265984654731455,0.0,0.0
11511,0.1053061224489796,0.0,0.022857142857142857,0.2,0.00816326530612245,0.022857142857142857
11512,0.0,0.0,0.0,0.0,0.0,0.0
11513,0.0,0.0,0.0,0.0,0.0,0.0
11514,0.0,0.0,0.0,0.2266081871345029,0.0,0.0
11515,0.049107142857142856,0.00818452380952381,0.00818452380952381,0.0900297619047619,0.0,0.0
11516,0.0,0.0,0.0,0.02767175572519084,0.0,0.0
11517,0.0,0.0,0.0,0.053376906318082784,0.0,0.0
11518,0.0,0.0,0.0,0.0,0.0,0.0
11519,0.0,0.0,0.0,0.11031390134529148,0.0,0.0
11520,0.0,0.0,0.0,0.013613861386138614,0.0,0.0
11521,0.007653061224489796,0.0,0.0,0.3477891156462585,0.0,0.0
11522,0.0,0.0,0.0,0.0,0.0,0.0
11523,0.0,0.0,0.0,0.04292527821939587,0.0,0.0
11524,0.0,0.0,0.0,0.09196891191709844,0.0,0.0
11525,0.0,0.0,0.0,0.0,0.0,0.0
11526,0.0,0.0,0.0,0.016666666666666666,0.0,0.0
11527,0.0,0.0,0.0,0.051590713671539126,0.0,0.0
11528,0.0,0.0,0.0,0.0,0.0,0.0
11529,0.0,0.0,0.0,0.07142857142857142,0.0,0.0
11530,0.0,0.0,0.0,0.0,0.0,0.0
11531,0.0,0.0,0.0,0.07597340930674264,0.0,0.0
11532,0.0,0.0,0.0,0.0,0.0,0.0
11533,0.0,0.0,0.0,0.037639007698887936,0.0,0.0
11534,0.0,0.0,0.0,0.1724137931034483,0.0,0.0
11535,0.0,0.0,0.0,0.0,0.0,0.0
11536,0.0,0.0,0.0,0.0,0.0,0.0
11537,0.0,0.0,0.0,0.0,0.0,0.0
11538,0.0,0.0,0.0,0.0,0.0,0.0
11539,0.0,0.0,0.0,0.008396305625524769,0.0,0.0
11540,0.0,0.0,0.0,0.1020408163265306,0.0,0.0
11541,0.025087807325639738,0.0,0.0,0.03361766181635725,0.0055193176116407425,0.0055193176116407425
11542,0.0,0.0,0.0,0.0,0.0,0.0
11543,0.0,0.0,0.0,0.009860312243221037,0.0,0.0
11544,0.0,0.0,0.0,0.0,0.0,0.0
11545,0.0,0.0,0.0,0.0,0.0,0.0
11546,0.0,0.0,0.0,0.2416918429003021,0.0,0.0
11547,0.0,0.0,0.0,0.0,0.0,0.0
11548,0.0,0.0,0.0,0.17449664429530198,0.0,0.0
11549,0.0,0.0,0.0,0.0297339593114241,0.0,0.0
11550,0.0,0.0,0.0,0.0,0.0,0.0
11551,0.07947019867549669,0.0,0.0,0.12109744560075685,0.0,0.0
11552,0.0,0.0,0.0,0.0,0.0,0.0
11553,0.0,0.0,0.0,0.008710801393728224,0.0,0.0
11554,0.0,0.0,0.0,0.0,0.0,0.0
11555,0.0,0.0,0.0,0.14788732394366194,0.0,0.0
11556,0.0,0.0,0.0,0.10416666666666667,0.0,0.0
11557,0.0,0.0,0.0,0.12400635930047695,0.0,0.0
11558,0.0,0.0,0.0,0.0,0.0,0.0
11559,0.0,0.0,0.0,0.0,0.0,0.0
11560,0.0,0.0,0.0,0.0,0.0,0.0
11561,0.0,0.0,0.0,0.005116959064327485,0.0,0.0
11562,0.0,0.0,0.0,0.19387755102040816,0.0,0.0
11563,0.0,0.0,0.0,0.29878048780487804,0.0,0.0
11564,0.0,0.0,0.0,0.054545454545454536,0.0,0.0
11565,0.0,0.0,0.0,0.0,0.0,0.0
11566,0.0,0.0,0.0,0.0,0.0,0.0
11567,0.0,0.0,0.0,0.15614617940199335,0.0,0.0
11568,0.0,0.0,0.0,0.027134876296887468,0.0,0.0
11569,0.0,0.0,0.0,0.0018281535648994515,0.0,0.0
11570,0.0,0.0,0.0,0.0,0.0,0.0
11571,0.0,0.0,0.0,0.0,0.0,0.0
11572,0.0,0.0,0.0,0.0,0.0,0.0
11573,0.0,0.0,0.0,0.03219871205151794,0.0,0.0
11574,0.0,0.0,0.0,0.0,0.0,0.0
11575,0.0,0.0,0.0,0.3005780346820809,0.0,0.0
11576,0.0,0.0,0.0,0.0,0.0,0.0
11577,0.0,0.0,0.0,0.0,0.0,0.0
11578,0.0,0.0,0.0,0.0,0.0,0.0
11579,0.0,0.0,0.0,0.0,0.0,0.0
11580,0.0,0.0,0.0,0.0,0.0,0.0
11581,0.0,0.0,0.0,0.02509652509652509,0.0,0.0
11582,0.0,0.0,0.0,0.0,0.0,0.0
11583,0.0,0.0,0.0,0.17133163698049195,0.0,0.0
11584,0.005755395683453238,0.0,0.0,0.10071942446043164,0.0,0.0
11585,0.0,0.0,0.0,0.0,0.0,0.0
11586,0.0,0.0,0.0,0.0,0.0,0.0
11587,0.0,0.0,0.0,0.0,0.0,0.0
11588,0.0,0.0,0.0,0.0,0.0,0.0
11589,0.0,0.0,0.0,0.15027624309392265,0.0,0.0
11590,0.0,0.0,0.0,0.0,0.0,0.0
11591,0.0,0.0,0.0,0.2481203007518797,0.0,0.0
11592,0.0,0.0,0.0,0.0,0.0,0.0
11593,0.0,0.0,0.0,0.017335766423357664,0.0,0.0
11594,0.0,0.0,0.0,0.0028011204481792717,0.0,0.0
11595,0.051781737193763916,0.0,0.0,0.04732739420935412,0.0,0.0
11596,0.0,0.0,0.0,0.0,0.0,0.0
11597,0.0,0.0,0.0,0.0,0.0,0.0
11598,0.0,0.0,0.0,0.045454545454545456,0.0,0.0
11599,0.0,0.0,0.0,0.0,0.0,0.0
11600,0.0,0.0,0.0,0.1921844971172325,0.0,0.0
11601,0.0,0.0,0.0,0.0,0.0,0.0
11602,0.0,0.0,0.0,0.10917874396135266,0.0,0.0
11603,0.0,0.0,0.0,0.0,0.0,0.0
11604,0.02456778889899909,0.0,0.0,0.02638762511373976,0.0,0.0
11605,0.0,0.0,0.0,0.0,0.0,0.0
11606,0.0,0.0,0.0,0.005714285714285714,0.0,0.0
11607,0.0,0.0,0.0,0.0,0.0,0.0
11608,0.0,0.0,0.0,0.05154028436018957,0.0,0.0
11609,0.0,0.0,0.0,0.03660565723793677,0.0,0.0
11610,0.0,0.0,0.0,0.0,0.0,0.0
11611,0.0,0.0,0.0,0.0,0.0,0.0
11612,0.0,0.0,0.0,0.0,0.0,0.0
11613,0.0,0.0,0.0,0.02568807339449541,0.0,0.0
11614,0.0,0.0,0.0,0.0,0.0,0.0
11615,0.0,0.0,0.0,0.26217228464419473,0.0,0.0
11616,0.0,0.0,0.0,0.0,0.0,0.0
11617,0.0,0.0,0.0,0.05143721633888049,0.0,0.0
11618,0.0,0.0,0.0,0.0,0.0,0.0
11619,0.0,0.0,0.0,0.3380281690140845,0.0,0.0
11620,0.0,0.0,0.0,0.0,0.0,0.0
11621,0.0,0.0,0.0,0.0,0.0,0.0
11622,0.0,0.0,0.0,0.0,0.0,0.0
11623,0.0814663951120163,0.0,0.0,0.10183299389002036,0.0,0.0
11624,0.06222222222222223,0.0,0.0,0.08888888888888889,0.0,0.0
11625,0.0,0.0,0.0,0.22239031770045387,0.0,0.0
11626,0.0,0.0,0.0,0.0215633423180593,0.0,0.0
11627,0.0,0.0,0.0,0.0,0.0,0.0
11628,0.0,0.0,0.0,0.2199349945828819,0.0,0.0
11629,0.0,0.0,0.0,0.08737864077669902,0.0,0.0
11630,0.0,0.0,0.0,0.0,0.0,0.0
11631,0.0,0.0,0.0,0.0,0.0,0.0
11632,0.022292993630573247,0.022292993630573247,0.0,0.0,0.0,0.0
11633,0.0,0.0,0.0,0.02297794117647059,0.0,0.0
11634,0.0,0.0,0.0,0.16157855547282204,0.0,0.0
11635,0.0,0.0,0.0,0.0,0.0,0.0
11636,0.0,0.0,0.0,0.0,0.0,0.0
11637,0.0,0.0,0.0,0.0,0.0,0.0
11638,0.0,0.0,0.0,0.0,0.0,0.0
11639,0.0,0.0,0.0,0.16492450638792105,0.0,0.0
11640,0.052173913043478265,0.0,0.0,0.0,0.0,0.0
11641,0.0,0.0,0.0,0.01892285298398836,0.0,0.0
11642,0.0,0.0,0.0,0.031914893617021274,0.0,0.0
11643,0.0,0.0,0.0,0.034858387799564274,0.0,0.0
11644,0.0,0.0,0.0,0.0,0.0,0.0
11645,0.0,0.0,0.0,0.0,0.0,0.0
11646,0.0,0.0,0.0,0.0,0.0,0.0
11647,0.0,0.0,0.0,0.03414634146341464,0.0,0.0
11648,0.0,0.0,0.0,0.0,0.0,0.0
11649,0.0,0.0,0.0,0.0,0.0,0.0
11650,0.0,0.0,0.0,0.0,0.0,0.0
11651,0.0,0.0,0.0,0.03642384105960265,0.0,0.0
11652,0.0160857908847185,0.0,0.0,0.12689901697944594,0.0,0.0
11653,0.0,0.0,0.0,0.0,0.0,0.0
11654,0.0,0.0,0.0,0.0,0.0,0.0
11655,0.0,0.0,0.0,0.037383177570093455,0.0,0.0
11656,0.0,0.0,0.0,0.0,0.0,0.0
11657,0.0,0.0,0.0,0.0,0.0,0.0
11658,0.0,0.0,0.0,0.0,0.0,0.0
11659,0.0,0.0,0.0,0.0,0.0,0.0
11660,0.0,0.0,0.0,0.0,0.0,0.0
11661,0.0,0.0,0.0,0.08560311284046693,0.0,0.0
11662,0.0,0.0,0.0,0.2647058823529412,0.0,0.0
11663,0.0,0.0,0.0,0.004555808656036446,0.0,0.0
11664,0.0,0.0,0.0,0.0,0.0,0.0
11665,0.0,0.0,0.0,0.0,0.0,0.0
11666,0.0,0.0,0.0,0.0,0.0,0.0
11667,0.0,0.0,0.0,0.0,0.0,0.0
11668,0.0,0.0,0.0,0.0,0.0,0.0
11669,0.0,0.0,0.0,0.0,0.0,0.0
11670,0.0,0.0,0.0,0.0,0.0,0.0
11671,0.0,0.0,0.0,0.015310233682514104,0.0,0.0
11672,0.0,0.0,0.0,0.0,0.0,0.0
11673,0.0,0.0,0.0,0.0,0.0,0.0
11674,0.0,0.0,0.0,0.0,0.0,0.0
11675,0.0,0.0,0.0,0.22993197278911565,0.0,0.0
11676,0.0,0.0,0.0,0.0,0.0,0.0
11677,0.0,0.0,0.0,0.0,0.0,0.0
11678,0.0,0.0,0.0,0.0,0.0,0.0
11679,0.0,0.0,0.0,0.0,0.0,0.0
11680,0.030525030525030524,0.017094017094017096,0.017094017094017096,0.11477411477411475,0.0,0.0
11681,0.0,0.0,0.0,0.0,0.0,0.0
11682,0.0,0.0,0.0,0.19844020797227035,0.0,0.0
11683,0.0,0.0,0.0,0.2479406919275124,0.0,0.0
11684,0.0,0.0,0.0,0.008258774948382657,0.0,0.0
11685,0.0,0.0,0.0,0.25806451612903225,0.0,0.0
11686,0.0,0.0,0.0,0.21448730009407335,0.0,0.0
11687,0.0,0.0,0.0,0.07155963302752294,0.0,0.0
11688,0.0,0.0,0.0,0.0,0.0,0.0
11689,0.0,0.0,0.0,0.0,0.0,0.0
11690,0.0,0.0,0.0,0.0,0.0,0.0
11691,0.0,0.0,0.0,0.042168674698795185,0.0,0.0
11692,0.0,0.0,0.0,0.0,0.0,0.0
11693,0.0,0.0,0.0,0.0,0.0,0.0
11694,0.0,0.0,0.0,0.023529411764705882,0.0,0.0
11695,0.0,0.0,0.0,0.1493212669683258,0.0,0.0
11696,0.0,0.0,0.0,0.0007215007215007215,0.0,0.0
11697,0.0,0.0,0.0,0.0,0.0,0.0
11698,0.035346097201767304,0.0,0.0,0.3269513991163476,0.0,0.0
11699,0.0,0.0,0.0,0.025392083644510833,0.0,0.0
11700,0.0,0.0,0.0,0.07592592592592592,0.0,0.0
11701,0.0,0.0,0.0,0.0,0.0,0.0
11702,0.0,0.0,0.0,0.09777777777777777,0.0,0.0
11703,0.0,0.0,0.0,0.08412483039348713,0.0,0.0
11704,0.0,0.0,0.0,0.0,0.0,0.0
11705,0.0,0.0,0.0,0.0,0.0,0.0
11706,0.0,0.0,0.0,0.0,0.0,0.0
11707,0.0,0.0,0.0,0.0,0.0,0.0
11708,0.0,0.0,0.0,0.0,0.0,0.0
11709,0.0,0.0,0.0,0.0,0.0,0.0
11710,0.0,0.0,0.0,0.025157232704402517,0.0,0.0
11711,0.0,0.0,0.0,0.028571428571428567,0.0,0.0
11712,0.0,0.0,0.0,0.0,0.0,0.0
11713,0.0,0.0,0.0,0.0,0.0,0.0
11714,0.0,0.0,0.0,0.03505535055350553,0.0,0.0
11715,0.0,0.0,0.0,0.04702970297029703,0.0,0.0
11716,0.0,0.0,0.0,0.0,0.0,0.0
11717,0.0,0.0,0.0,0.13846153846153847,0.0,0.0
11718,0.0,0.0,0.0,0.02465483234714004,0.0,0.0
11719,0.0,0.0,0.0,0.0,0.0,0.0
11720,0.0,0.0,0.0,0.0,0.0,0.0
11721,0.0,0.0,0.0,0.006746626686656672,0.0,0.0
11722,0.0,0.0,0.0,0.0,0.0,0.0
11723,0.0,0.0,0.0,0.0,0.0,0.0
11724,0.0,0.0,0.0,0.21757618710134655,0.009922041105598866,0.0
11725,0.0,0.0,0.0,0.00185356811862836,0.0,0.0
11726,0.0,0.0,0.0,0.0,0.0,0.0
11727,0.0,0.0,0.0,0.0,0.0,0.0
11728,0.0,0.0,0.0,0.07246376811594203,0.0,0.0
11729,0.0,0.0,0.0,0.17916666666666667,0.0,0.0
11730,0.03404255319148936,0.0,0.0,0.04680851063829787,0.0,0.0
11731,0.0,0.0,0.0,0.0,0.0,0.0
11732,0.0,0.0,0.0,0.06859205776173287,0.0,0.0
11733,0.0,0.0,0.0,0.052376333656644035,0.0,0.0
11734,0.0,0.0,0.0,0.0,0.0,0.0
11735,0.0,0.0,0.0,0.0,0.0,0.0
11736,0.0,0.0,0.0,0.023693803159173757,0.0,0.0
11737,0.0,0.0,0.0,0.0,0.0,0.0
11738,0.0,0.0,0.0,0.14437086092715232,0.0,0.0
11739,0.0,0.0,0.0,0.0,0.0,0.0
11740,0.0,0.0,0.0,0.0,0.0,0.0
11741,0.0,0.0,0.0,0.02521489971346705,0.0,0.0
11742,0.0,0.0,0.0,0.1851851851851852,0.0,0.0
11743,0.0,0.0,0.0,0.0,0.0,0.0
11744,0.0,0.0,0.0,0.0,0.0,0.0
11745,0.0,0.0,0.0,0.06070640176600441,0.0,0.0
11746,0.0,0.0,0.0,0.01813471502590673,0.0,0.0
11747,0.0,0.0,0.0,0.0,0.0,0.0
11748,0.0,0.0,0.0,0.13636363636363635,0.0,0.0
11749,0.0,0.0,0.0,0.0,0.0,0.0
11750,0.0,0.0,0.0,0.0,0.0,0.0
11751,0.016853932584269662,0.0,0.0,0.1808988764044944,0.0,0.0
11752,0.0,0.0,0.0,0.0,0.0,0.0
11753,0.0,0.0,0.0,0.0,0.0,0.0
11754,0.0,0.0,0.0,0.0,0.0,0.0
11755,0.0,0.0,0.0,0.0,0.0,0.0
11756,0.0,0.0,0.0,0.0,0.0,0.0
11757,0.0,0.0,0.0,0.0,0.0,0.0
11758,0.0,0.0,0.0,0.07590467784642542,0.0,0.0
11759,0.0,0.0,0.0,0.016049382716049384,0.0,0.0
11760,0.0,0.0,0.0,0.0017595307917888567,0.0,0.0
11761,0.1342925659472422,0.0,0.0,0.0671462829736211,0.0,0.0
11762,0.0,0.0,0.0,0.029082774049217,0.0,0.0
11763,0.0,0.0,0.0,0.0,0.0,0.0
11764,0.0,0.0,0.0,0.2,0.0,0.0
11765,0.0,0.0,0.0,0.029917250159134313,0.0,0.0
11766,0.0,0.0,0.0,0.0,0.0,0.0
11767,0.0,0.0,0.0,0.0,0.0,0.0
11768,0.0,0.0,0.0,0.0,0.0,0.0
11769,0.0,0.0,0.0,0.08917682926829268,0.0,0.0
11770,0.0,0.0,0.0,0.0,0.0,0.0
11771,0.0,0.0,0.0,0.16666666666666666,0.0,0.0
11772,0.0,0.0,0.0,0.0,0.0,0.0
11773,0.0,0.0,0.0,0.0,0.0,0.0
11774,0.02566633761105627,0.0,0.0,0.05133267522211254,0.0,0.0
11775,0.0,0.0,0.0,0.16801437556154536,0.0,0.0
11776,0.0,0.0,0.0,0.0,0.0,0.0
11777,0.0,0.0,0.0,0.0,0.0,0.0
11778,0.0,0.0,0.0,0.04686584651435267,0.0,0.0
11779,0.0,0.0,0.0,0.0372093023255814,0.0,0.0
11780,0.0,0.0,0.0,0.0,0.0,0.0
11781,0.0,0.0,0.0,0.0,0.0,0.0
11782,0.0,0.0,0.0,0.0,0.0,0.0
11783,0.0,0.0,0.0,0.0,0.0,0.0
11784,0.0,0.0,0.0,0.0,0.0,0.0
11785,0.0,0.0,0.0,0.0,0.0,0.0
11786,0.0,0.0,0.0,0.0,0.0,0.0
11787,0.0,0.0,0.0,0.018579234972677598,0.0,0.0
11788,0.0,0.0,0.0,0.01523229246001523,0.0,0.0
11789,0.0,0.0,0.0,0.0,0.0,0.0
11790,0.0,0.0,0.0,0.002362204724409449,0.0,0.0
11791,0.0,0.0,0.0,0.0,0.0,0.0
11792,0.0,0.0,0.0,0.0,0.0,0.0
11793,0.0,0.0,0.0,0.0,0.0,0.0
11794,0.0,0.0,0.0,0.002362669816893089,0.0,0.0
11795,0.0,0.0,0.0,0.10236220472440943,0.0,0.0
11796,0.0,0.0,0.0,0.016083254493850518,0.0,0.0
11797,0.0,0.0,0.0,0.0,0.0,0.0
11798,0.0,0.0,0.0,0.1518987341772152,0.0,0.0
11799,0.0,0.0,0.0,0.0005285412262156448,0.0,0.0
11800,0.0,0.0,0.0,0.015267175572519085,0.0,0.0
11801,0.0,0.0,0.0,0.017843289371605897,0.0,0.0
11802,0.0,0.0,0.0,0.0,0.0,0.0
11803,0.022425249169435217,0.0,0.0,0.0,0.0,0.0
11804,0.0,0.0,0.0,0.0,0.0,0.0
11805,0.0,0.0,0.0,0.0,0.0,0.0
11806,0.0,0.0,0.0,0.01879327398615233,0.0,0.0
11807,0.0,0.0,0.0,0.018530351437699683,0.0,0.0
11808,0.0,0.0,0.0,0.0424646128226478,0.0,0.0
11809,0.0,0.0,0.0,0.0,0.0,0.0
11810,0.0,0.0,0.0,0.0,0.0,0.0
11811,0.0,0.0,0.0,0.0,0.0,0.0
11812,0.0,0.0,0.0,0.18181818181818185,0.0,0.0
11813,0.0,0.0,0.0,0.0708955223880597,0.0,0.0
11814,0.0,0.0,0.0,0.0,0.0,0.0
11815,0.0,0.0,0.0,0.0,0.0,0.0
11816,0.0,0.0,0.0,0.0,0.0,0.0
11817,0.0,0.0,0.0,0.0,0.0,0.0
11818,0.0,0.0,0.0,0.0,0.0,0.0
11819,0.0,0.0,0.0,0.0,0.0,0.0
11820,0.0,0.0,0.0,0.010935601458080195,0.0,0.0
11821,0.0,0.0,0.0,0.003202562049639712,0.0,0.0
11822,0.0,0.0,0.0,0.0,0.0,0.0
11823,0.0,0.0,0.0,0.0,0.0,0.0
11824,0.0,0.0,0.0,0.032490974729241874,0.0,0.0
11825,0.0,0.0,0.0,0.009911894273127754,0.0,0.0
11826,0.0,0.0,0.0,0.0,0.0,0.0
11827,0.0,0.0,0.0,0.0,0.0,0.0
11828,0.0,0.0,0.0,0.29411764705882354,0.0,0.0
11829,0.0,0.0,0.0,0.005747126436781609,0.0,0.0
11830,0.0,0.0,0.0,0.0,0.0,0.0
11831,0.0,0.0,0.0,0.33382137628111275,0.0,0.0
11832,0.0,0.0,0.0,0.0,0.0,0.0
11833,0.0,0.0,0.0,0.0,0.0,0.0
11834,0.0,0.0,0.0,0.0703125,0.0,0.0
11835,0.0,0.0,0.0,0.025362318840579712,0.0,0.0
11836,0.0,0.0,0.0,0.0,0.0,0.0
11837,0.0,0.0,0.0,0.0,0.0,0.0
11838,0.0,0.0,0.0,0.0,0.0,0.0
11839,0.0,0.0,0.0,0.16112852664576802,0.0,0.0
11840,0.0,0.0,0.0,0.0,0.0,0.0
11841,0.0,0.0,0.0,0.12,0.0,0.0
11842,0.0,0.0,0.0,0.0,0.0,0.0
11843,0.0,0.0,0.0,0.2953451043338684,0.0,0.0
11844,0.0,0.0,0.0,0.0,0.0,0.0
11845,0.0,0.0,0.0,0.1111111111111111,0.0,0.0
11846,0.0,0.0,0.0,0.0,0.0,0.0
11847,0.0,0.0,0.0,0.0,0.0,0.0
11848,0.0,0.0,0.0,0.0,0.0,0.0
11849,0.0,0.0,0.0,0.5,0.0,0.0
11850,0.0,0.0,0.0,0.0,0.0,0.0
11851,0.0,0.0,0.0,0.0,0.0,0.0
11852,0.0,0.0,0.0,0.0,0.0,0.0
11853,0.0,0.0,0.0,0.0,0.0,0.0
11854,0.0,0.0,0.0,0.0,0.0,0.0
11855,0.0,0.0,0.0,0.0,0.0,0.0
11856,0.0,0.0,0.0,0.10619469026548672,0.0,0.0
11857,0.03196022727272727,0.0,0.0,0.011363636363636364,0.0,0.0
11858,0.0,0.0,0.0,0.03886255924170616,0.0,0.0
11859,0.0,0.0,0.0,0.0,0.0,0.0
11860,0.0,0.0,0.0,0.0,0.0,0.0
11861,0.0,0.0,0.0,0.0005543237250554324,0.0,0.0
11862,0.0,0.0,0.0,0.0,0.0,0.0
11863,0.21561338289962825,0.0,0.0,0.15613382899628253,0.0,0.0
11864,0.0,0.0,0.0,0.0,0.0,0.0
11865,0.0,0.0,0.0,0.04056437389770723,0.0,0.0
11866,0.0,0.0,0.0,0.0,0.0,0.0
11867,0.0,0.0,0.0,0.0,0.0,0.0
11868,0.0,0.016260162601626018,0.0,0.07967479674796749,0.0,0.0
11869,0.0,0.0,0.0,0.013750954927425516,0.0,0.0
11870,0.0,0.0,0.0,0.0169971671388102,0.0,0.0
11871,0.0,0.0,0.0,0.0,0.0,0.0
11872,0.0,0.0,0.0,0.0,0.0,0.0
11873,0.0,0.0,0.0,0.0,0.0,0.0
11874,0.0,0.0,0.0,0.04279749478079332,0.0,0.0
11875,0.0,0.0,0.0,0.024618414574101428,0.0,0.0
11876,0.0,0.0,0.0,0.0,0.0,0.0
11877,0.0,0.0,0.0,0.054252199413489736,0.0,0.0
11878,0.0,0.0,0.0,0.0,0.0,0.0
11879,0.0,0.0,0.0,0.0,0.0,0.0
11880,0.0,0.0,0.0,0.12389380530973453,0.0,0.0
11881,0.0,0.0,0.0,0.0,0.0,0.0
11882,0.0,0.0,0.0,0.0,0.0,0.0
11883,0.0,0.0,0.0,0.0,0.0,0.0
11884,0.0,0.0,0.0,0.042464114832535885,0.0,0.0
11885,0.0,0.0,0.0,0.2258852258852259,0.0,0.0
11886,0.01674364896073903,0.0,0.0,0.04561200923787529,0.0,0.0
11887,0.0,0.0,0.0,0.10494571773220747,0.0,0.0
11888,0.0,0.0,0.0,0.17462311557788945,0.0,0.0
11889,0.0,0.0,0.0,0.0,0.0,0.0
11890,0.0,0.0,0.0,0.017921146953405017,0.0,0.0
11891,0.0,0.0,0.0,0.0,0.0,0.0
11892,0.0,0.0,0.0,0.02355072463768116,0.0,0.0
11893,0.0,0.0,0.0,0.0625,0.0,0.0
11894,0.0,0.0,0.0,0.010856453558504222,0.0,0.0
11895,0.0,0.0,0.0,0.030730897009966774,0.0,0.0
11896,0.0,0.0,0.0,0.09285714285714286,0.0,0.0
11897,0.0,0.0,0.0,0.0,0.0,0.0
11898,0.0,0.0,0.0,0.0,0.0,0.0
11899,0.0,0.0,0.0,0.0,0.0,0.0
11900,0.0,0.0,0.0,0.1232876712328767,0.0,0.0
11901,0.0,0.0,0.0,0.07219759341355288,0.0,0.0
11902,0.0,0.0,0.0,0.0,0.0,0.0
11903,0.014763779527559057,0.0,0.0,0.3789370078740157,0.0,0.0
11904,0.0,0.0,0.0,0.0,0.0,0.0
11905,0.0,0.0,0.0,0.0,0.0,0.0
11906,0.0,0.0,0.0,0.0,0.0,0.0
11907,0.0,0.0,0.0,0.3463157894736842,0.0,0.0
11908,0.0,0.0,0.0,0.3090909090909091,0.0,0.0
11909,0.0,0.0,0.0,0.03225806451612903,0.0,0.0
11910,0.0,0.0,0.0,0.005649717514124294,0.004708097928436911,0.0
11911,0.0,0.0,0.0,0.0,0.0,0.0
11912,0.0,0.0,0.0,0.171875,0.0,0.0
11913,0.0,0.0,0.0,0.03675675675675676,0.0,0.0
11914,0.0,0.0,0.0,0.017937219730941704,0.0,0.0
11915,0.0,0.0,0.0,0.00205761316872428,0.0,0.0
11916,0.0,0.0,0.0,0.04106776180698152,0.0,0.0
11917,0.0,0.0,0.0,0.0,0.0,0.0
11918,0.0,0.0,0.0,0.0,0.0,0.0
11919,0.0,0.0,0.0,0.16299019607843138,0.0,0.0
11920,0.0,0.0,0.0,0.02206531332744925,0.0,0.0
11921,0.010080645161290322,0.0,0.0,0.0114247311827957,0.0,0.0
11922,0.0,0.0,0.0,0.0,0.0,0.0
11923,0.0,0.0,0.0,0.0,0.0,0.0
11924,0.0,0.0,0.0,0.0,0.0,0.0
11925,0.0,0.0,0.0,0.0,0.0,0.0
11926,0.0,0.0,0.0,0.0,0.0,0.0
11927,0.0,0.0,0.0,0.0,0.0,0.0
11928,0.0,0.0,0.0,0.02059202059202059,0.0,0.0
11929,0.0,0.0,0.0,0.05344202898550725,0.0,0.0
11930,0.0,0.0,0.0,0.0,0.0,0.0
11931,0.0,0.0,0.0,0.2865761689291101,0.0,0.0
11932,0.0,0.0,0.0,0.0,0.0,0.0
11933,0.0,0.0,0.0,0.0,0.0,0.0
11934,0.0,0.0,0.0,0.0,0.0,0.0
11935,0.0,0.0,0.0,0.2770833333333333,0.0,0.0
11936,0.0,0.0,0.0,0.0,0.0,0.0
11937,0.0,0.0,0.0,0.0006849315068493152,0.0,0.0
11938,0.0,0.0,0.0,0.0,0.0,0.0
11939,0.0,0.0,0.0,0.001658374792703151,0.0,0.0
11940,0.0,0.0,0.0,0.0,0.0,0.0
11941,0.2,0.0,0.0,0.3333333333333333,0.0,0.0
11942,0.0,0.0,0.0,0.02988953866146848,0.0,0.0
11943,0.0,0.0,0.0,0.0,0.0,0.0
11944,0.0,0.0,0.0,0.0,0.0,0.0
11945,0.03217821782178218,0.0,0.0,0.12128712871287127,0.010726072607260726,0.010726072607260726
11946,0.0,0.0,0.0,0.003273322422258593,0.0,0.0
11947,0.0,0.0,0.0,0.03386454183266932,0.0,0.0
11948,0.0,0.0,0.0,0.0,0.0,0.0
11949,0.0,0.0,0.0,0.0,0.0,0.0
11950,0.0,0.0,0.0,0.14366373902132998,0.0,0.0
11951,0.0,0.0,0.0,0.0,0.0,0.0
11952,0.0,0.0,0.0,0.021844660194174758,0.0,0.0
11953,0.0,0.0,0.0,0.035256410256410256,0.0,0.0
11954,0.0,0.0,0.0,0.16666666666666666,0.0,0.0
11955,0.0,0.0,0.0,0.15132924335378325,0.0,0.0
11956,0.0,0.0,0.0,0.09158878504672896,0.0,0.0
11957,0.0,0.0,0.0,0.08346456692913386,0.0,0.0
11958,0.0,0.0,0.0,0.0,0.0,0.0
11959,0.0,0.0,0.0,0.0,0.0,0.0
11960,0.0,0.0,0.0,0.0,0.0,0.0
11961,0.0,0.0,0.0,0.03648424543946932,0.0,0.0
11962,0.0,0.0,0.0,0.0,0.0,0.0
11963,0.0,0.0,0.0,0.2520123839009288,0.0,0.0
11964,0.06398809523809522,0.0,0.0,0.17857142857142858,0.0,0.0
11965,0.0,0.0,0.0,0.0,0.0,0.0
11966,0.0,0.0,0.0,0.0,0.0,0.0
11967,0.0,0.0,0.0,0.0368705035971223,0.0,0.0
11968,0.0,0.0,0.0,0.0,0.0,0.0
11969,0.0,0.0,0.0,0.0,0.0,0.0
11970,0.0,0.0,0.0,0.0,0.0,0.0
11971,0.0,0.0,0.0,0.0036719706242350062,0.0,0.0
11972,0.0,0.0,0.0,0.0,0.0,0.0
11973,0.0,0.0,0.0,0.07056798623063683,0.0,0.0
11974,0.0,0.0,0.0,0.18604651162790695,0.0,0.0
11975,0.0,0.0,0.0,0.03885804916732752,0.0,0.0
11976,0.0,0.0,0.0,0.02165087956698241,0.0,0.0
11977,0.0,0.0,0.0,0.0,0.0,0.0
11978,0.0,0.0,0.0,0.0,0.0,0.0
11979,0.0,0.0,0.0,0.0,0.0,0.0
11980,0.0,0.0,0.0,0.18072289156626506,0.0,0.0
11981,0.0,0.0,0.0,0.0330672748004561,0.0,0.0
11982,0.0,0.0,0.0,0.0,0.0,0.0
11983,0.0,0.0,0.0,0.0,0.0,0.0
11984,0.02985074626865672,0.0,0.0,0.057569296375266525,0.0,0.0
11985,0.0,0.0,0.0,0.004944375772558714,0.0,0.0
11986,0.0,0.0,0.0,0.0,0.0,0.0
11987,0.0,0.0,0.0,0.02600140548137737,0.0,0.0
11988,0.0,0.0,0.0,0.08036292935839275,0.0,0.0
11989,0.0,0.0,0.0,0.0,0.0,0.0
11990,0.0,0.0,0.0,0.0,0.0,0.0
11991,0.0,0.0,0.0,0.10256410256410256,0.0,0.0
11992,0.0,0.0,0.0,0.0,0.0,0.0
11993,0.0,0.0,0.0,0.0,0.0,0.0
11994,0.0,0.0,0.0,0.0,0.0,0.0
11995,0.0,0.0,0.0,0.05141129032258065,0.0,0.0
11996,0.0,0.0,0.0,0.3227990970654628,0.0,0.0
11997,0.0,0.0,0.0,0.26136363636363635,0.0,0.0
11998,0.0,0.0,0.0,0.0,0.0,0.0
11999,0.0,0.0,0.0,0.059701492537313425,0.0,0.0
12000,0.0,0.0,0.0,0.0,0.0,0.0
12001,0.0,0.0,0.0,0.0,0.0,0.0
12002,0.0,0.0,0.0,0.0,0.0,0.0
12003,0.0,0.0,0.0,0.18617021276595744,0.0,0.0
12004,0.0,0.0,0.0,0.0,0.0,0.0
12005,0.0,0.0,0.0,0.0,0.0,0.0
12006,0.0,0.0,0.0,0.1537013801756587,0.018820577164366373,0.0
12007,0.0,0.0,0.0,0.04641350210970464,0.0,0.0
12008,0.0,0.0,0.0,0.0,0.0,0.0
12009,0.0,0.0,0.0,0.00517464424320828,0.0,0.0
12010,0.0,0.0,0.0,0.0,0.0,0.0
12011,0.0,0.0,0.0,0.0,0.0,0.0
12012,0.0,0.0,0.0,0.0,0.0,0.0
12013,0.0,0.0,0.0,0.0,0.0,0.0
12014,0.0,0.0,0.0,0.2206721623335447,0.0,0.0
12015,0.0,0.0,0.0,0.0,0.0,0.0
12016,0.0,0.0,0.0,0.0,0.0,0.0
12017,0.0,0.0,0.0,0.0,0.0,0.0
12018,0.0,0.0,0.0,0.09705248023005032,0.0,0.0
12019,0.0,0.0,0.0,0.006194081211286993,0.0,0.0
12020,0.0,0.0,0.0,0.018726591760299626,0.0,0.0
12021,0.0,0.0,0.0,0.0,0.0,0.0
12022,0.0,0.0,0.0,0.0,0.0,0.0
12023,0.0,0.0,0.0,0.0,0.0,0.0
12024,0.0,0.0,0.0,0.0,0.0,0.0
12025,0.0,0.0,0.0,0.0,0.0,0.0
12026,0.0,0.0,0.0,0.0,0.0,0.0
12027,0.0,0.0,0.0,0.0,0.0,0.0
12028,0.0,0.0,0.0,0.0,0.0,0.0
12029,0.0,0.0,0.0,0.029493087557603687,0.0,0.0
12030,0.0,0.0,0.0,0.08256880733944955,0.0,0.0
12031,0.0,0.0,0.0,0.04147465437788018,0.0,0.0
12032,0.0,0.0,0.0,0.0,0.0,0.0
12033,0.0,0.0,0.0,0.0,0.0,0.0
12034,0.0,0.0,0.0,0.0,0.0,0.0
12035,0.1754010695187166,0.0,0.0,0.05775401069518716,0.0,0.0
12036,0.010101010101010102,0.0,0.0,0.02335858585858586,0.0,0.0
12037,0.0,0.0,0.0,0.14274322169059012,0.0,0.0
12038,0.0,0.0,0.0,0.0,0.0,0.0
12039,0.0,0.0,0.0,0.0848,0.0,0.0
12040,0.0,0.0,0.0,0.006679389312977099,0.0,0.0
12041,0.0,0.0,0.0,0.0,0.0,0.0
12042,0.0,0.0,0.0,0.0,0.0,0.0
12043,0.0,0.0,0.0,0.43609022556390975,0.0,0.0
12044,0.0,0.0,0.0,0.014801110083256243,0.0,0.0
12045,0.0,0.0,0.0,0.0,0.0,0.0
12046,0.0,0.0,0.0,0.0,0.0,0.0
12047,0.0,0.0,0.0,0.0,0.0,0.0
12048,0.0,0.0,0.0,0.0,0.0,0.0
12049,0.0,0.0,0.0,0.0,0.0,0.0
12050,0.0,0.0,0.0,0.0,0.0,0.0
12051,0.0,0.0,0.0,0.032527881040892194,0.0,0.0
12052,0.0,0.0,0.0,0.0,0.0,0.0
12053,0.0,0.0,0.0,0.10210444271239284,0.0,0.0
12054,0.0,0.0,0.0,0.0,0.0,0.0
12055,0.0,0.0,0.0,0.0,0.0,0.0
12056,0.0,0.0,0.0,0.015418502202643172,0.0,0.0
12057,0.0,0.0,0.0,0.0,0.0,0.0
12058,0.0,0.0,0.0,0.0,0.0,0.0
12059,0.0,0.0,0.0,0.0,0.0,0.0
12060,0.0,0.0,0.0,0.07780320366132723,0.0,0.0
12061,0.0,0.0,0.0,0.0,0.0,0.0
12062,0.0,0.0,0.0,0.0,0.0,0.0
12063,0.0,0.0,0.0,0.04723346828609987,0.0,0.0
12064,0.0,0.0,0.0,0.0,0.0,0.0
12065,0.0,0.0,0.0,0.0,0.0,0.0
12066,0.0,0.0,0.0,0.0,0.0,0.0
12067,0.0,0.0,0.0,0.0,0.0,0.0
12068,0.0,0.0,0.0,0.053892215568862284,0.0,0.0
12069,0.0,0.0,0.0,0.0,0.0,0.0
12070,0.0,0.0,0.0,0.0,0.0,0.0
12071,0.0,0.0,0.0,0.0,0.0,0.0
12072,0.0,0.0,0.0,0.0,0.0,0.0
12073,0.0,0.0,0.0,0.0,0.0,0.0
12074,0.0,0.0,0.0,0.0,0.0,0.0
12075,0.0,0.0,0.0,0.04433497536945813,0.0,0.0
12076,0.0,0.0,0.0,0.0187192118226601,0.0,0.0
12077,0.0,0.0,0.0,0.0,0.0,0.0
12078,0.0,0.0,0.0,0.0,0.0,0.0
12079,0.0,0.0,0.0,0.015418502202643172,0.0,0.0
12080,0.0,0.0,0.0,0.07009345794392523,0.0,0.0
12081,0.0,0.0,0.0,0.03145235892691952,0.0,0.0
12082,0.0,0.0,0.0,0.05263157894736842,0.0,0.0
12083,0.0,0.0,0.0,0.1217391304347826,0.0,0.0
12084,0.0,0.0,0.0,0.00949796472184532,0.0,0.0
12085,0.0,0.0,0.0,0.0,0.0,0.0
12086,0.0,0.0,0.0,0.06524466750313676,0.0,0.0
12087,0.0,0.0,0.0,0.0,0.0,0.0
12088,0.0,0.0,0.0,0.0,0.0,0.0
12089,0.0,0.0,0.0,0.0,0.0,0.0
12090,0.0,0.0,0.0,0.04,0.0,0.0
12091,0.0,0.0,0.0,0.0,0.0,0.0
12092,0.0,0.0,0.0,0.07692307692307693,0.0,0.0
12093,0.0,0.0,0.0,0.0,0.0,0.0
12094,0.0,0.0,0.0,0.0,0.0,0.0
12095,0.0,0.0,0.0,0.0,0.0,0.0
12096,0.0,0.0,0.0,0.0,0.0,0.0
12097,0.0,0.0,0.0,0.0,0.0,0.0
12098,0.0,0.0,0.0,0.0,0.0,0.0
12099,0.0,0.0,0.0,0.0,0.0,0.0
12100,0.0,0.0,0.0,0.18014059753954306,0.0,0.0
12101,0.0,0.0,0.0,0.10280373831775699,0.0,0.0
12102,0.0,0.0,0.0,0.0,0.0,0.0
12103,0.0,0.0,0.0,0.10118577075098814,0.0,0.0
12104,0.0,0.0,0.0,0.0,0.0,0.0
12105,0.0,0.0,0.0,0.02100525131282821,0.0,0.0
12106,0.0,0.0,0.0,0.0,0.0,0.0
12107,0.0,0.0,0.0,0.0,0.0,0.0
12108,0.0,0.0,0.0,0.4115523465703971,0.0,0.0
12109,0.0,0.0,0.0,0.0,0.0,0.0
12110,0.0,0.0,0.0,0.05248359887535145,0.0,0.0
12111,0.0,0.0,0.0,0.0,0.0,0.0
12112,0.0,0.0,0.0,0.3063583815028902,0.0,0.0
12113,0.0,0.0,0.0,0.0,0.0,0.0
12114,0.0,0.0,0.0,0.0,0.0,0.0
12115,0.0,0.0,0.0,0.4755784061696658,0.0,0.0
12116,0.0,0.0,0.0,0.00430416068866571,0.0,0.0
12117,0.0,0.0,0.0,0.225,0.0,0.0
12118,0.0,0.0,0.0,0.01403061224489796,0.0,0.0
12119,0.0,0.0,0.0,0.0,0.0,0.0
12120,0.0,0.0,0.0,0.0,0.0,0.0
12121,0.0,0.0,0.0,0.0,0.0,0.0
12122,0.0,0.0,0.0,0.10311958405545928,0.0,0.0
12123,0.0,0.0,0.0,0.0,0.0,0.0
12124,0.0,0.0,0.0,0.12171837708830548,0.0,0.0
12125,0.0,0.0,0.0,0.0,0.0,0.0
12126,0.0,0.0,0.0,0.01859504132231405,0.0,0.0
12127,0.0,0.0,0.0,0.05319913731128685,0.0,0.0
12128,0.0,0.0,0.0,0.0,0.0,0.0
12129,0.0,0.0,0.0,0.0,0.0,0.0
12130,0.0,0.0,0.0,0.03095752339812815,0.0,0.0
12131,0.0,0.0,0.0,0.0,0.0,0.0
12132,0.0,0.0,0.0,0.08870967741935484,0.0,0.0
12133,0.0,0.0,0.0,0.0,0.0,0.0
12134,0.0,0.0,0.0,0.054817275747508304,0.0,0.0
12135,0.0,0.0,0.0,0.0,0.0,0.0
12136,0.0,0.0,0.0,0.02241112828438949,0.0,0.0
12137,0.0,0.0,0.0,0.0,0.0,0.0
12138,0.0,0.0,0.0,0.028026905829596414,0.0,0.0
12139,0.0,0.0,0.0,0.0,0.0,0.0
12140,0.0,0.0,0.0,0.0,0.0,0.0
12141,0.0,0.0,0.0,0.0,0.0,0.0
12142,0.0,0.0,0.0,0.0,0.0,0.0
12143,0.0,0.0,0.0,0.028616852146263912,0.0,0.0
12144,0.0,0.0,0.0,0.0,0.0,0.0
12145,0.0,0.0,0.0,0.0,0.0,0.0
12146,0.0,0.0,0.0,0.0618374558303887,0.0,0.0
12147,0.0,0.0,0.0,0.09297912713472484,0.0,0.0
12148,0.0,0.0,0.0,0.15316901408450706,0.0,0.0
12149,0.0,0.0,0.0,0.0,0.0,0.0
12150,0.0,0.0,0.0,0.0,0.0,0.0
12151,0.0,0.0,0.0,0.01809523809523809,0.0,0.0
12152,0.0,0.0,0.0,0.0,0.0,0.0
12153,0.0,0.0,0.0,0.14124293785310735,0.0,0.0
12154,0.0,0.0,0.0,0.0,0.0,0.0
12155,0.0,0.0,0.0,0.0,0.0,0.0
12156,0.0,0.0,0.0,0.08074534161490682,0.0,0.0
12157,0.0,0.0,0.0,0.07214611872146119,0.0,0.0
12158,0.0,0.0,0.0,0.0,0.0,0.0
12159,0.010362694300518135,0.0,0.0,0.0005757052389176742,0.0,0.0
12160,0.0,0.0,0.0,0.0,0.0,0.0
12161,0.0,0.0,0.0,0.07506887052341597,0.0,0.0
12162,0.0,0.0,0.0,0.0,0.0,0.0
12163,0.0,0.0,0.0,0.0,0.0,0.0
12164,0.0,0.0,0.0,0.0,0.0,0.0
12165,0.0,0.0,0.0,0.0,0.0,0.0
12166,0.0,0.0,0.0,0.3384615384615385,0.0,0.0
12167,0.0,0.0,0.0,0.0,0.0,0.0
12168,0.0,0.0,0.0,0.056338028169014086,0.0,0.0
12169,0.0,0.0,0.0,0.0,0.0,0.0
12170,0.0,0.0,0.0,0.0,0.0,0.0
12171,0.0,0.0,0.0,0.17370242214532872,0.0,0.0
12172,0.0,0.0,0.0,0.009072580645161293,0.0,0.0
12173,0.0,0.0,0.0,0.07046979865771813,0.0,0.0
12174,0.0,0.0,0.0,0.04767879548306148,0.0,0.0
12175,0.0,0.0,0.0,0.1007311129163282,0.0,0.0
12176,0.0,0.0,0.0,0.0,0.0,0.0
12177,0.0,0.0,0.0,0.0,0.0,0.0
12178,0.0,0.0,0.0,0.0008628127696289905,0.0,0.0
12179,0.0,0.0,0.0,0.0,0.0,0.0
12180,0.0,0.0,0.0,0.0497131931166348,0.0,0.0
12181,0.0,0.0,0.0,0.14994934143870314,0.0,0.0
12182,0.0,0.0,0.0,0.13043478260869565,0.0,0.0
12183,0.0,0.0,0.0,0.022026431718061675,0.0,0.0
12184,0.0,0.0,0.0,0.0,0.0,0.0
12185,0.0,0.0,0.0,0.0,0.0,0.0
12186,0.0,0.0,0.0,0.0,0.0,0.0
12187,0.0,0.0,0.0,0.0,0.0,0.0
12188,0.0,0.0,0.0,0.0,0.0,0.0
12189,0.0,0.0,0.0,0.0,0.0,0.0
12190,0.0,0.0,0.0,0.0,0.0,0.0
12191,0.0,0.0,0.0,0.054269752593774936,0.0,0.0
12192,0.0,0.0,0.0,0.0,0.0,0.0
12193,0.0,0.0,0.0,0.0,0.0,0.0
12194,0.0,0.0,0.0,0.0,0.0,0.0
12195,0.0,0.0,0.0,0.11976630963972736,0.0,0.0
12196,0.0,0.0,0.0,0.0,0.0,0.0
12197,0.0,0.0,0.0,0.0,0.0,0.0
12198,0.0,0.0,0.0,0.0010845986984815619,0.0,0.0
12199,0.0,0.0,0.0,0.0,0.0,0.0
12200,0.0,0.0,0.0,0.0,0.0,0.0
12201,0.0,0.0,0.0,0.04476418864908074,0.0,0.0
12202,0.0,0.0,0.0,0.03544776119402985,0.0,0.0
12203,0.0,0.0,0.0,0.0,0.0,0.0
12204,0.0,0.0,0.0,0.0,0.0,0.0
12205,0.0,0.0,0.0,0.0,0.0,0.0
12206,0.0,0.0,0.0,0.0,0.0,0.0
12207,0.0,0.0,0.0,0.0,0.0,0.0
12208,0.0,0.0,0.0,0.0,0.0,0.0
12209,0.0,0.0,0.0,0.0,0.0,0.0
12210,0.0,0.0,0.0,0.0,0.0,0.0
12211,0.0,0.0,0.0,0.0036429872495446266,0.0,0.0
12212,0.0,0.0,0.0,0.0,0.0,0.0
12213,0.0,0.0,0.0,0.0,0.0,0.0
12214,0.0,0.0,0.0,0.2318840579710145,0.0,0.0
12215,0.0,0.0,0.0,0.04076433121019108,0.0,0.0
12216,0.0,0.0,0.0,0.0,0.0,0.0
12217,0.0,0.0,0.0,0.0,0.0,0.0
12218,0.0,0.0,0.0,0.0,0.0,0.0
12219,0.0,0.0,0.0,0.0,0.0,0.0
12220,0.0,0.0,0.0,0.0,0.0,0.0
12221,0.0,0.0,0.0,0.018867924528301886,0.0,0.0
12222,0.0,0.0,0.0,0.0,0.0,0.0
12223,0.0,0.0,0.0,0.0,0.0,0.0
12224,0.0,0.0,0.0,0.03118908382066277,0.0,0.0
12225,0.0,0.0,0.0,0.1374233128834356,0.0,0.0
12226,0.0,0.0,0.0,0.10790273556231003,0.0,0.0
12227,0.0,0.0,0.0,0.06451612903225806,0.0,0.0
12228,0.0,0.0,0.0,0.0,0.0,0.0
12229,0.0,0.0,0.0,0.0,0.0,0.0
12230,0.0,0.0,0.0,0.1044776119402985,0.0,0.0
12231,0.0,0.0,0.0,0.015640273704789834,0.0,0.0
12232,0.0489766081871345,0.0,0.0,0.18055555555555555,0.0,0.0
12233,0.0,0.0,0.0,0.24600246002460024,0.0,0.0
12234,0.0,0.0,0.0,0.03347280334728033,0.0,0.0
12235,0.0,0.0,0.0,0.0,0.0,0.0
12236,0.0,0.0,0.0,0.3305988515176374,0.005742411812961444,0.0
12237,0.0,0.0,0.0,0.013917884481558805,0.0,0.0
12238,0.0,0.0,0.0,0.0,0.0,0.0
12239,0.0,0.0,0.0,0.0,0.0,0.0
12240,0.0,0.0,0.0,0.0,0.0,0.0
12241,0.0,0.0,0.0,0.06557377049180327,0.0,0.0
12242,0.0,0.0,0.0,0.0,0.0,0.0
12243,0.0,0.0,0.0,0.0,0.0,0.0
12244,0.0,0.0,0.0,0.0,0.0,0.0
12245,0.0,0.0,0.0,0.0,0.0,0.0
12246,0.0,0.0,0.0,0.05133928571428571,0.0,0.0
12247,0.0,0.0,0.0,0.0,0.0,0.0
12248,0.0,0.0,0.0,0.0,0.0,0.0
12249,0.0,0.0,0.0,0.0249728555917481,0.0,0.0
12250,0.0,0.0,0.0,0.049744897959183666,0.0,0.0
12251,0.0,0.0,0.0,0.04575892857142857,0.0,0.0
12252,0.0,0.0,0.0,0.0367504835589942,0.0,0.0
12253,0.0,0.0,0.0,0.0,0.0,0.0
12254,0.0,0.0,0.0,0.018393030009680542,0.0,0.0
12255,0.0,0.0,0.0,0.030687830687830688,0.0,0.0
12256,0.0,0.0,0.0,0.0,0.0,0.0
12257,0.0,0.0,0.0,0.0,0.0,0.0
12258,0.0,0.0,0.0,0.0,0.0,0.0
12259,0.0,0.0,0.0,0.185595567867036,0.0,0.0
12260,0.0,0.0,0.0,0.32237539766702017,0.0,0.0
12261,0.0,0.0,0.0,0.0,0.0,0.0
12262,0.0,0.0,0.0,0.0,0.0,0.0
12263,0.0,0.0,0.0,0.0,0.0,0.0
12264,0.0,0.0,0.0,0.0,0.0,0.0
12265,0.0,0.0,0.0,0.07017543859649122,0.0,0.0
12266,0.0,0.0,0.0,0.024041585445094216,0.0,0.0
12267,0.0,0.0,0.0,0.0,0.0,0.0
12268,0.0,0.0,0.0,0.0,0.0,0.0
12269,0.0,0.0,0.0,0.04305864884929473,0.0,0.0
12270,0.0,0.0,0.0,0.0221483942414175,0.0,0.0
12271,0.0,0.0,0.0,0.0,0.0,0.0
12272,0.0,0.0,0.0,0.0,0.0,0.0
12273,0.0,0.0,0.0,0.0075046904315197,0.0,0.0
12274,0.0,0.0,0.0,0.013448607108549471,0.0,0.0
12275,0.0,0.0,0.0,0.0,0.0,0.0
12276,0.0,0.0,0.0,0.0,0.0,0.0
12277,0.0,0.0,0.0,0.0379746835443038,0.0,0.0
12278,0.0,0.0,0.0,0.034213098729227766,0.0,0.0
12279,0.0,0.0,0.0,0.0,0.0,0.0
12280,0.0,0.0,0.0,0.2284153005464481,0.0,0.0
12281,0.0,0.0,0.0,0.0,0.0,0.0
12282,0.0,0.0,0.0,0.03614457831325301,0.0,0.0
12283,0.0,0.0,0.0,0.14285714285714285,0.0,0.0
12284,0.0,0.0,0.0,0.02112676056338028,0.0,0.0
12285,0.0,0.0,0.0,0.10082150858849888,0.0,0.0
12286,0.0,0.0,0.0,0.007431874483897605,0.0,0.0
12287,0.0,0.0,0.0,0.17857142857142858,0.0,0.0
12288,0.0,0.0,0.0,0.035051546391752585,0.0,0.0
12289,0.0,0.0,0.0,0.07547169811320754,0.0,0.0
12290,0.0,0.0,0.0,0.14631685166498487,0.0,0.0
12291,0.0,0.0,0.0,0.06542056074766353,0.0,0.0
12292,0.0,0.0,0.0,0.0,0.0,0.0
12293,0.0,0.0,0.0,0.059304703476482624,0.0,0.0
12294,0.0,0.0,0.0,0.025032938076416336,0.0,0.0
12295,0.0,0.0,0.0,0.0,0.0,0.0
12296,0.0,0.0,0.0,0.05393586005830904,0.0,0.0
12297,0.0,0.0,0.0,0.0,0.0,0.0
12298,0.0,0.0,0.0,0.00702576112412178,0.0,0.0
12299,0.0,0.0,0.0,0.05337781484570475,0.0,0.0
12300,0.0,0.0,0.0,0.15284974093264247,0.0,0.0
12301,0.0,0.0,0.0,0.02877697841726619,0.0,0.0
12302,0.0,0.0,0.0,0.125,0.0,0.0
12303,0.0,0.0,0.0,0.0,0.0,0.0
12304,0.0,0.0,0.0,0.0,0.0,0.0
12305,0.0,0.0,0.0,0.04930747922437674,0.0,0.0
12306,0.0,0.0,0.0,0.0,0.0,0.0
12307,0.0,0.0,0.0,0.04276985743380855,0.0,0.0
12308,0.0,0.0,0.0,0.040948275862068964,0.0,0.0
12309,0.0,0.0,0.0,0.013340448239060831,0.0,0.0
12310,0.0,0.0,0.0,0.002915451895043732,0.0,0.0
12311,0.0,0.0,0.0,0.005108556832694764,0.0,0.0
12312,0.0,0.0,0.0,0.0205761316872428,0.0,0.0
12313,0.0,0.0,0.0,0.0,0.0,0.0
12314,0.0,0.0,0.0,0.016292134831460674,0.0,0.0
12315,0.0,0.0,0.0,0.0,0.0,0.0
12316,0.0,0.0,0.0,0.0,0.0,0.0
12317,0.0,0.0,0.0,0.0,0.0,0.0
12318,0.0,0.0,0.0,0.18181818181818185,0.0,0.0
12319,0.0,0.0,0.0,0.0,0.0,0.0
12320,0.0,0.0,0.0,0.10891089108910892,0.0,0.0
12321,0.0,0.0,0.0,0.2102510460251046,0.0,0.0
12322,0.0,0.0,0.0,0.0,0.0,0.0
12323,0.0,0.0,0.0,0.053297199638663056,0.0,0.0
12324,0.0,0.0,0.0,0.0,0.0,0.0
12325,0.0,0.0,0.0,0.0,0.0,0.0
12326,0.0,0.0,0.0,0.08952254641909814,0.0,0.0
12327,0.0,0.0,0.0,0.0,0.0,0.0
12328,0.0,0.0,0.0,0.14668367346938774,0.0,0.0
12329,0.0,0.0,0.0,0.0,0.0,0.0
12330,0.0,0.0,0.0,0.29356357927786497,0.0,0.0
12331,0.0,0.0,0.0,0.0,0.0,0.0
12332,0.0,0.0,0.0,0.0,0.0,0.0
12333,0.0,0.0,0.0,0.014644351464435146,0.0,0.0
12334,0.0,0.0,0.0,0.0,0.0,0.0
12335,0.0,0.0,0.0,0.0,0.0,0.0
12336,0.0,0.0,0.0,0.021321961620469083,0.0,0.0
12337,0.0,0.0,0.0,0.16396396396396395,0.0,0.0
12338,0.0,0.0,0.0,0.0,0.0,0.0
12339,0.00801924619085806,0.00801924619085806,0.00801924619085806,0.08580593424218122,0.0,0.0
12340,0.0,0.0,0.0,0.021915584415584416,0.0,0.0
12341,0.0,0.0,0.0,0.0,0.0,0.0
12342,0.0,0.0,0.0,0.0,0.0,0.0
12343,0.0,0.0,0.0,0.0,0.0,0.0
12344,0.0,0.0,0.0,0.0,0.0,0.0
12345,0.0,0.0,0.0,0.038795986622073585,0.0,0.0
12346,0.0,0.0,0.0,0.01808066759388039,0.0,0.0
12347,0.0,0.0,0.0,0.0,0.0,0.0
12348,0.0,0.0,0.0,0.0027124773960217,0.0,0.0
12349,0.0,0.0,0.0,0.16356877323420074,0.0,0.0
12350,0.0,0.0,0.0,0.05449591280653951,0.0,0.0
12351,0.0,0.0,0.0,0.06980802792321117,0.0,0.0
12352,0.0,0.0,0.0,0.0,0.0,0.0
12353,0.0,0.0,0.0,0.0,0.0,0.0
12354,0.0,0.0,0.0,0.04048582995951417,0.0,0.0
12355,0.0,0.0,0.0,0.1608738828202582,0.0,0.0
12356,0.0,0.0,0.0,0.0,0.0,0.0
12357,0.003129890453834116,0.003129890453834116,0.003129890453834116,0.07276995305164319,0.0,0.0
12358,0.0,0.0,0.0,0.058577405857740586,0.0,0.0
12359,0.0,0.0,0.0,0.06097560975609756,0.0,0.0
12360,0.03157894736842105,0.0,0.0,0.04842105263157895,0.0,0.0
12361,0.0,0.0,0.0,0.018518518518518517,0.0,0.0
12362,0.0,0.0,0.0,0.0,0.0,0.0
12363,0.0,0.0,0.0,0.040781648258283766,0.0,0.0
12364,0.0,0.0,0.0,0.034934497816593885,0.0,0.0
12365,0.0,0.0,0.0,0.0,0.0,0.0
12366,0.0,0.0,0.0,0.0,0.0,0.0
12367,0.0,0.0,0.0,0.5208333333333334,0.0,0.0
12368,0.0,0.0,0.0,0.0,0.0,0.0
12369,0.0,0.0,0.0,0.0,0.0,0.0
12370,0.0,0.0,0.0,0.11159737417943108,0.0,0.0
12371,0.0,0.0,0.0,0.02325581395348837,0.0,0.0
12372,0.0,0.0,0.0,0.0009398496240601504,0.0,0.0
12373,0.0,0.0,0.0,0.012628255722178374,0.0,0.0
12374,0.0,0.0,0.0,0.0,0.0,0.0
12375,0.0,0.0,0.0,0.0,0.0,0.0
12376,0.0,0.0,0.0,0.0,0.0,0.0
12377,0.0,0.0,0.0,0.0,0.0,0.0
12378,0.07894736842105263,0.0,0.0,0.07894736842105263,0.0,0.0
12379,0.0,0.0,0.0,0.0,0.0,0.0
12380,0.0,0.0,0.0,0.03571428571428571,0.0,0.0
12381,0.0,0.0,0.0,0.16864608076009502,0.0,0.0
12382,0.0,0.0,0.0,0.0,0.0,0.0
12383,0.0,0.0,0.0,0.033854166666666664,0.0,0.0
12384,0.0,0.0,0.0,0.0,0.0,0.0
12385,0.0,0.0,0.0,0.0,0.0,0.0
12386,0.0,0.0,0.0,0.0,0.0,0.0
12387,0.0,0.0,0.0,0.0,0.0,0.0
12388,0.0,0.0,0.0,0.0,0.0,0.0
12389,0.0,0.0,0.0,0.0,0.0,0.0
12390,0.0,0.0,0.0,0.00835820895522388,0.0,0.0
12391,0.0,0.0,0.0,0.0,0.0,0.0
12392,0.0,0.0,0.0,0.01855287569573284,0.0,0.0
12393,0.0,0.0,0.0,0.02839335180055402,0.0,0.0
12394,0.0,0.0,0.0,0.227972027972028,0.0,0.0
12395,0.023519163763066203,0.0,0.0,0.03658536585365853,0.0,0.0
12396,0.0,0.0,0.0,0.1007751937984496,0.0,0.0
12397,0.0,0.0,0.0,0.0,0.0,0.0
12398,0.0,0.0,0.0,0.033444816053511704,0.0,0.0
12399,0.0,0.0,0.0,0.0,0.0,0.0
12400,0.0,0.0,0.0,0.0,0.0,0.0
12401,0.0,0.0,0.0,0.0,0.0,0.0
12402,0.0,0.0,0.0,0.0,0.0,0.0
12403,0.0,0.0,0.0,0.2548161120840631,0.0,0.0
12404,0.0,0.0,0.0,0.0,0.0,0.0
12405,0.0,0.0,0.0,0.0913818722139673,0.0,0.0
12406,0.0,0.0,0.0,0.2962962962962963,0.0,0.0
12407,0.0,0.0,0.0,0.0948509485094851,0.0,0.0
12408,0.0,0.0,0.0,0.0,0.0,0.0
12409,0.0,0.0,0.0,0.0,0.0,0.0
12410,0.0,0.0,0.0,0.0,0.0,0.0
12411,0.0,0.0,0.0,0.1116504854368932,0.0,0.0
12412,0.0,0.0,0.0,0.0,0.0,0.0
12413,0.0,0.0,0.0,0.0,0.0,0.0
12414,0.0,0.0,0.0,0.0,0.0,0.0
12415,0.0,0.0,0.0,0.21052631578947367,0.0,0.0
12416,0.0,0.0,0.0,0.007961783439490446,0.0,0.0
12417,0.0,0.0,0.0,0.0,0.0,0.0
12418,0.0,0.0,0.0,0.02104442712392829,0.0,0.0
12419,0.0,0.0,0.0,0.08057228915662651,0.0,0.0
12420,0.0,0.0,0.0,0.0,0.0,0.0
12421,0.0,0.0,0.0,0.0,0.0,0.0
12422,0.0,0.0,0.0,0.0,0.0,0.0
12423,0.0,0.0,0.0,0.0,0.0,0.0
12424,0.0,0.0,0.0,0.4117647058823529,0.0,0.0
12425,0.0,0.0,0.0,0.0,0.0,0.0
12426,0.0,0.0,0.0,0.0,0.0,0.0
12427,0.0,0.0,0.0,0.0,0.0,0.0
12428,0.0,0.0,0.0,0.0,0.0,0.0
12429,0.0,0.0,0.0,0.0,0.0,0.0
12430,0.0,0.0,0.0,0.0,0.0,0.0
12431,0.0,0.0,0.0,0.0,0.0,0.0
12432,0.0,0.0,0.0,0.0,0.0,0.0
12433,0.0,0.0,0.0,0.0,0.0,0.0
12434,0.0,0.0,0.0,0.0,0.0,0.0
12435,0.0,0.0,0.0,0.0,0.0,0.0
12436,0.0,0.0,0.0,0.0,0.0,0.0
12437,0.0,0.0,0.0,0.0006983240223463687,0.0,0.0
12438,0.0,0.0,0.0,0.07028753993610222,0.0,0.0
12439,0.035416666666666666,0.0,0.0,0.0625,0.03125,0.0
12440,0.0,0.0,0.0,0.0,0.0,0.0
12441,0.0,0.0,0.0,0.0,0.0,0.0
12442,0.0,0.0,0.0,0.07824427480916031,0.0,0.0
12443,0.0,0.0,0.0,0.0,0.0,0.0
12444,0.0,0.0,0.0,0.013237063778580024,0.0,0.0
12445,0.0,0.0,0.0,0.0,0.0,0.0
12446,0.0,0.0,0.0,0.04822695035460993,0.0,0.0
12447,0.0,0.0,0.0,0.0,0.0,0.0
12448,0.0,0.0,0.0,0.016476552598225603,0.0,0.0
12449,0.0,0.0,0.0,0.0,0.0,0.0
12450,0.0,0.0,0.0,0.235632183908046,0.0,0.0
12451,0.0,0.0,0.0,0.03425414364640884,0.0,0.0
12452,0.0,0.0,0.0,0.13106796116504854,0.0,0.0
12453,0.0,0.0,0.0,0.0,0.0,0.0
12454,0.0,0.0,0.0,0.0,0.0,0.0
12455,0.0,0.0,0.0,0.0,0.0,0.0
12456,0.0,0.0,0.0,0.0,0.0,0.0
12457,0.0,0.0,0.0,0.10180623973727422,0.0,0.0
12458,0.0,0.0,0.0,0.08582089552238806,0.0,0.0
12459,0.0,0.0,0.0,0.0,0.0,0.0
12460,0.0,0.0,0.0,0.0,0.0,0.0
12461,0.0,0.0,0.0,0.2112676056338028,0.0,0.0
12462,0.0,0.0,0.0,0.0,0.0,0.0
12463,0.0,0.0,0.0,0.0013726835964310224,0.0,0.0
12464,0.0,0.0,0.0,0.05882352941176471,0.0,0.0
12465,0.0,0.0,0.0,0.0013651877133105802,0.0,0.0
12466,0.0,0.0,0.0,0.0145985401459854,0.0,0.0
12467,0.0,0.0,0.0,0.0,0.0,0.0
12468,0.0,0.0,0.0,0.13333333333333333,0.0,0.0
12469,0.0,0.0,0.0,0.0,0.0,0.0
12470,0.010054844606946984,0.0,0.0,0.16179159049360145,0.0,0.0
12471,0.0,0.0,0.0,0.0,0.0,0.0
12472,0.0,0.0,0.0,0.017251635930993457,0.0,0.0
12473,0.0,0.0,0.0,0.0,0.0,0.0
12474,0.0,0.0,0.0,0.09174311926605504,0.0,0.0
12475,0.0,0.0,0.0,0.029017857142857144,0.0,0.0
12476,0.0,0.0,0.0,0.3279816513761468,0.0,0.0
12477,0.0,0.0,0.0,0.024355300859598854,0.0,0.0
12478,0.0,0.0,0.0,0.17647058823529413,0.0,0.0
12479,0.0,0.0,0.0,0.04509018036072145,0.0,0.0
12480,0.0,0.0,0.0,0.012919896640826873,0.0,0.0
12481,0.1323529411764706,0.0,0.0,0.3088235294117647,0.0,0.0
12482,0.0,0.0,0.0,0.0,0.0,0.0
12483,0.0,0.0,0.0,0.0,0.0,0.0
12484,0.0,0.0,0.0,0.0,0.0,0.0
12485,0.0,0.0,0.0,0.0,0.0,0.0
12486,0.0,0.0,0.0,0.0,0.0,0.0
12487,0.0,0.0,0.0,0.0,0.0,0.0
12488,0.0,0.0,0.0,0.06976744186046513,0.0,0.0
12489,0.0,0.0,0.0,0.0,0.0,0.0
12490,0.0,0.0,0.0,0.0,0.0,0.0
12491,0.0,0.0,0.0,0.038022813688212934,0.0,0.0
12492,0.0,0.0,0.0,0.01916495550992471,0.0,0.0
12493,0.0,0.0,0.0,0.057001239157372985,0.0,0.0
12494,0.0,0.0,0.0,0.2701092353525323,0.0,0.0
12495,0.0,0.0,0.0,0.15458937198067632,0.0,0.0
12496,0.0,0.0,0.0,0.05533596837944664,0.0,0.0
12497,0.0,0.0,0.0,0.0,0.0,0.0
12498,0.0,0.0,0.0,0.0,0.0,0.0
12499,0.0,0.0,0.0,0.0,0.0,0.0
12500,0.0,0.0,0.0,0.032525951557093424,0.0,0.0
12501,0.0,0.0,0.0,0.0,0.0,0.0
12502,0.0,0.0,0.0,0.0,0.0,0.0
12503,0.0,0.0,0.0,0.0,0.0,0.0
12504,0.0,0.0,0.0,0.0,0.0,0.0
12505,0.0,0.0,0.0,0.014423076923076926,0.0,0.0
12506,0.0,0.0,0.0,0.0,0.0,0.0
12507,0.0,0.0,0.0,0.0,0.0,0.0
12508,0.0,0.0,0.0,0.0,0.0,0.0
12509,0.0,0.0,0.0,0.0,0.0,0.0
12510,0.0,0.0,0.0,0.0,0.0,0.0
12511,0.0,0.0,0.0,0.0,0.0,0.0
12512,0.0,0.0,0.0,0.0,0.0,0.0
12513,0.0,0.0,0.0,0.0,0.0,0.0
12514,0.0,0.0,0.0,0.0,0.0,0.0
12515,0.0,0.0,0.0,0.1566757493188011,0.0,0.0
12516,0.0,0.0,0.0,0.0499219968798752,0.0,0.0
12517,0.0,0.0,0.0,0.05952380952380953,0.0,0.0
12518,0.0,0.0,0.0,0.08203125,0.0,0.0
12519,0.0,0.0,0.0,0.0,0.0,0.0
12520,0.0,0.0,0.0,0.02631578947368421,0.0,0.0
12521,0.09005235602094241,0.011518324607329844,0.011518324607329844,0.2094240837696335,0.0,0.0
12522,0.0,0.0,0.0,0.00471976401179941,0.0,0.0
12523,0.0,0.0,0.0,0.0,0.0,0.0
12524,0.0,0.0,0.0,0.0,0.0,0.0
12525,0.0,0.0,0.0,0.0,0.0,0.0
12526,0.0,0.0,0.0,0.0,0.0,0.0
12527,0.0,0.0,0.0,0.0,0.0,0.0
12528,0.0,0.0,0.0,0.0,0.0,0.0
12529,0.0,0.0,0.0,0.022867194371152155,0.0,0.0
12530,0.0,0.0,0.0,0.0,0.0,0.0
12531,0.0,0.0,0.0,0.010830324909747292,0.0,0.0
12532,0.0,0.0,0.0,0.0,0.0,0.0
12533,0.0,0.0,0.0,0.01492537313432836,0.0,0.0
12534,0.0,0.0,0.0,0.0,0.0,0.0
12535,0.0,0.0,0.0,0.0,0.0,0.0
12536,0.0,0.0,0.0,0.2557154953429297,0.0,0.0
12537,0.0,0.0,0.0,0.04663991975927784,0.0,0.0
12538,0.0,0.0,0.0,0.0,0.0,0.0
12539,0.0,0.0,0.0,0.027027027027027032,0.0,0.0
12540,0.0,0.0,0.0,0.0,0.0,0.0
12541,0.0,0.0,0.0,0.0989399293286219,0.0,0.0
12542,0.0,0.0,0.0,0.0,0.0,0.0
12543,0.0,0.0,0.0,0.06115107913669065,0.0,0.0
12544,0.0,0.0,0.0,0.0,0.0,0.0
12545,0.0,0.0,0.0,0.10542635658914727,0.0,0.0
12546,0.0,0.0,0.0,0.0,0.0,0.0
12547,0.0,0.0,0.0,0.14285714285714285,0.0,0.0
12548,0.0,0.0,0.0,0.0,0.0,0.0
12549,0.0,0.0,0.0,0.0916754478398314,0.0,0.0
12550,0.0,0.0,0.0,0.20481927710843373,0.0,0.0
12551,0.0,0.0,0.0,0.25,0.0,0.0
12552,0.0,0.0,0.0,1.0,0.0,0.0
12553,0.0,0.0,0.0,0.033967391304347824,0.0,0.0
12554,0.0,0.0,0.0,0.0,0.0,0.0
12555,0.0,0.0,0.0,0.18987341772151897,0.0,0.0
12556,0.0,0.0,0.0,0.05501618122977346,0.0,0.0
12557,0.0,0.0,0.0,0.0,0.0,0.0
12558,0.0,0.0,0.0,0.10854341736694678,0.0,0.0
12559,0.0,0.0,0.0,0.02570093457943925,0.0,0.0
12560,0.0,0.0,0.0,0.0,0.0,0.0
12561,0.0,0.0,0.0,0.03164556962025317,0.0,0.0
12562,0.0,0.0,0.0,0.05567567567567568,0.012972972972972972,0.012972972972972972
12563,0.0,0.0,0.0,0.0,0.0,0.0
12564,0.0,0.0,0.0,0.0,0.0,0.0
12565,0.0,0.0,0.0,0.09937888198757763,0.0,0.0
12566,0.0,0.0,0.0,0.01954120645709431,0.0,0.0
12567,0.0,0.0,0.0,0.0,0.0,0.0
12568,0.0,0.0,0.0,0.0,0.0,0.0
12569,0.0,0.0,0.0,0.024439918533604887,0.0,0.0
12570,0.0,0.0,0.0,0.07461594732991954,0.0,0.0
12571,0.0,0.0,0.0,0.18834080717488788,0.0,0.0
12572,0.0,0.0,0.0,0.0,0.0,0.0
12573,0.0,0.0,0.0,0.05808656036446469,0.0,0.0
12574,0.0,0.0,0.0,0.0,0.0,0.0
12575,0.0,0.0,0.0,0.4489795918367347,0.0,0.0
12576,0.0,0.0,0.0,0.015723270440251572,0.0,0.0
12577,0.0,0.0,0.0,0.0,0.0,0.0
12578,0.0,0.0,0.0,0.0,0.0,0.0
12579,0.0,0.0,0.0,0.0,0.0,0.0
12580,0.0,0.0,0.0,0.0,0.0,0.0
12581,0.0,0.0,0.0,0.0,0.0,0.0
12582,0.0,0.0,0.0,0.18791946308724836,0.0,0.0
12583,0.0,0.0,0.0,0.08664898320070734,0.0,0.0
12584,0.03918613413715147,0.0,0.0,0.08515448379804069,0.0,0.0
12585,0.0,0.0,0.0,0.07692307692307693,0.0,0.0
12586,0.0,0.0,0.0,0.0,0.0,0.0
12587,0.0,0.0,0.0,0.12396694214876032,0.0,0.0
12588,0.0,0.0,0.0,0.0,0.0,0.0
12589,0.0,0.0,0.0,0.0,0.0,0.0
12590,0.0,0.0,0.0,0.0,0.0,0.0
12591,0.0,0.0,0.0,0.0,0.0,0.0
12592,0.0,0.0,0.0,0.0,0.0,0.0
12593,0.0,0.0,0.0,0.2640170333569908,0.0,0.0
12594,0.0,0.0,0.0,0.02020820575627679,0.0,0.0
12595,0.0,0.0,0.0,0.25517241379310346,0.0,0.0
12596,0.0,0.0,0.0,0.0,0.0,0.0
12597,0.0,0.0,0.0,0.06359945872801083,0.0,0.0
12598,0.0,0.0,0.0,0.0,0.0,0.0
12599,0.0,0.0,0.0,0.0,0.0,0.0
12600,0.0,0.0,0.0,0.0,0.0,0.0
12601,0.0,0.0,0.0,0.0165710643722116,0.0,0.0
12602,0.0,0.0,0.0,0.0,0.0,0.0
12603,0.0,0.0,0.0,0.01772324471710975,0.0,0.0
12604,0.0,0.0,0.0,0.03918228279386712,0.0,0.0
12605,0.03364969801553063,0.023295944779982744,0.023295944779982744,0.0181190681622088,0.0,0.0
12606,0.0,0.0,0.0,0.0,0.0,0.0
12607,0.0,0.0,0.0,0.0,0.0,0.0
12608,0.0,0.0,0.0,0.03790613718411552,0.0,0.0
12609,0.0,0.0,0.0,0.0,0.0,0.0
12610,0.0,0.0,0.0,0.0,0.0,0.0
12611,0.0,0.0,0.0,0.007785467128027681,0.0,0.0
12612,0.0,0.0,0.0,0.0,0.0,0.0
12613,0.0,0.0,0.0,0.0,0.0,0.0
12614,0.0,0.0,0.0,0.0,0.0,0.0
12615,0.0,0.0,0.0,0.0,0.0,0.0
12616,0.0,0.0,0.0,0.0,0.0,0.0
12617,0.0,0.0,0.0,0.3333333333333333,0.0,0.0
12618,0.0,0.0,0.0,0.0063341250989707035,0.0,0.0
12619,0.0,0.0,0.0,0.02627511591962906,0.0,0.0
12620,0.0,0.0,0.0,0.10414657666345227,0.0,0.0
12621,0.0,0.0,0.0,0.0,0.0,0.0
12622,0.043640897755610975,0.011221945137157107,0.011221945137157107,0.14588528678304238,0.0,0.0
12623,0.0,0.0,0.0,0.040816326530612235,0.0,0.0
12624,0.0,0.0,0.0,0.0,0.0,0.0
12625,0.0,0.0,0.0,0.0,0.0,0.0
12626,0.0,0.0,0.0,0.03127641589180051,0.0,0.0
12627,0.0198019801980198,0.0,0.0,0.16902404526166906,0.008486562942008486,0.008486562942008486
12628,0.0,0.0,0.0,0.0,0.0,0.0
12629,0.0,0.0,0.0,0.0,0.0,0.0
12630,0.0,0.0,0.0,0.012315270935960592,0.0,0.0
12631,0.0,0.0,0.0,0.0,0.0,0.0
12632,0.0,0.0,0.0,0.014996591683708246,0.0,0.0
12633,0.0,0.0,0.0,0.0,0.0,0.0
12634,0.0,0.0,0.0,0.13001605136436598,0.0,0.0
12635,0.0,0.0,0.0,0.0,0.0,0.0
12636,0.0,0.0,0.0,0.0,0.0,0.0
12637,0.0,0.0,0.0,0.03276353276353276,0.0,0.0
12638,0.0,0.0,0.0,0.0,0.0,0.0
12639,0.0,0.0,0.0,0.0,0.0,0.0
12640,0.0,0.0,0.0,0.019038984587488667,0.0,0.0
12641,0.0,0.0,0.0,0.12401352874859076,0.0,0.0
12642,0.0,0.0,0.0,0.012327773749093546,0.0,0.0
12643,0.0,0.0,0.0,0.037267080745341616,0.0,0.0
12644,0.0,0.0,0.0,0.15745192307692307,0.0,0.0
12645,0.015682174594877155,0.0,0.0,0.01881860951385259,0.0,0.0
12646,0.0,0.0,0.0,0.0,0.0,0.0
12647,0.0,0.0,0.0,0.043186180422264867,0.0,0.0
12648,0.0,0.0,0.0,0.0,0.0,0.0
12649,0.0,0.0,0.0,0.0,0.0,0.0
12650,0.0,0.0,0.0,0.0,0.0,0.0
12651,0.0,0.0,0.0,0.0,0.0,0.0
12652,0.0,0.0,0.0,0.0,0.0,0.0
12653,0.0,0.0,0.0,0.0,0.0,0.0
12654,0.0,0.0,0.0,0.2562313060817548,0.0,0.0
12655,0.0,0.0,0.0,0.0,0.0,0.0
12656,0.0,0.0,0.0,0.0,0.0,0.0
12657,0.0,0.0,0.0,0.0,0.0,0.0
12658,0.0,0.0,0.0,0.07601572739187418,0.0,0.0
12659,0.0,0.0,0.0,0.0,0.0,0.0
12660,0.0,0.0,0.0,0.0,0.0,0.0
12661,0.0,0.0,0.0,0.2425249169435216,0.0,0.0
12662,0.0,0.0,0.0,0.0,0.0,0.0
12663,0.0,0.0,0.0,0.0835509138381201,0.0,0.0
12664,0.0,0.0,0.0,0.0,0.0,0.0
12665,0.03734439834024896,0.0,0.0,0.07053941908713693,0.0,0.0
12666,0.0,0.0,0.0,0.0,0.0,0.0
12667,0.048409405255878286,0.0,0.0,0.3278008298755187,0.0,0.0
12668,0.0,0.0,0.0,0.0,0.0,0.0
12669,0.0,0.0,0.0,0.1925925925925926,0.0,0.0
12670,0.0,0.0,0.0,0.11083123425692697,0.0,0.0
12671,0.0,0.0,0.0,0.0,0.0,0.0
12672,0.0,0.0,0.0,0.0,0.0,0.0
12673,0.0,0.0,0.0,0.016107382550335572,0.0,0.0
12674,0.0,0.0,0.0,0.010064043915827995,0.0,0.0
12675,0.2222222222222222,0.0,0.0,0.0,0.0,0.0
12676,0.0,0.0,0.0,0.0,0.0,0.0
12677,0.0,0.0,0.0,0.0,0.0,0.0
12678,0.0,0.0,0.0,0.05761316872427984,0.0,0.0
12679,0.0,0.0,0.0,0.009243697478991595,0.0,0.0
12680,0.0,0.0,0.0,0.0,0.0,0.0
12681,0.0,0.0,0.0,0.045631608235948806,0.0,0.0
12682,0.0,0.0,0.0,0.0,0.0,0.0
12683,0.0,0.0,0.0,0.0,0.0,0.0
12684,0.0,0.0,0.0,0.0,0.0,0.0
12685,0.0,0.0,0.0,0.26666666666666666,0.0,0.0
12686,0.0,0.0,0.0,0.023305084745762712,0.0,0.0
12687,0.0,0.0,0.0,0.22694394213381555,0.0,0.0
12688,0.0,0.0,0.0,0.0,0.0,0.0
12689,0.0,0.0,0.0,0.10642201834862386,0.0,0.0
12690,0.0,0.0,0.0,0.0,0.0,0.0
12691,0.0,0.0,0.0,0.0,0.0,0.0
12692,0.0,0.0,0.0,0.00903954802259887,0.0,0.0
12693,0.0,0.0,0.0,0.0,0.0,0.0
12694,0.0,0.0,0.0,0.0,0.0,0.0
12695,0.0,0.0,0.0,0.0,0.0,0.0
12696,0.0,0.0,0.0,0.0,0.0,0.0
12697,0.0,0.0,0.0,0.0,0.0,0.0
12698,0.0,0.0,0.0,0.0,0.0,0.0
12699,0.0,0.0,0.0,0.0,0.0,0.0
12700,0.0,0.0,0.0,0.0,0.0,0.0
12701,0.0,0.0,0.0,0.024844720496894408,0.0,0.0
12702,0.0,0.0,0.0,0.057525083612040125,0.0,0.0
12703,0.0,0.0,0.0,0.03836930455635491,0.0,0.0
12704,0.0,0.0,0.0,0.008435582822085891,0.0,0.0
12705,0.0,0.0,0.0,0.0,0.0,0.0
12706,0.0,0.0,0.0,0.0,0.0,0.0
12707,0.0,0.0,0.0,0.014893617021276596,0.0,0.0
12708,0.0,0.0,0.0,0.0,0.0,0.0
12709,0.0,0.0,0.0,0.0,0.0,0.0
12710,0.0,0.0,0.0,0.02412280701754386,0.0,0.0
12711,0.0,0.0,0.0,0.0,0.0,0.0
12712,0.0,0.0,0.0,0.0,0.0,0.0
12713,0.0,0.0,0.0,0.0,0.0,0.0
12714,0.0,0.0,0.0,0.0,0.0,0.0
12715,0.0,0.0,0.0,0.2607636068237206,0.0,0.0
12716,0.0,0.0,0.0,0.0,0.0,0.0
12717,0.0,0.0,0.0,0.0,0.0,0.0
12718,0.0,0.0,0.0,0.0,0.0,0.0
12719,0.0,0.0,0.0,0.023701002734731084,0.0,0.0
12720,0.0,0.0,0.0,0.0,0.0,0.0
12721,0.0,0.0,0.0,0.07017543859649122,0.0,0.0
12722,0.0,0.0,0.0,0.0,0.0,0.0
12723,0.0,0.0,0.0,0.0,0.0,0.0
12724,0.0,0.0,0.0,0.0,0.0,0.0
12725,0.0,0.0,0.0,0.1156015037593985,0.0,0.0
12726,0.0,0.0,0.0,0.0,0.0,0.0
12727,0.02044989775051125,0.0,0.0,0.1411042944785276,0.0,0.0
12728,0.0,0.0,0.0,0.0,0.0,0.0
12729,0.026470588235294117,0.0,0.0,0.0,0.0,0.0
12730,0.0,0.0,0.0,0.0,0.0,0.0
12731,0.0,0.0,0.0,0.19041450777202076,0.0,0.0
12732,0.0,0.0,0.0,0.0,0.0,0.0
12733,0.0,0.0,0.0,0.0,0.0,0.0
12734,0.0,0.0,0.0,0.2743295019157088,0.0,0.0
12735,0.0,0.0,0.0,0.012404580152671756,0.0,0.0
12736,0.04406779661016949,0.0,0.0,0.2576271186440678,0.0,0.0
12737,0.0,0.0,0.0,0.0,0.0,0.0
12738,0.0,0.0,0.0,0.0,0.0,0.0
12739,0.0,0.0,0.0,0.24,0.0,0.0
12740,0.0,0.0,0.0,0.0,0.0,0.0
12741,0.0,0.0,0.0,0.0,0.0,0.0
12742,0.0,0.0,0.0,0.0380859375,0.0,0.0
12743,0.0,0.0,0.0,0.0,0.0,0.0
12744,0.0,0.0,0.0,0.0,0.0,0.0
12745,0.0,0.0,0.0,0.22935779816513766,0.0,0.0
12746,0.0,0.0,0.0,0.0,0.0,0.0
12747,0.0,0.0,0.0,0.2629032258064516,0.0,0.0
12748,0.0,0.0,0.0,0.12323232323232325,0.0,0.0
12749,0.0,0.0,0.0,0.06636771300448431,0.0,0.0
12750,0.0,0.0,0.0,0.0,0.0,0.0
12751,0.0,0.0,0.0,0.0,0.0,0.0
12752,0.0,0.0,0.0,0.0,0.0,0.0
12753,0.009587020648967551,0.0,0.0,0.06710914454277286,0.0,0.0
12754,0.0,0.0,0.0,0.0,0.0,0.0
12755,0.0,0.0,0.0,0.0,0.0,0.0
12756,0.0,0.0,0.0,0.002631578947368421,0.0,0.0
12757,0.0,0.0,0.0,0.016602809706257982,0.0,0.0
12758,0.0,0.0,0.0,0.042105263157894736,0.0,0.0
12759,0.0,0.0,0.0,0.0,0.0,0.0
12760,0.0,0.0,0.0,0.05194805194805195,0.0,0.0
12761,0.0,0.0,0.0,0.0,0.0,0.0
12762,0.0,0.0,0.0,0.0,0.0,0.0
12763,0.0,0.0,0.0,0.10112359550561796,0.0,0.0
12764,0.0,0.0,0.0,0.0,0.0,0.0
12765,0.0,0.0,0.0,0.0,0.0,0.0
12766,0.0,0.0,0.0,0.017985611510791366,0.0,0.0
12767,0.0,0.0,0.0,0.0,0.0,0.0
12768,0.0,0.0,0.0,0.1889763779527559,0.0,0.0
12769,0.0,0.0,0.0,0.019434628975265017,0.0,0.0
12770,0.0,0.0,0.0,0.023529411764705882,0.0,0.0
12771,0.0,0.0,0.0,0.15207373271889402,0.0,0.0
12772,0.0,0.0,0.0,0.0,0.0,0.0
12773,0.03150912106135987,0.0,0.0,0.013266998341625208,0.0,0.0
12774,0.0,0.0,0.0,0.08108108108108109,0.0,0.0
12775,0.0,0.0,0.0,0.0213903743315508,0.0,0.0
12776,0.0,0.0,0.0,0.0,0.0,0.0
12777,0.0,0.0,0.0,0.0,0.0,0.0
12778,0.0,0.0,0.0,0.0,0.0,0.0
12779,0.0,0.0,0.0,0.0,0.0,0.0
12780,0.0,0.0,0.0,0.0,0.0,0.0
12781,0.0,0.0,0.0,0.4,0.0,0.0
12782,0.0,0.0,0.0,0.0,0.0,0.0
12783,0.0,0.0,0.0,0.0,0.0,0.0
12784,0.0,0.0,0.0,0.0,0.0,0.0
12785,0.0,0.0,0.0,0.03741007194244604,0.0,0.0
12786,0.0,0.0,0.0,0.0,0.0,0.0
12787,0.0,0.0,0.0,0.1076923076923077,0.0,0.0
12788,0.0,0.0,0.0,0.0,0.0,0.0
12789,0.0,0.0,0.0,0.0,0.0,0.0
12790,0.0,0.0,0.0,0.0,0.0,0.0
12791,0.0,0.0,0.0,0.0,0.0,0.0
12792,0.0,0.0,0.0,0.05080645161290322,0.0,0.0
12793,0.0,0.0,0.0,0.0,0.0,0.0
12794,0.0,0.0,0.0,0.0,0.0,0.0
12795,0.042763157894736836,0.0,0.0,0.42105263157894735,0.0,0.0
12796,0.0,0.0,0.0,0.15254237288135594,0.0,0.0
12797,0.019147084421235857,0.0,0.0,0.037423846823324634,0.0,0.0
12798,0.0,0.0,0.0,0.0851063829787234,0.0,0.0
12799,0.0,0.0,0.0,0.0,0.0,0.0
12800,0.0,0.0,0.0,0.18055555555555555,0.0,0.0
12801,0.0,0.0,0.0,0.0,0.0,0.0
12802,0.0,0.0,0.0,0.0,0.0,0.0
12803,0.0,0.0,0.0,0.0,0.0,0.0
12804,0.0,0.0,0.0,0.0,0.0,0.0
12805,0.0,0.0,0.0,0.004214963119072708,0.0,0.0
12806,0.0,0.0,0.0,0.0,0.0,0.0
12807,0.0,0.0,0.0,0.0,0.0,0.0
12808,0.0,0.0,0.0,0.06984126984126984,0.0,0.0
12809,0.0,0.0,0.0,0.006189821182943604,0.0,0.0
12810,0.0,0.0,0.0,0.0,0.0,0.0
12811,0.0,0.0,0.0,0.05311542390194075,0.0,0.0
12812,0.0,0.0,0.0,0.33797909407665505,0.0,0.0
12813,0.0,0.0,0.0,0.11312217194570134,0.0,0.0
12814,0.0,0.0,0.0,0.0,0.0,0.0
12815,0.0,0.0,0.0,0.1095890410958904,0.0,0.0
12816,0.0,0.0,0.0,0.25254730713246,0.0,0.0
12817,0.0,0.0,0.0,0.0,0.0,0.0
12818,0.0,0.0,0.0,0.0,0.0,0.0
12819,0.0,0.0,0.0,0.023809523809523808,0.0,0.0
12820,0.0,0.0,0.0,0.06551059730250483,0.0,0.0
12821,0.0,0.0,0.0,0.0,0.0,0.0
12822,0.0,0.0,0.0,0.0,0.0,0.0
12823,0.0,0.0,0.0,0.0,0.0,0.0
12824,0.0,0.0,0.0,0.0,0.0,0.0
12825,0.0,0.0,0.0,0.1502808988764045,0.0,0.0
12826,0.0,0.0,0.0,0.0,0.0,0.0
12827,0.0,0.0,0.0,0.0,0.0,0.0
12828,0.0,0.0,0.0,0.003076923076923077,0.0,0.0
12829,0.0,0.0,0.0,0.0,0.0,0.0
12830,0.0,0.0,0.0,0.042287075640262066,0.0,0.0
12831,0.022872827081427263,0.0,0.0,0.023787740164684355,0.0,0.0
12832,0.0,0.0,0.0,0.039886039886039885,0.0,0.0
12833,0.0,0.0,0.0,0.2736512900703675,0.0,0.0
12834,0.0,0.0,0.0,0.0,0.0,0.0
12835,0.0,0.0,0.0,0.0,0.0,0.0
12836,0.0,0.0,0.0,0.0,0.0,0.0
12837,0.0,0.0,0.0,0.0,0.0,0.0
12838,0.0,0.0,0.0,0.0,0.0,0.0
12839,0.0,0.0,0.0,0.0,0.0,0.0
12840,0.0,0.0,0.0,0.08071367884451996,0.0,0.0
12841,0.0,0.0,0.0,0.002525252525252525,0.0,0.0
12842,0.020391517128874388,0.0,0.0,0.20473083197389885,0.0,0.0
12843,0.0,0.0,0.0,0.05054945054945055,0.0,0.0
12844,0.0,0.0,0.0,0.0,0.0,0.0
12845,0.0,0.0,0.0,0.0,0.0,0.0
12846,0.0,0.0,0.0,0.0,0.0,0.0
12847,0.0,0.0,0.0,0.054607508532423216,0.0,0.0
12848,0.0,0.0,0.0,0.0,0.0,0.0
12849,0.0,0.0,0.0,0.0,0.0,0.0
12850,0.0,0.0,0.0,0.0,0.0,0.0
12851,0.0,0.0,0.0,0.0,0.0,0.0
12852,0.0,0.0,0.0,0.1111111111111111,0.0,0.0
12853,0.0,0.0,0.0,0.0,0.0,0.0
12854,0.0,0.0,0.0,0.0,0.0,0.0
12855,0.0,0.0,0.0,0.0,0.0,0.0
12856,0.0,0.0,0.0,0.0,0.0,0.0
12857,0.0,0.0,0.0,0.0,0.0,0.0
12858,0.0,0.0,0.0,0.1347517730496454,0.0,0.0
12859,0.0,0.0,0.0,0.11926605504587155,0.0,0.0
12860,0.0,0.0,0.0,0.0,0.0,0.0
12861,0.0,0.0,0.0,0.24416135881104034,0.0,0.0
12862,0.0,0.0,0.0,0.23990498812351546,0.0,0.0
12863,0.0,0.0,0.0,0.0375,0.0,0.0
12864,0.0,0.0,0.0,0.0,0.0,0.0
12865,0.0,0.0,0.0,0.0975609756097561,0.0,0.0
12866,0.0,0.0,0.0,0.02779532533164877,0.0,0.0
12867,0.0,0.0,0.0,0.04948216340621404,0.0,0.0
12868,0.0,0.0,0.0,0.0,0.0,0.0
12869,0.0,0.0,0.0,0.0,0.0,0.0
12870,0.0,0.0,0.0,0.05802861685214626,0.0,0.0
12871,0.0,0.0,0.0,0.22526817640047675,0.0,0.0
12872,0.0,0.0,0.0,0.0,0.0,0.0
12873,0.0,0.0,0.0,0.0,0.0,0.0
12874,0.0,0.0,0.0,0.0,0.0,0.0
12875,0.026607538802660757,0.0,0.0,0.2749445676274945,0.0,0.0
12876,0.0,0.0,0.0,0.21739130434782608,0.0,0.0
12877,0.0,0.0,0.0,0.0625,0.0,0.0
12878,0.03225806451612903,0.0,0.0,0.2699490662139219,0.0,0.0
12879,0.0,0.0,0.0,0.14169381107491855,0.0,0.0
12880,0.0,0.0,0.0,0.21153846153846154,0.0,0.0
12881,0.0,0.0,0.0,0.0,0.0,0.0
12882,0.0,0.0,0.0,0.0,0.0,0.0
12883,0.0,0.0,0.0,0.004094165813715456,0.0,0.0
12884,0.0,0.0,0.0,0.03747323340471092,0.0,0.0
12885,0.0,0.0,0.0,0.07518022657054584,0.017507723995880537,0.017507723995880537
12886,0.0,0.0,0.0,1.0,0.0,0.0
12887,0.0,0.0,0.0,0.0,0.0,0.0
12888,0.0,0.0,0.0,0.0963855421686747,0.0,0.0
12889,0.0,0.0,0.0,0.0,0.0,0.0
12890,0.0,0.0,0.0,0.21171548117154806,0.0,0.0
12891,0.0,0.0,0.0,0.033854166666666664,0.0,0.0
12892,0.0,0.0,0.0,0.031958762886597936,0.0,0.0
12893,0.0,0.0,0.0,0.0884450784593438,0.0,0.0
12894,0.0,0.0,0.0,0.0,0.0,0.0
12895,0.0,0.0,0.0,0.0,0.0,0.0
12896,0.0,0.0,0.0,0.0,0.0,0.0
12897,0.0,0.0,0.0,0.022772277227722768,0.0,0.0
12898,0.0,0.0,0.0,0.0,0.0,0.0
12899,0.0,0.0,0.0,0.0,0.0,0.0
12900,0.0,0.0,0.0,0.010262989095574084,0.0,0.0
12901,0.0,0.0,0.0,0.0,0.0,0.0
12902,0.0,0.0,0.0,0.007028112449799197,0.0,0.0
12903,0.0,0.0,0.0,0.017326732673267328,0.0,0.0
12904,0.0,0.0,0.0,0.0,0.0,0.0
12905,0.0,0.0,0.0,0.0,0.0,0.0
12906,0.0,0.0,0.0,0.0,0.0,0.0
12907,0.0,0.0,0.0,0.0,0.0,0.0
12908,0.0,0.0,0.0,0.0,0.0,0.0
12909,0.0,0.0,0.0,0.0,0.0,0.0
12910,0.0,0.0,0.0,0.0,0.0,0.0
12911,0.0,0.0,0.0,0.0,0.0,0.0
12912,0.1835443037974684,0.0,0.0,0.23417721518987344,0.0,0.0
12913,0.0,0.0,0.0,0.04497354497354497,0.0,0.0
12914,0.0,0.0,0.0,0.0,0.0,0.0
12915,0.0,0.0,0.0,0.1737891737891738,0.0,0.0
12916,0.0,0.0,0.0,0.03862660944206009,0.0,0.0
12917,0.0,0.0,0.0,0.0,0.0,0.0
12918,0.0,0.0,0.0,0.0,0.0,0.0
12919,0.0,0.0,0.0,0.0,0.0,0.0
12920,0.0,0.0,0.0,0.0,0.0,0.0
12921,0.0,0.0,0.0,0.02531645569620253,0.0,0.0
12922,0.0,0.0,0.0,0.2875,0.0,0.0
12923,0.0,0.0,0.0,0.0,0.0,0.0
12924,0.0,0.0,0.0,0.0,0.0,0.0
12925,0.0,0.0,0.0,0.0,0.0,0.0
12926,0.0,0.0,0.0,0.0196078431372549,0.0,0.0
12927,0.0,0.0,0.0,0.0,0.0,0.0
12928,0.0,0.0,0.0,0.0,0.0,0.0
12929,0.0,0.0,0.0,0.0,0.0,0.0
12930,0.0,0.0,0.0,0.12307692307692307,0.0,0.0
12931,0.0,0.0,0.0,0.0,0.0,0.0
12932,0.0,0.0,0.0,0.0,0.0,0.0
12933,0.042569659442724464,0.02321981424148607,0.02321981424148607,0.26857585139318885,0.0,0.0
12934,0.0,0.0,0.0,0.0,0.0,0.0
12935,0.0,0.0,0.0,0.03383458646616541,0.0,0.0
12936,0.0,0.0,0.0,0.09702209414024976,0.0,0.0
12937,0.12,0.05333333333333334,0.0,0.0,0.0,0.0
12938,0.058518518518518525,0.0,0.0,0.07555555555555556,0.01925925925925926,0.01925925925925926
12939,0.0,0.0,0.0,0.0,0.0,0.0
12940,0.0,0.0,0.0,0.0,0.0,0.0
12941,0.0,0.0,0.0,0.05497076023391813,0.0,0.0
12942,0.0,0.0,0.0,0.0,0.0,0.0
12943,0.0,0.0,0.0,0.09930715935334873,0.0,0.0
12944,0.0,0.0,0.0,0.2094488188976378,0.0,0.0
12945,0.0,0.0,0.0,0.015283842794759825,0.0,0.0
12946,0.0,0.0,0.0,0.09743589743589744,0.0,0.0
12947,0.0,0.0,0.0,0.0,0.0,0.0
12948,0.0,0.0,0.0,0.0,0.0,0.0
12949,0.0,0.0,0.0,0.0,0.0,0.0
12950,0.0,0.0,0.0,0.0,0.0,0.0
12951,0.0,0.0,0.0,0.0,0.0,0.0
12952,0.0,0.0,0.0,0.09090909090909093,0.0,0.0
12953,0.0,0.0,0.0,0.012244897959183671,0.0,0.0
12954,0.0,0.0,0.0,0.4,0.0,0.0
12955,0.0,0.0,0.0,0.0,0.0,0.0
12956,0.0,0.0,0.0,0.030303030303030307,0.0,0.0
12957,0.0,0.0,0.0,0.0,0.0,0.0
12958,0.0,0.0,0.0,0.14118629908103592,0.0,0.0
12959,0.0,0.0,0.0,0.0,0.0,0.0
12960,0.0,0.0,0.0,0.0,0.0,0.0
12961,0.0,0.0,0.0,0.02507522567703109,0.0,0.0
12962,0.0,0.0,0.0,0.010471204188481676,0.0,0.0
12963,0.0,0.0,0.0,0.0911300121506683,0.0,0.0
12964,0.0,0.0,0.0,0.0006064281382656155,0.0,0.0
12965,0.0,0.0,0.0,0.0,0.0,0.0
12966,0.0,0.0,0.0,0.0,0.0,0.0
12967,0.0,0.0,0.0,0.0,0.0,0.0
12968,0.0,0.022163120567375887,0.0,0.025709219858156027,0.0,0.0
12969,0.0,0.0,0.0,0.0,0.0,0.0
12970,0.0,0.0,0.0,0.03948576675849403,0.0,0.0
12971,0.0,0.0,0.0,0.0,0.0,0.0
12972,0.0,0.0,0.0,0.0,0.0,0.0
12973,0.0,0.0,0.0,0.10411622276029056,0.0,0.0
12974,0.0,0.0,0.0,0.004557885141294439,0.0,0.0
12975,0.0,0.0,0.0,0.0,0.0,0.0
12976,0.0,0.0,0.0,0.01880621422730989,0.0,0.0
12977,0.0,0.0,0.0,0.0,0.0,0.0
12978,0.0,0.0,0.0,0.02,0.0,0.0
12979,0.0,0.0,0.0,0.007751937984496123,0.0,0.0
12980,0.0,0.0,0.0,0.18181818181818185,0.0,0.0
12981,0.0,0.0,0.0,0.0,0.0,0.0
12982,0.0,0.0,0.0,0.0,0.0,0.0
12983,0.0,0.0,0.0,0.02716049382716049,0.0,0.0
12984,0.037851662404092073,0.009207161125319692,0.009207161125319692,0.10076726342710997,0.010230179028132991,0.010230179028132991
12985,0.0,0.0,0.0,0.0,0.0,0.0
12986,0.05122655122655122,0.0,0.0,0.12626262626262627,0.0,0.0
12987,0.0,0.0,0.0,0.0,0.0,0.0
12988,0.0,0.0,0.0,0.2260208926875593,0.0,0.0
12989,0.0,0.0,0.0,0.06683587140439932,0.0,0.0
12990,0.0,0.0,0.0,0.018867924528301886,0.0,0.0
12991,0.0,0.0,0.0,0.0,0.0,0.0
12992,0.046403712296983764,0.0,0.0,0.03248259860788863,0.0,0.0
12993,0.0,0.0,0.0,0.1794871794871795,0.0,0.0
12994,0.0,0.0,0.0,0.1153846153846154,0.0,0.0
12995,0.0,0.0,0.0,0.0,0.0,0.0
12996,0.0,0.0,0.0,0.0,0.0,0.0
12997,0.0,0.0,0.0,0.0,0.0,0.0
12998,0.0,0.0,0.0,0.0,0.0,0.0
12999,0.0,0.0,0.0,0.0,0.0,0.0
13000,0.0,0.0,0.0,0.12683823529411764,0.0,0.0
13001,0.0,0.0,0.0,0.0,0.0,0.0
13002,0.0,0.0,0.0,0.01555869872701556,0.0,0.0
13003,0.0,0.0,0.0,0.0,0.0,0.0
13004,0.0,0.0,0.0,0.012274959083469721,0.0,0.0
13005,0.0,0.0,0.0,0.03202846975088968,0.0,0.0
13006,0.0,0.0,0.0,0.012744265080713678,0.0,0.0
13007,0.0,0.0,0.0,0.0,0.0,0.0
13008,0.033282904689863835,0.0,0.0,0.08774583963691376,0.0,0.0
13009,0.0,0.0,0.0,0.041411042944785266,0.0,0.0
13010,0.0,0.0,0.0,0.0,0.0,0.0
13011,0.0,0.0,0.0,0.028753993610223638,0.0,0.0
13012,0.0,0.0,0.0,0.0,0.0,0.0
13013,0.0,0.0,0.0,0.014684287812041116,0.0,0.0
13014,0.0,0.0,0.0,0.0,0.0,0.0
13015,0.0,0.0,0.0,0.0,0.0,0.0
13016,0.0,0.0,0.0,0.0,0.0,0.0
13017,0.0,0.0,0.0,0.0,0.0,0.0
13018,0.0,0.0,0.0,0.1458966565349544,0.0,0.0
13019,0.0,0.0,0.0,0.005882352941176471,0.0,0.0
13020,0.0,0.0,0.0,0.018229166666666668,0.0,0.0
13021,0.0,0.0,0.0,0.13267148014440433,0.0,0.0
13022,0.0,0.0,0.0,0.038106235565819865,0.0,0.0
13023,0.0,0.0,0.0,0.0,0.0,0.0
13024,0.4444444444444444,0.0,0.0,0.15555555555555556,0.0,0.0
13025,0.0,0.0,0.0,0.0,0.0,0.0
13026,0.0,0.0,0.0,0.0,0.0,0.0
13027,0.0,0.0,0.0,0.0,0.0,0.0
13028,0.01897905759162304,0.01897905759162304,0.01897905759162304,0.01897905759162304,0.0,0.0
13029,0.0,0.0,0.0,0.6,0.0,0.0
13030,0.0,0.0,0.0,0.0,0.0,0.0
13031,0.0,0.0,0.0,0.0,0.0,0.0
13032,0.0,0.0,0.0,0.0,0.0,0.0
13033,0.0,0.0,0.0,0.29157175398633256,0.0,0.0
13034,0.0,0.0,0.0,0.0,0.0,0.0
13035,0.0,0.0,0.0,0.0,0.0,0.0
13036,0.0,0.0,0.0,0.11320754716981132,0.0,0.0
13037,0.0,0.0,0.0,0.1259105098855359,0.0,0.0
13038,0.0,0.0,0.0,0.14545454545454545,0.0,0.0
13039,0.0,0.0,0.0,0.0,0.0,0.0
13040,0.0,0.0,0.0,0.0,0.0,0.0
13041,0.0,0.0,0.0,0.11385199240986715,0.0,0.0
13042,0.0,0.0,0.0,0.0,0.0,0.0
13043,0.0,0.0,0.0,0.08460754332313965,0.0,0.0
13044,0.0,0.0,0.0,0.011873350923482849,0.0,0.0
13045,0.0,0.0,0.0,0.0,0.0,0.0
13046,0.0,0.0,0.0,0.3225331369661267,0.0,0.0
13047,0.0,0.0,0.0,0.17687747035573126,0.0,0.0
13048,0.0,0.0,0.0,0.061306532663316586,0.016080402010050253,0.0
13049,0.0,0.0,0.0,0.0008857395925597873,0.0,0.0
13050,0.0,0.0,0.0,0.0,0.0,0.0
13051,0.0,0.0,0.0,0.0,0.0,0.0
13052,0.0,0.0,0.0,0.0,0.0,0.0
13053,0.0,0.0,0.0,0.0,0.0,0.0
13054,0.0,0.0,0.0,0.0,0.0,0.0
13055,0.0,0.0,0.0,0.0,0.0,0.0
13056,0.0,0.0,0.0,0.0,0.0,0.0
13057,0.0,0.0,0.0,0.0,0.0,0.0
13058,0.0,0.0,0.0,0.0,0.0,0.0
13059,0.0,0.0,0.0,0.1153846153846154,0.0,0.0
13060,0.0,0.0,0.0,0.0,0.0,0.0
13061,0.0,0.0,0.0,0.0,0.0,0.0
13062,0.0,0.0,0.0,0.08020698576972833,0.0,0.0
13063,0.0,0.0,0.0,0.20907418761496016,0.0,0.0
13064,0.0,0.0,0.0,0.2331482950039651,0.0,0.0
13065,0.0,0.0,0.0,0.0,0.0,0.0
13066,0.0,0.0,0.0,0.0,0.0,0.0
13067,0.0,0.0,0.0,0.0,0.0,0.0
13068,0.0,0.0,0.0,0.0,0.0,0.0
13069,0.0,0.0,0.0,0.0,0.0,0.0
13070,0.0,0.0,0.0,0.0,0.0,0.0
13071,0.0,0.0,0.0,0.0,0.0,0.0
13072,0.0,0.0,0.0,0.1425438596491228,0.0,0.0
13073,0.0,0.0,0.0,0.03357004519044545,0.0,0.0
13074,0.0,0.0,0.0,0.09173715029277814,0.0,0.0
13075,0.0,0.0,0.0,0.0,0.0,0.0
13076,0.0,0.0,0.0,0.0,0.0,0.0
13077,0.0,0.0,0.0,0.1011904761904762,0.0,0.0
13078,0.0,0.0,0.0,0.09887005649717516,0.0,0.0
13079,0.0,0.0,0.0,0.03864734299516908,0.0,0.0
13080,0.0,0.0,0.0,0.1282051282051282,0.0,0.0
13081,0.06349206349206349,0.0,0.0,0.05555555555555555,0.0,0.0
13082,0.0,0.0,0.0,0.0,0.0,0.0
13083,0.0,0.0,0.0,0.0,0.0,0.0
13084,0.0,0.0,0.0,0.0,0.0,0.0
13085,0.0,0.0,0.0,0.028064992614475627,0.0,0.0
13086,0.0,0.0,0.0,0.0,0.0,0.0
13087,0.0,0.0,0.0,0.0,0.0,0.0
13088,0.0,0.0,0.0,0.0,0.0,0.0
13089,0.0,0.0,0.0,0.01966955153422502,0.0,0.0
13090,0.0,0.0,0.0,0.0,0.0,0.0
13091,0.0,0.0,0.0,0.0,0.0,0.0
13092,0.0,0.0,0.0,0.007849293563579277,0.0,0.0
13093,0.0,0.0,0.0,0.0,0.0,0.0
13094,0.0,0.0,0.0,0.22340425531914893,0.0,0.0
13095,0.0,0.0,0.0,0.0,0.0,0.0
13096,0.0,0.0,0.0,0.01837270341207349,0.0,0.0
13097,0.0,0.0,0.0,0.242,0.0,0.0
13098,0.02346938775510204,0.0,0.0,0.1153061224489796,0.0,0.0
13099,0.0,0.0,0.0,0.0,0.0,0.0
13100,0.0,0.0,0.0,0.0,0.0,0.0
13101,0.0,0.0,0.0,0.2222222222222222,0.0,0.0
13102,0.0,0.0,0.0,0.0021008403361344537,0.0,0.0
13103,0.0,0.0,0.0,0.0,0.0,0.0
13104,0.0,0.0,0.0,0.015405224380442062,0.0,0.0
13105,0.0,0.0,0.0,0.06578947368421052,0.0,0.0
13106,0.0,0.0,0.0,0.09472049689440994,0.01940993788819876,0.0
13107,0.0,0.0,0.0,0.0,0.0,0.0
13108,0.0,0.0,0.0,0.005657708628005658,0.0,0.0
13109,0.0,0.0,0.0,0.04338070306656694,0.0,0.0
13110,0.0,0.0,0.0,0.0,0.0,0.0
13111,0.0,0.0,0.0,0.0,0.0,0.0
13112,0.0,0.0,0.0,0.0,0.0,0.0
13113,0.0,0.0,0.0,0.0,0.0,0.0
13114,0.0,0.0,0.0,0.009976976208749041,0.0,0.0
13115,0.0,0.0,0.0,0.0,0.0,0.0
13116,0.0,0.0,0.0,0.0,0.0,0.0
13117,0.0,0.0,0.0,0.0,0.0,0.0
13118,0.0,0.0,0.0,0.0,0.0,0.0
13119,0.0,0.0,0.0,0.0,0.0,0.0
13120,0.0,0.0,0.0,0.003421727972626176,0.0,0.0
13121,0.0,0.0,0.0,0.16,0.0,0.0
13122,0.0,0.0,0.0,0.0776283618581907,0.0,0.0
13123,0.0,0.0,0.0,0.0,0.0,0.0
13124,0.028645833333333325,0.0,0.0,0.3567708333333333,0.0234375,0.0
13125,0.0,0.0,0.0,0.002599090318388564,0.0,0.0
13126,0.02608047690014903,0.0,0.0,0.2794336810730253,0.0,0.0
13127,0.0,0.0,0.0,0.04301075268817205,0.0,0.0
13128,0.0,0.0,0.0,0.0,0.0,0.0
13129,0.0,0.0,0.0,0.17191977077363896,0.0,0.0
13130,0.0,0.0,0.0,0.0,0.0,0.0
13131,0.0,0.019011406844106463,0.0,0.019011406844106463,0.019011406844106463,0.0
13132,0.0,0.0,0.0,0.0,0.0,0.0
13133,0.0,0.0,0.0,0.0,0.0,0.0
13134,0.0,0.0,0.0,0.0,0.0,0.0
13135,0.0,0.0,0.0,0.0,0.0,0.0
13136,0.02741935483870968,0.0,0.0,0.1973118279569893,0.0,0.0
13137,0.0,0.0,0.0,0.0,0.0,0.0
13138,0.0,0.0,0.0,0.0,0.0,0.0
13139,0.0,0.0,0.0,0.0,0.0,0.0
13140,0.0,0.0,0.0,0.28999362651370303,0.0,0.0
13141,0.0,0.0,0.0,0.04225352112676056,0.0,0.0
13142,0.0,0.0,0.0,0.0,0.0,0.0
13143,0.0,0.0,0.0,0.6451612903225806,0.0,0.0
13144,0.0,0.0,0.0,0.0,0.0,0.0
13145,0.0,0.0,0.0,0.12903225806451613,0.0,0.0
13146,0.0,0.0,0.0,0.0,0.0,0.0
13147,0.0,0.0,0.0,0.0,0.0,0.0
13148,0.0,0.0,0.0,0.0,0.0,0.0
13149,0.0,0.0,0.0,0.0,0.0,0.0
13150,0.0,0.0,0.0,0.0136986301369863,0.0,0.0
13151,0.0,0.0,0.0,0.04450261780104712,0.0,0.0
13152,0.0,0.0,0.0,0.049504950495049514,0.0,0.0
13153,0.0,0.0,0.0,0.02414486921529175,0.0,0.0
13154,0.0,0.0,0.0,0.0,0.0,0.0
13155,0.0,0.0,0.0,0.0,0.0,0.0
13156,0.0,0.0,0.0,0.0,0.0,0.0
13157,0.1472265422498704,0.03006739243131156,0.03006739243131156,0.12337998963193365,0.0,0.0
13158,0.0,0.0,0.0,0.00912106135986733,0.0,0.0
13159,0.0,0.0,0.0,0.0,0.0,0.0
13160,0.0,0.0,0.0,0.0,0.0,0.0
13161,0.0,0.0,0.0,0.05456255879586077,0.0,0.0
13162,0.0,0.0,0.0,0.0,0.0,0.0
13163,0.0,0.0,0.0,0.13599062133645956,0.0,0.0
13164,0.0,0.0,0.0,0.0,0.0,0.0
13165,0.0,0.0,0.0,0.1388888888888889,0.0,0.0
13166,0.0,0.0,0.0,0.0,0.0,0.0
13167,0.0,0.0,0.0,0.0,0.0,0.0
13168,0.0,0.0,0.0,0.002309468822170901,0.0,0.0
13169,0.0,0.0,0.0,0.0,0.0,0.0
13170,0.10526315789473684,0.0,0.0,0.42105263157894735,0.0,0.0
13171,0.0,0.0,0.0,0.0,0.0,0.0
13172,0.0,0.0,0.0,0.0,0.0,0.0
13173,0.0,0.0,0.0,0.0,0.0,0.0
13174,0.0,0.0,0.0,0.015625,0.0,0.0
13175,0.0,0.0,0.0,0.06339468302658488,0.0,0.0
13176,0.0,0.0,0.0,0.0,0.0,0.0
13177,0.0,0.0,0.0,0.0,0.0,0.0
13178,0.0,0.0,0.0,0.013157894736842105,0.0,0.0
13179,0.0,0.0,0.0,0.02462526766595289,0.0,0.0
13180,0.0,0.0,0.0,0.01270772238514174,0.0,0.0
13181,0.0,0.0,0.0,0.037063435495367066,0.0,0.0
13182,0.0,0.0,0.0,0.0,0.0,0.0
13183,0.0,0.0,0.0,0.02083333333333333,0.0,0.0
13184,0.0,0.0,0.0,0.0,0.0,0.0
13185,0.01605929586164299,0.0,0.0,0.1531809759110562,0.006794317479925881,0.006794317479925881
13186,0.0,0.0,0.0,0.0,0.0,0.0
13187,0.0,0.0,0.0,0.014583333333333334,0.0,0.0
13188,0.0,0.0,0.0,0.005509641873278237,0.0,0.0
13189,0.0,0.0,0.0,0.17148760330578516,0.0,0.0
13190,0.0,0.0,0.0,0.0,0.0,0.0
13191,0.0,0.0,0.0,0.0,0.0,0.0
13192,0.0,0.0,0.0,0.0,0.0,0.0
13193,0.0,0.0,0.0,0.005822416302765648,0.0,0.0
13194,0.0,0.0,0.0,0.0351288056206089,0.0,0.0
13195,0.0,0.0,0.0,0.13831258644536654,0.0,0.0
13196,0.0,0.0,0.0,0.0,0.0,0.0
13197,0.0,0.0,0.0,0.0,0.0,0.0
13198,0.0,0.0,0.0,0.0,0.0,0.0
13199,0.0,0.0,0.0,0.0205761316872428,0.0,0.0
13200,0.0,0.0,0.0,0.0,0.0,0.0
13201,0.0,0.0,0.0,0.0,0.0,0.0
13202,0.0,0.0,0.0,0.03969465648854962,0.0,0.0
13203,0.0,0.0,0.0,0.0,0.0,0.0
13204,0.0,0.0,0.0,0.026476578411405296,0.0,0.0
13205,0.0,0.0,0.0,0.018068102849200837,0.0,0.0
13206,0.0,0.0,0.0,0.025385312783318226,0.0,0.0
13207,0.0,0.0,0.0,0.0,0.0,0.0
13208,0.0,0.0,0.0,0.006191950464396285,0.0,0.0
13209,0.0,0.0,0.0,0.0,0.0,0.0
13210,0.0,0.0,0.0,0.0,0.0,0.0
13211,0.0,0.0,0.0,0.0,0.0,0.0
13212,0.0,0.0,0.0,0.0535183349851338,0.0,0.0
13213,0.0,0.0,0.0,0.0,0.0,0.0
13214,0.0,0.0,0.0,0.0,0.0,0.0
13215,0.0,0.0,0.0,0.010248901903367495,0.0,0.0
13216,0.0,0.0,0.0,0.46,0.0,0.0
13217,0.0,0.0,0.0,0.0,0.0,0.0
13218,0.0,0.0,0.0,0.0,0.0,0.0
13219,0.0,0.0,0.0,0.003273322422258593,0.0,0.0
13220,0.0,0.0,0.0,0.0,0.0,0.0
13221,0.0,0.0,0.0,0.031228313671061762,0.0,0.0
13222,0.0,0.0,0.0,0.0,0.0,0.0
13223,0.0,0.0,0.0,0.009136212624584718,0.0,0.0
13224,0.02501330494944119,0.0,0.0,0.1059073975518893,0.0,0.0
13225,0.0,0.0,0.0,0.0,0.0,0.0
13226,0.0,0.0,0.0,0.02812295618051014,0.0,0.0
13227,0.0,0.0,0.0,0.0,0.0,0.0
13228,0.0,0.0,0.0,0.07330195023537324,0.0,0.0
13229,0.0,0.0,0.0,0.0,0.0,0.0
13230,0.0,0.0,0.0,0.11557177615571775,0.0,0.0
13231,0.0,0.0,0.0,0.0,0.0,0.0
13232,0.0,0.0,0.0,0.0,0.0,0.0
13233,0.0,0.0,0.0,0.012113055181695828,0.0,0.0
13234,0.0,0.0,0.0,0.02055498458376156,0.0,0.0
13235,0.0,0.0,0.0,0.0,0.0,0.0
13236,0.0,0.0,0.0,0.01900739176346357,0.0,0.0
13237,0.0,0.0,0.0,0.0,0.0,0.0
13238,0.0,0.0,0.0,0.033182503770739065,0.0,0.0
13239,0.0,0.0,0.0,0.029989658738366082,0.0,0.0
13240,0.0,0.0,0.0,0.0,0.0,0.0
13241,0.0,0.0,0.0,0.02008032128514056,0.0,0.0
13242,0.0,0.0,0.0,0.0,0.0,0.0
13243,0.0,0.0,0.0,0.0,0.0,0.0
13244,0.0,0.0,0.0,0.0,0.0,0.0
13245,0.0,0.0,0.0,0.0,0.0,0.0
13246,0.0,0.0,0.0,0.022743425728500355,0.0,0.0
13247,0.0,0.0,0.0,0.013284132841328414,0.0,0.0
13248,0.0,0.0,0.0,0.0,0.0,0.0
13249,0.0,0.0,0.0,0.0,0.0,0.0
13250,0.0,0.0,0.0,0.0,0.0,0.0
13251,0.0,0.0,0.0,0.0,0.0,0.0
13252,0.0,0.0,0.0,0.00804953560371517,0.0,0.0
13253,0.0,0.0,0.0,0.034161490683229816,0.0,0.0
13254,0.0,0.0,0.0,0.0,0.0,0.0
13255,0.0,0.0,0.0,0.4927536231884058,0.0,0.0
13256,0.0,0.0,0.0,0.09302325581395347,0.0,0.0
13257,0.0,0.0,0.0,0.0,0.0,0.0
13258,0.0,0.0,0.0,0.036440677966101696,0.0,0.0
13259,0.0,0.0,0.0,0.0,0.0,0.0
13260,0.0,0.0,0.0,0.0,0.0,0.0
13261,0.0,0.0,0.0,0.015241320914479255,0.0,0.0
13262,0.0,0.0,0.0,0.0,0.0,0.0
13263,0.0,0.0,0.0,0.020689655172413796,0.0,0.0
13264,0.0,0.0,0.0,0.0,0.0,0.0
13265,0.0,0.0,0.0,0.2868480725623583,0.0,0.0
13266,0.0,0.0,0.0,0.0,0.0,0.0
13267,0.0,0.0,0.0,0.008012820512820512,0.0,0.0
13268,0.0,0.0,0.0,0.0,0.0,0.0
13269,0.0,0.0,0.0,0.0283363802559415,0.0,0.0
13270,0.0,0.0,0.0,0.0,0.0,0.0
13271,0.0,0.0,0.0,0.030558482613277132,0.0,0.0
13272,0.0,0.0,0.0,0.0,0.0,0.0
13273,0.0,0.0,0.0,0.0,0.0,0.0
13274,0.0,0.0,0.0,0.009102730819245772,0.0,0.0
13275,0.0,0.0,0.0,0.027756360832690823,0.0,0.0
13276,0.0,0.0,0.0,0.0,0.0,0.0
13277,0.0,0.0,0.0,0.0,0.0,0.0
13278,0.0,0.0,0.0,0.026946107784431142,0.0,0.0
13279,0.0,0.0,0.0,0.0,0.0,0.0
13280,0.0,0.0,0.0,0.0,0.0,0.0
13281,0.0,0.0,0.0,0.0,0.0,0.0
13282,0.0,0.0,0.0,0.0,0.0,0.0
13283,0.022222222222222227,0.0,0.0,0.1439153439153439,0.022222222222222227,0.022222222222222227
13284,0.0,0.0,0.0,0.0,0.0,0.0
13285,0.0,0.0,0.0,0.0,0.0,0.0
13286,0.0,0.0,0.0,0.0,0.0,0.0
13287,0.0,0.0,0.0,0.11742424242424244,0.03409090909090909,0.03409090909090909
13288,0.0,0.0,0.0,0.1590909090909091,0.0,0.0
13289,0.0,0.0,0.0,0.03898458748866728,0.0,0.0
13290,0.0,0.0,0.0,0.0,0.0,0.0
13291,0.0,0.0,0.0,0.2743362831858407,0.0,0.0
13292,0.0,0.0,0.0,0.0,0.0,0.0
13293,0.0,0.0,0.0,0.0,0.0,0.0
13294,0.0,0.0,0.0,0.05172413793103448,0.0,0.0
13295,0.0,0.0,0.0,0.00896551724137931,0.0,0.0
13296,0.0,0.0,0.0,0.00966183574879227,0.0,0.0
13297,0.0,0.0,0.0,0.3384201077199282,0.0,0.0
13298,0.0,0.0,0.0,0.0,0.0,0.0
13299,0.0,0.0,0.0,0.0,0.0,0.0
13300,0.048138056312443236,0.0,0.0,0.0971843778383288,0.0,0.0
13301,0.0,0.0,0.0,0.03879310344827586,0.0,0.0
13302,0.0,0.0,0.0,0.0,0.0,0.0
13303,0.0,0.0,0.0,0.0,0.0,0.0
13304,0.0,0.0,0.0,0.06344086021505377,0.0,0.0
13305,0.0,0.0,0.0,0.05190677966101695,0.0,0.0
13306,0.0,0.0,0.0,0.01990950226244344,0.0,0.0
13307,0.0,0.0,0.0,0.0,0.0,0.0
13308,0.0,0.0,0.0,0.0,0.0,0.0
13309,0.0,0.0,0.0,0.02631578947368421,0.0,0.0
13310,0.0,0.0,0.0,0.021406727828746176,0.0,0.0
13311,0.0,0.0,0.0,0.0,0.0,0.0
13312,0.0,0.0,0.0,0.013250883392226149,0.0,0.0
13313,0.0,0.0,0.0,0.2486631016042781,0.0,0.0
13314,0.0,0.0,0.0,0.16279069767441862,0.0,0.0
13315,0.0,0.0,0.0,0.0,0.0,0.0
13316,0.0,0.0,0.0,0.02205882352941177,0.0,0.0
13317,0.0,0.0,0.0,0.1855845629965948,0.0,0.0
13318,0.0,0.0,0.0,0.0,0.0,0.0
13319,0.0,0.0,0.0,0.05521472392638037,0.0,0.0
13320,0.0,0.0,0.0,0.0,0.0,0.0
13321,0.0,0.0,0.0,0.0,0.0,0.0
13322,0.0,0.0,0.0,0.024439918533604887,0.0,0.0
13323,0.0,0.0,0.0,0.0,0.0,0.0
13324,0.040600176522506616,0.0,0.0,0.10944395410414827,0.0,0.0
13325,0.0,0.0,0.0,0.04809160305343512,0.0,0.0
13326,0.0,0.0,0.0,0.00353356890459364,0.0,0.0
13327,0.0,0.0,0.0,0.0,0.0,0.0
13328,0.0,0.0,0.0,0.0,0.0,0.0
13329,0.0,0.0,0.0,0.10559006211180123,0.0,0.0
13330,0.0,0.0,0.0,0.2515625,0.003125,0.003125
13331,0.0,0.0,0.0,0.0,0.0,0.0
13332,0.015127388535031847,0.0,0.0,0.19187898089171976,0.0,0.0
13333,0.0,0.0,0.0,0.2413793103448276,0.0,0.0
13334,0.0,0.0,0.0,0.0,0.0,0.0
13335,0.0,0.0,0.0,0.0,0.0,0.0
13336,0.0,0.0,0.0,0.0,0.0,0.0
13337,0.0,0.0,0.0,0.0,0.0,0.0
13338,0.0,0.0,0.0,0.0,0.0,0.0
13339,0.0,0.0,0.0,0.0,0.0,0.0
13340,0.0,0.0,0.0,0.3703703703703704,0.0,0.0
13341,0.0,0.0,0.0,0.0,0.0,0.0
13342,0.0,0.0,0.0,0.03968253968253968,0.0,0.0
13343,0.0,0.0,0.0,0.033216783216783216,0.0,0.0
13344,0.0,0.0,0.0,0.030949839914621125,0.0,0.0
13345,0.0,0.0,0.0,0.0,0.0,0.0
13346,0.0,0.0,0.0,0.04955401387512389,0.0,0.0
13347,0.0,0.0,0.0,0.0,0.0,0.0
13348,0.04488078541374474,0.025245441795231416,0.025245441795231416,0.03786816269284712,0.025245441795231416,0.0
13349,0.0,0.0,0.0,0.0194585448392555,0.0,0.0
13350,0.0,0.0,0.0,0.0,0.0,0.0
13351,0.0,0.0,0.0,0.07692307692307693,0.0,0.0
13352,0.0,0.0,0.0,0.0,0.0,0.0
13353,0.0,0.0,0.0,0.0,0.0,0.0
13354,0.0,0.0,0.0,0.006134969325153374,0.0,0.0
13355,0.0,0.0,0.0,0.2272727272727273,0.0,0.0
13356,0.0,0.0,0.0,0.0,0.0,0.0
13357,0.0,0.0,0.0,0.0,0.0,0.0
13358,0.0,0.0,0.0,0.0145748987854251,0.0,0.0
13359,0.0,0.0,0.0,0.1411764705882353,0.0,0.0
13360,0.0,0.0,0.0,0.0,0.0,0.0
13361,0.0,0.0,0.0,0.05,0.0,0.0
13362,0.0,0.0,0.0,0.0,0.0,0.0
13363,0.0,0.0,0.0,0.0,0.0,0.0
13364,0.0,0.0,0.0,0.0,0.0,0.0
13365,0.0,0.0,0.0,0.0,0.0,0.0
13366,0.0,0.0,0.0,0.22530009233610346,0.014773776546629732,0.014773776546629732
13367,0.0,0.0,0.0,0.0,0.0,0.0
13368,0.0,0.0,0.0,0.024925224327018942,0.0,0.0
13369,0.0,0.0,0.0,0.018018018018018014,0.0,0.0
13370,0.0,0.0,0.0,0.0,0.0,0.0
13371,0.07142857142857142,0.0,0.0,0.05194805194805195,0.0,0.0
13372,0.0,0.0,0.0,0.0,0.0,0.0
13373,0.0,0.0,0.0,0.13333333333333333,0.0,0.0
13374,0.0,0.0,0.0,0.033482142857142856,0.0,0.0
13375,0.0,0.0,0.0,0.0,0.0,0.0
13376,0.0,0.0,0.0,0.0,0.0,0.0
13377,0.0,0.0,0.0,0.0,0.0,0.0
13378,0.0,0.0,0.0,0.0,0.0,0.0
13379,0.0,0.0,0.0,0.0,0.0,0.0
13380,0.0,0.0,0.0,0.0,0.0,0.0
13381,0.0,0.0,0.0,0.0,0.0,0.0
13382,0.0,0.0,0.0,0.0,0.0,0.0
13383,0.0,0.0,0.0,0.2048885693745507,0.0,0.0
13384,0.0,0.0,0.0,0.0,0.0,0.0
13385,0.0,0.0,0.0,0.0,0.0,0.0
13386,0.0,0.0,0.0,0.0,0.0,0.0
13387,0.0,0.0,0.0,0.1111111111111111,0.0,0.0
13388,0.0,0.0,0.0,0.0,0.0,0.0
13389,0.0,0.0,0.0,0.0,0.0,0.0
13390,0.0,0.0,0.0,0.040290088638195005,0.0,0.0
13391,0.0,0.0,0.0,0.0,0.0,0.0
13392,0.0,0.0,0.0,0.25084745762711863,0.0,0.0
13393,0.0,0.0,0.0,0.023688663282571912,0.0,0.0
13394,0.0,0.0,0.0,0.0,0.0,0.0
13395,0.0,0.0,0.0,0.11689419795221845,0.0,0.0
13396,0.02873563218390805,0.02873563218390805,0.02873563218390805,0.0,0.0,0.0
13397,0.0,0.0,0.0,0.0,0.0,0.0
13398,0.0,0.0,0.0,0.0,0.0,0.0
13399,0.0,0.0,0.0,0.0,0.0,0.0
13400,0.0,0.0,0.0,0.0,0.0,0.0
13401,0.0,0.0,0.0,0.0,0.0,0.0
13402,0.0,0.0,0.0,0.0,0.0,0.0
13403,0.0,0.0,0.0,0.0,0.0,0.0
13404,0.0,0.0,0.0,0.021669341894060997,0.0,0.0
13405,0.0,0.0,0.0,0.0,0.0,0.0
13406,0.0,0.0,0.0,0.0,0.0,0.0
13407,0.0,0.0,0.0,0.0,0.0,0.0
13408,0.0,0.0,0.0,0.02681159420289855,0.0,0.0
13409,0.0,0.0,0.0,0.0,0.0,0.0
13410,0.0,0.0,0.0,0.0,0.0,0.0
13411,0.0,0.0,0.0,0.05780346820809248,0.0,0.0
13412,0.0,0.0,0.0,0.03837953091684435,0.0,0.0
13413,0.0,0.0,0.0,0.03736571695469407,0.0,0.0
13414,0.0,0.0,0.0,0.0,0.0,0.0
13415,0.0,0.0,0.0,0.2164705882352941,0.0,0.0
13416,0.0,0.0,0.0,0.0,0.0,0.0
13417,0.0,0.0,0.0,0.0,0.0,0.0
13418,0.0,0.0,0.0,0.2741573033707865,0.0,0.0
13419,0.0,0.0,0.0,0.0,0.0,0.0
13420,0.0,0.0,0.0,0.4117647058823529,0.0,0.0
13421,0.0,0.0,0.0,0.0,0.0,0.0
13422,0.0,0.0,0.0,0.0,0.0,0.0
13423,0.0,0.0,0.0,0.0,0.0,0.0
13424,0.0,0.0,0.0,0.0,0.0,0.0
13425,0.0,0.0,0.0,0.2558139534883721,0.0,0.0
13426,0.0,0.0,0.0,0.0,0.0,0.0
13427,0.0,0.0,0.0,0.10009442870632672,0.0,0.0
13428,0.0,0.0,0.0,0.17529411764705882,0.0,0.0
13429,0.0,0.0,0.0,0.0072072072072072065,0.0,0.0
13430,0.0,0.0,0.0,0.0,0.0,0.0
13431,0.0,0.0,0.0,0.015625,0.0,0.0
13432,0.0,0.0,0.0,0.0,0.0,0.0
13433,0.0,0.0,0.0,0.20501285347043705,0.0,0.0
13434,0.0,0.0,0.0,0.0,0.0,0.0
13435,0.0,0.0,0.0,0.0,0.0,0.0
13436,0.0,0.0,0.0,0.0,0.0,0.0
13437,0.0,0.0,0.0,0.007042253521126761,0.0,0.0
13438,0.0,0.0,0.0,0.0,0.0,0.0
13439,0.0,0.0,0.0,0.02158273381294964,0.0,0.0
13440,0.0,0.0,0.0,0.0,0.0,0.0
13441,0.0,0.0,0.0,0.43840808591282376,0.0,0.0
13442,0.0,0.0,0.0,0.0,0.0,0.0
13443,0.0,0.0,0.0,0.0,0.0,0.0
13444,0.0,0.0,0.0,0.0,0.0,0.0
13445,0.0,0.0,0.0,0.0,0.0,0.0
13446,0.0,0.0,0.0,0.0,0.0,0.0
13447,0.0,0.0,0.0,0.0,0.0,0.0
13448,0.0,0.0,0.0,0.07079037800687285,0.0,0.0
13449,0.0,0.0,0.0,0.05128205128205128,0.0,0.0
13450,0.0,0.0,0.0,0.0,0.0,0.0
13451,0.0,0.0,0.0,0.14666666666666667,0.0,0.0
13452,0.0,0.0,0.0,0.06609195402298851,0.0,0.0
13453,0.0,0.0,0.0,0.0,0.0,0.0
13454,0.0,0.0,0.0,0.06216696269982237,0.0,0.0
13455,0.0,0.0,0.0,0.2976744186046512,0.0,0.0
13456,0.03408210689388071,0.0,0.0,0.1665375677769171,0.0,0.0
13457,0.0,0.0,0.0,0.013681592039800995,0.0,0.0
13458,0.0,0.0,0.0,0.04307692307692308,0.0,0.0
13459,0.0,0.0,0.0,0.0,0.0,0.0
13460,0.0,0.0,0.0,0.0,0.0,0.0
13461,0.0,0.0,0.0,0.0,0.0,0.0
13462,0.0,0.0,0.0,0.0,0.0,0.0
13463,0.0,0.0,0.0,0.0,0.0,0.0
13464,0.0,0.0,0.0,0.0,0.0,0.0
13465,0.0,0.0,0.0,0.1176470588235294,0.0,0.0
13466,0.0,0.0,0.0,0.0,0.0,0.0
13467,0.0,0.0,0.0,0.062402496099844,0.0,0.0
13468,0.0,0.0,0.0,0.0,0.0,0.0
13469,0.0,0.0,0.0,0.0,0.0,0.0
13470,0.0,0.0,0.0,0.0,0.0,0.0
13471,0.0,0.0,0.0,0.003584229390681004,0.0,0.0
13472,0.0,0.0,0.0,0.0,0.0,0.0
13473,0.0,0.0,0.0,0.1794871794871795,0.0,0.0
13474,0.0,0.0,0.0,0.0,0.0,0.0
13475,0.0,0.0,0.0,0.0,0.0,0.0
13476,0.0,0.0,0.0,0.0055710306406685246,0.0,0.0
13477,0.0,0.0,0.0,0.0,0.0,0.0
13478,0.0,0.0,0.0,0.0,0.0,0.0
13479,0.0,0.0,0.0,0.0,0.0,0.0
13480,0.0,0.0,0.0,0.004410143329658214,0.0,0.0
13481,0.0,0.0,0.0,0.17,0.0,0.0
13482,0.0,0.0,0.0,0.0,0.0,0.0
13483,0.0,0.0,0.0,0.0,0.0,0.0
13484,0.021156558533145273,0.021156558533145273,0.0,0.07827926657263752,0.0,0.0
13485,0.11913357400722023,0.0,0.0,0.2093862815884477,0.0,0.0
13486,0.0,0.0,0.0,0.27522935779816515,0.0,0.0
13487,0.0,0.0,0.0,0.0,0.0,0.0
13488,0.0,0.0,0.0,0.0,0.0,0.0
13489,0.0,0.0,0.0,0.0,0.0,0.0
13490,0.0,0.0,0.0,0.0,0.0,0.0
13491,0.0,0.0,0.0,0.04485981308411215,0.0,0.0
13492,0.0,0.0,0.0,0.0,0.0,0.0
13493,0.0,0.0,0.0,0.0,0.0,0.0
13494,0.0,0.0,0.0,0.035182679296346414,0.0,0.0
13495,0.0,0.0,0.0,0.0,0.0,0.0
13496,0.0,0.0,0.0,0.0,0.0,0.0
13497,0.0,0.0,0.0,0.012463343108504398,0.0,0.0
13498,0.0,0.0,0.0,0.0,0.0,0.0
13499,0.0,0.0,0.0,0.0,0.0,0.0
13500,0.0,0.0,0.0,0.0016835016835016836,0.0,0.0
13501,0.0,0.0,0.0,0.0,0.0,0.0
13502,0.0,0.0,0.0,0.0,0.0,0.0
13503,0.0,0.0,0.0,0.07590132827324478,0.0,0.0
13504,0.0,0.0,0.0,0.009615384615384616,0.0,0.0
13505,0.0,0.0,0.0,0.021238938053097345,0.0,0.0
13506,0.0,0.0,0.0,0.0,0.0,0.0
13507,0.0,0.0,0.0,0.01809954751131222,0.0,0.0
13508,0.0,0.0,0.0,0.0,0.0,0.0
13509,0.0,0.0,0.0,0.0,0.0,0.0
13510,0.0,0.0,0.0,0.022743947175348497,0.0,0.0
13511,0.0,0.0,0.0,0.0007423904974016332,0.0,0.0
13512,0.0,0.0,0.0,0.0,0.0,0.0
13513,0.0,0.0,0.0,0.0,0.0,0.0
13514,0.0,0.0,0.0,0.0,0.0,0.0
13515,0.0,0.0,0.0,0.0,0.0,0.0
13516,0.0,0.0,0.0,0.04664179104477612,0.0,0.0
13517,0.0,0.0,0.0,0.0,0.0,0.0
13518,0.0,0.0,0.0,0.02707474985285462,0.0,0.0
13519,0.0,0.0,0.0,0.04230769230769231,0.0,0.0
13520,0.0,0.0,0.0,0.0,0.0,0.0
13521,0.0,0.0,0.0,0.0,0.0,0.0
13522,0.0,0.0,0.0,0.011541632316570486,0.0,0.0
13523,0.013136288998357963,0.0,0.0,0.1412151067323481,0.013136288998357963,0.013136288998357963
13524,0.0,0.0,0.0,0.0,0.0,0.0
13525,0.0,0.0,0.0,0.00403632694248234,0.0,0.0
13526,0.0,0.0,0.0,0.07398273736128237,0.0,0.0
13527,0.0,0.0,0.0,0.0,0.0,0.0
13528,0.0,0.0,0.0,0.0,0.0,0.0
13529,0.02111801242236025,0.0,0.0,0.2732919254658385,0.0,0.0
13530,0.0,0.0,0.0,0.0,0.0,0.0
13531,0.0,0.0,0.0,0.005312084993359893,0.0,0.0
13532,0.0,0.0,0.0,0.0,0.0,0.0
13533,0.0,0.0,0.0,0.0743801652892562,0.0,0.0
13534,0.0,0.0,0.0,0.026845637583892617,0.0,0.0
13535,0.0,0.0,0.0,0.02138275124732716,0.0,0.0
13536,0.0,0.0,0.0,0.0,0.0,0.0
13537,0.0,0.0,0.0,0.0033670033670033673,0.0,0.0
13538,0.0,0.0,0.0,0.02646815550041356,0.0,0.0
13539,0.0,0.0,0.0,0.2506203473945409,0.0,0.0
13540,0.0,0.0,0.0,0.0,0.0,0.0
13541,0.0,0.0,0.0,0.0,0.0,0.0
13542,0.06559877955758962,0.0,0.0,0.2387490465293669,0.0,0.0
13543,0.0,0.0,0.0,0.3931795386158475,0.0,0.0
13544,0.0,0.0,0.0,0.0030349013657056147,0.0,0.0
13545,0.0,0.0,0.0,0.0,0.0,0.0
13546,0.0,0.0,0.0,0.0,0.0,0.0
13547,0.0,0.0,0.0,0.052083333333333336,0.0,0.0
13548,0.0,0.0,0.0,0.0,0.0,0.0
13549,0.0,0.0,0.0,0.1400617919670443,0.0,0.0
13550,0.0,0.0,0.0,0.0234375,0.0,0.0
13551,0.0,0.0,0.0,0.40372670807453415,0.0,0.0
13552,0.0,0.0,0.0,0.08879492600422834,0.0,0.0
13553,0.0,0.0,0.0,0.0677035681610247,0.0,0.0
13554,0.0,0.0,0.0,0.0,0.0,0.0
13555,0.0,0.0,0.0,0.2156448202959831,0.0,0.0
13556,0.0,0.0,0.0,0.10979547900968784,0.0,0.0
13557,0.0,0.0,0.0,0.0,0.0,0.0
13558,0.0,0.0,0.0,0.3333333333333333,0.0,0.0
13559,0.0,0.0,0.0,0.06978527607361963,0.0,0.0
13560,0.0,0.0,0.0,0.023380418899171945,0.0,0.0
13561,0.0,0.0,0.0,0.0,0.0,0.0
13562,0.017971758664955068,0.0,0.0,0.06290115532734275,0.0,0.0
13563,0.0,0.0,0.0,0.0633693972179289,0.0,0.0
13564,0.0,0.0,0.0,0.0,0.0,0.0
13565,0.0,0.0,0.0,0.0,0.0,0.0
13566,0.0,0.0,0.0,0.040955631399317405,0.0,0.0
13567,0.0,0.0,0.0,0.041873669268985086,0.0,0.0
13568,0.0,0.0,0.0,0.0,0.0,0.0
13569,0.0,0.0,0.0,0.0,0.0,0.0
13570,0.0,0.0,0.0,0.022747952684258416,0.0,0.0
13571,0.0,0.0,0.0,0.16666666666666666,0.0,0.0
13572,0.0,0.0,0.0,0.2065217391304348,0.0,0.0
13573,0.11946902654867254,0.0,0.0,0.0,0.0,0.0
13574,0.0,0.0,0.0,0.0,0.0,0.0
13575,0.0,0.0,0.0,0.03319502074688797,0.0,0.0
13576,0.0,0.0,0.0,0.0,0.0,0.0
13577,0.0,0.0,0.0,0.0,0.0,0.0
13578,0.0,0.0,0.0,0.0,0.0,0.0
13579,0.0,0.0,0.0,0.0,0.0,0.0
13580,0.0,0.0,0.0,0.010948905109489052,0.0,0.0
13581,0.0,0.0,0.0,0.0,0.0,0.0
13582,0.0,0.0,0.0,0.0,0.0,0.0
13583,0.0,0.0,0.0,0.0,0.0,0.0
13584,0.0,0.0,0.0,0.009588268471517204,0.0,0.0
13585,0.0,0.0,0.0,0.0,0.0,0.0
13586,0.0,0.0,0.0,0.21739130434782608,0.0,0.0
13587,0.0,0.0,0.0,0.0,0.0,0.0
13588,0.0,0.0,0.0,0.11923076923076925,0.0,0.0
13589,0.0,0.0,0.0,0.008556759840273816,0.0,0.0
13590,0.0,0.0,0.0,0.0,0.0,0.0
13591,0.0,0.0,0.0,0.0,0.0,0.0
13592,0.0,0.0,0.0,0.03445575567736883,0.0,0.0
13593,0.0,0.0,0.0,0.08384615384615385,0.0,0.0
13594,0.0,0.0,0.0,0.0,0.0,0.0
13595,0.0,0.0,0.0,0.0,0.0,0.0
13596,0.0,0.0,0.0,0.0,0.0,0.0
13597,0.0,0.0,0.0,0.0,0.0,0.0
13598,0.0,0.0,0.0,0.03088803088803089,0.0,0.0
13599,0.0,0.0,0.0,0.0,0.0,0.0
13600,0.0,0.0,0.0,0.0,0.0,0.0
13601,0.0,0.0,0.0,0.0,0.0,0.0
13602,0.0,0.0,0.0,0.0,0.0,0.0
13603,0.0,0.0,0.0,0.0,0.0,0.0
13604,0.0,0.0,0.0,0.0,0.0,0.0
13605,0.0,0.0,0.0,0.013231197771587743,0.0,0.0
13606,0.0,0.0,0.0,0.0,0.0,0.0
13607,0.0,0.0,0.0,0.026119402985074626,0.0,0.0
13608,0.0,0.0,0.0,0.15037593984962405,0.0,0.0
13609,0.0,0.0,0.0,0.0,0.0,0.0
13610,0.0,0.0,0.0,0.0881488736532811,0.0,0.0
13611,0.0,0.0,0.0,0.0,0.0,0.0
13612,0.0,0.0,0.0,0.0,0.0,0.0
13613,0.0,0.0,0.0,0.005253940455341506,0.0,0.0
13614,0.0,0.0,0.0,0.0,0.0,0.0
13615,0.0,0.0,0.0,0.0,0.0,0.0
13616,0.0,0.0,0.0,0.2576687116564417,0.0,0.0
13617,0.0,0.0,0.0,0.006116207951070336,0.0,0.0
13618,0.0,0.0,0.0,0.09049773755656107,0.0,0.0
13619,0.0,0.0,0.0,0.0,0.0,0.0
13620,0.0,0.0,0.0,0.0,0.0,0.0
13621,0.0,0.0,0.0,0.0,0.0,0.0
13622,0.0,0.0,0.0,0.0,0.0,0.0
13623,0.0,0.0,0.0,0.033158813263525315,0.0,0.0
13624,0.0,0.0,0.0,0.0,0.0,0.0
13625,0.0,0.0,0.0,0.0,0.0,0.0
13626,0.0,0.0,0.0,0.05675675675675676,0.0,0.0
13627,0.0,0.0,0.0,0.022888713496448304,0.0,0.0
13628,0.0,0.0,0.0,0.014054813773717496,0.0,0.0
13629,0.0,0.0,0.0,0.0,0.0,0.0
13630,0.0,0.0,0.0,0.016304347826086956,0.0,0.0
13631,0.0,0.0,0.0,0.1337099811676083,0.0,0.0
13632,0.0,0.0,0.0,0.2594644506001847,0.0,0.0
13633,0.0,0.0,0.0,0.08035714285714286,0.0,0.0
13634,0.0,0.0,0.0,0.0,0.0,0.0
13635,0.0,0.0,0.0,0.3125,0.0,0.0
13636,0.0,0.0,0.0,0.0,0.0,0.0
13637,0.0,0.0,0.0,0.0,0.0,0.0
13638,0.028784648187633263,0.0,0.0,0.054371002132196165,0.0,0.0
13639,0.0,0.0,0.0,0.005196304849884526,0.0,0.0
13640,0.0,0.0,0.0,0.07682119205298013,0.0,0.0
13641,0.0,0.0,0.0,0.16703296703296702,0.0,0.0
13642,0.0,0.0,0.0,0.004313443565780014,0.0,0.0
13643,0.0,0.0,0.0,0.03619047619047619,0.0,0.0
13644,0.0,0.0,0.0,0.0,0.0,0.0
13645,0.0,0.0,0.0,0.0,0.0,0.0
13646,0.009316770186335404,0.009316770186335404,0.0,0.04580745341614907,0.0,0.0
13647,0.019079685746352413,0.0,0.0,0.05387205387205387,0.0,0.0
13648,0.0,0.0,0.0,0.0,0.0,0.0
13649,0.0,0.0,0.0,0.0,0.0,0.0
13650,0.0,0.0,0.0,0.0,0.0,0.0
13651,0.0,0.0,0.0,0.0,0.0,0.0
13652,0.0,0.0,0.0,0.0,0.0,0.0
13653,0.0,0.0,0.0,0.0,0.0,0.0
13654,0.0,0.0,0.0,0.0,0.0,0.0
13655,0.0,0.0,0.0,0.19047619047619047,0.0,0.0
13656,0.0,0.0,0.0,0.07194244604316546,0.0,0.0
13657,0.0,0.0,0.0,0.0,0.0,0.0
13658,0.0,0.0,0.0,0.193685488767456,0.0,0.0
13659,0.0,0.0,0.0,0.0,0.0,0.0
13660,0.0,0.0,0.0,0.049180327868852465,0.0,0.0
13661,0.0,0.0,0.0,0.1139240506329114,0.0,0.0
13662,0.0,0.0,0.0,0.0,0.0,0.0
13663,0.0,0.0,0.0,0.2654028436018957,0.0,0.0
13664,0.0,0.0,0.0,0.010195412064570943,0.0,0.0
13665,0.0,0.0,0.0,0.0,0.0,0.0
13666,0.0,0.0,0.0,0.17248062015503876,0.0,0.0
13667,0.0,0.0,0.0,0.03448275862068965,0.0,0.0
13668,0.0,0.0,0.0,0.0505050505050505,0.0,0.0
13669,0.0,0.0,0.0,0.0,0.0,0.0
13670,0.0,0.0,0.0,0.0,0.0,0.0
13671,0.0,0.0,0.0,0.09009009009009007,0.0,0.0
13672,0.0,0.0,0.0,0.0,0.0,0.0
13673,0.0,0.0,0.0,0.010899182561307902,0.0,0.0
13674,0.0,0.0,0.0,0.06786941580756012,0.0,0.0
13675,0.0,0.0,0.0,0.037964458804523434,0.0,0.0
13676,0.0,0.0,0.0,0.0,0.0,0.0
13677,0.0,0.0,0.0,0.0007704160246533128,0.0,0.0
13678,0.022492970946579198,0.022492970946579198,0.022492970946579198,0.2258669165885661,0.0,0.0
13679,0.0,0.0,0.0,0.10526315789473684,0.0,0.0
13680,0.0,0.0,0.0,0.0,0.0,0.0
13681,0.0,0.0,0.0,0.0,0.0,0.0
13682,0.0,0.0,0.0,0.0,0.0,0.0
13683,0.0,0.0,0.0,0.0,0.0,0.0
13684,0.0,0.0,0.0,0.0,0.0,0.0
13685,0.0,0.0,0.0,0.0,0.0,0.0
13686,0.0,0.0,0.0,0.0,0.0,0.0
13687,0.0,0.0,0.0,0.0,0.0,0.0
13688,0.0,0.0,0.0,0.016655100624566273,0.0,0.0
13689,0.0,0.0,0.0,0.0,0.0,0.0
13690,0.0,0.0,0.0,0.0,0.0,0.0
13691,0.0,0.0,0.0,0.0,0.0,0.0
13692,0.0,0.0,0.0,0.0021008403361344537,0.0,0.0
13693,0.0,0.0,0.0,0.039304123711340205,0.0,0.0
13694,0.01524390243902439,0.0,0.0,0.001829268292682927,0.0,0.0
13695,0.0,0.0,0.0,0.020530367835757055,0.0,0.0
13696,0.0,0.0,0.0,0.0,0.0,0.0
13697,0.0,0.0,0.0,0.015101772816808929,0.0,0.0
13698,0.0,0.0,0.0,0.07331378299120235,0.0,0.0
13699,0.0,0.0,0.0,0.0,0.0,0.0
13700,0.0,0.0,0.0,0.0,0.0,0.0
13701,0.0,0.0,0.0,0.0,0.0,0.0
13702,0.0,0.0,0.0,0.05873493975903615,0.0,0.0
13703,0.0,0.0,0.0,0.0,0.0,0.0
13704,0.0,0.0,0.0,0.10547667342799187,0.0,0.0
13705,0.0,0.0,0.0,0.0,0.0,0.0
13706,0.0,0.0,0.0,0.0,0.0,0.0
13707,0.0,0.0,0.0,0.0,0.0,0.0
13708,0.0,0.0,0.0,0.0,0.0,0.0
13709,0.0,0.0,0.0,0.07177974434611603,0.0,0.0
13710,0.0,0.0,0.0,0.0,0.0,0.0
13711,0.0,0.0,0.0,0.0,0.0,0.0
13712,0.0,0.0,0.0,0.0,0.0,0.0
13713,0.0,0.0,0.0,0.0,0.0,0.0
13714,0.0,0.0,0.0,0.0,0.0,0.0
13715,0.0,0.0,0.0,0.02385008517887564,0.0,0.0
13716,0.0,0.0,0.0,0.0,0.0,0.0
13717,0.0,0.0,0.0,0.0,0.0,0.0
13718,0.0,0.0,0.0,0.050212765957446816,0.0,0.0
13719,0.0,0.0,0.0,0.0,0.0,0.0
13720,0.0,0.0,0.0,0.0,0.0,0.0
13721,0.0,0.0,0.0,0.0393574297188755,0.0,0.0
13722,0.0,0.0,0.0,0.0,0.0,0.0
13723,0.0,0.0,0.0,0.0,0.0,0.0
13724,0.0,0.0,0.0,0.0,0.0,0.0
13725,0.0,0.0,0.0,0.0715725806451613,0.0,0.0
13726,0.0,0.0,0.0,0.04551365409622887,0.0,0.0
13727,0.0,0.0,0.0,0.07210300429184549,0.0,0.0
13728,0.0,0.0,0.0,0.0,0.0,0.0
13729,0.0,0.0,0.0,0.0,0.0,0.0
13730,0.0,0.0,0.0,0.004069175991861648,0.0,0.0
13731,0.0,0.0,0.0,0.0,0.0,0.0
13732,0.0,0.0,0.0,0.0,0.0,0.0
13733,0.07142857142857142,0.022675736961451247,0.047619047619047616,0.14285714285714285,0.0,0.0
13734,0.0,0.0,0.0,0.0,0.0,0.0
13735,0.0,0.0,0.0,0.0,0.0,0.0
13736,0.0,0.0,0.0,0.0182370820668693,0.0,0.0
13737,0.0,0.0,0.0,0.014830508474576272,0.0,0.0
13738,0.0,0.0,0.0,0.13559322033898305,0.0,0.0
13739,0.2261780104712042,0.02198952879581152,0.02198952879581152,0.02198952879581152,0.0,0.0
13740,0.0,0.0,0.0,0.029411764705882356,0.0,0.0
13741,0.0,0.0,0.0,0.0,0.0,0.0
13742,0.0,0.0,0.0,0.02795954788816181,0.0,0.0
13743,0.0,0.0,0.0,0.14285714285714285,0.0,0.0
13744,0.0,0.0,0.0,0.0,0.0,0.0
13745,0.0,0.0,0.0,0.0,0.0,0.0
13746,0.0,0.0,0.0,0.0,0.0,0.0
13747,0.0,0.0,0.0,0.0,0.0,0.0
13748,0.0,0.0,0.0,0.09302325581395347,0.0,0.0
13749,0.0,0.0,0.0,0.0,0.0,0.0
13750,0.0,0.0,0.0,0.0,0.0,0.0
13751,0.0,0.0,0.0,0.018389346861128725,0.0,0.0
13752,0.0,0.0,0.0,0.0,0.0,0.0
13753,0.0,0.0,0.0,0.0,0.0,0.0
13754,0.0,0.0,0.0,0.010804321728691477,0.0,0.0
13755,0.0,0.0,0.0,0.0,0.0,0.0
13756,0.0,0.0,0.0,0.0,0.0,0.0
13757,0.0,0.0,0.0,0.0,0.0,0.0
13758,0.01447178002894356,0.0,0.0,0.1939218523878437,0.0007235890014471781,0.0
13759,0.0,0.0,0.0,0.0,0.0,0.0
13760,0.0,0.0,0.0,0.014326647564469915,0.0,0.0
13761,0.0,0.0,0.0,0.0,0.0,0.0
13762,0.0,0.0,0.0,0.03557744937055282,0.0,0.0
13763,0.020618556701030927,0.0,0.0,0.23552735923869944,0.0,0.0
13764,0.0,0.0,0.0,0.0,0.0,0.0
13765,0.0,0.0,0.0,0.006284916201117319,0.0,0.0
13766,0.0,0.0,0.0,0.20408163265306126,0.0,0.0
13767,0.0,0.0,0.0,0.19071428571428573,0.0,0.0
13768,0.0,0.0,0.0,0.0,0.0,0.0
13769,0.0,0.0,0.0,0.028517110266159693,0.0,0.0
13770,0.0,0.0,0.0,0.0,0.0,0.0
13771,0.0,0.0,0.0,0.0,0.0,0.0
13772,0.0,0.0,0.0,0.008875739644970414,0.0,0.0
13773,0.0,0.0,0.0,0.2954545454545455,0.0,0.0
13774,0.0,0.0,0.0,0.0,0.0,0.0
13775,0.0,0.0,0.0,0.013168086754453913,0.0,0.0
13776,0.0,0.0,0.0,0.008583690987124462,0.0,0.0
13777,0.0,0.0,0.0,0.04959422903516682,0.0,0.0
13778,0.0,0.0,0.0,0.0,0.0,0.0
13779,0.0,0.0,0.0,0.0,0.0,0.0
13780,0.0,0.0,0.0,0.0,0.0,0.0
13781,0.0,0.0,0.0,0.0,0.0,0.0
13782,0.0,0.0,0.0,0.0,0.0,0.0
13783,0.0,0.0,0.0,0.04654654654654655,0.0,0.0
13784,0.0,0.0,0.0,0.09235668789808917,0.0,0.0
13785,0.0,0.0,0.0,0.19626168224299065,0.0,0.0
13786,0.0,0.0,0.0,0.017929910350448247,0.0,0.0
13787,0.0,0.0,0.0,0.0,0.0,0.0
13788,0.0,0.0,0.0,0.0,0.0,0.0
13789,0.0,0.0,0.0,0.0,0.0,0.0
13790,0.0,0.0,0.0,0.08896797153024913,0.0,0.0
13791,0.0,0.0,0.0,0.0,0.0,0.0
13792,0.0,0.0,0.0,0.0,0.0,0.0
13793,0.0,0.0,0.0,0.0,0.0,0.0
13794,0.0,0.0,0.0,0.029661016949152543,0.0,0.0
13795,0.0,0.0,0.0,0.0,0.0,0.0
13796,0.0,0.0,0.0,0.2512019230769231,0.0,0.0
13797,0.0,0.0,0.0,0.0,0.0,0.0
13798,0.0,0.0,0.0,0.0,0.0,0.0
13799,0.0,0.0,0.0,0.0,0.0,0.0
13800,0.0,0.0,0.0,0.0,0.0,0.0
13801,0.0,0.0,0.0,0.0,0.0,0.0
13802,0.0,0.0,0.0,0.0,0.0,0.0
13803,0.05144694533762058,0.0,0.0,0.04072883172561629,0.0,0.0
13804,0.0,0.0,0.0,0.0,0.0,0.0
13805,0.0,0.0,0.0,0.0,0.0,0.0
13806,0.0,0.0,0.0,0.0,0.0,0.0
13807,0.0,0.0,0.0,0.0,0.0,0.0
13808,0.01098901098901099,0.012558869701726844,0.0,0.05259026687598116,0.0,0.0
13809,0.0,0.0,0.0,0.007684918347742555,0.0,0.0
13810,0.0,0.0,0.0,0.00423728813559322,0.0,0.0
13811,0.0,0.0,0.0,0.0,0.0,0.0
13812,0.0,0.0,0.0,0.0,0.0,0.0
13813,0.0,0.0,0.0,0.0,0.0,0.0
13814,0.0,0.0,0.0,0.13157894736842105,0.0,0.0
13815,0.0,0.0,0.0,0.0,0.0,0.0
13816,0.0,0.0,0.0,0.0,0.0,0.0
13817,0.0,0.0,0.0,0.0,0.0,0.0
13818,0.0,0.0,0.0,0.007397133610725843,0.0,0.0
13819,0.0,0.0,0.0,0.0,0.0,0.0
13820,0.0,0.0,0.0,0.015302727877578175,0.0,0.0
13821,0.0,0.0,0.0,0.0,0.0,0.0
13822,0.0,0.0,0.0,0.0,0.0,0.0
13823,0.0,0.0,0.0,0.0,0.0,0.0
13824,0.0,0.0,0.0,0.0,0.0,0.0
13825,0.0,0.0,0.0,0.2243797195253506,0.0,0.0
13826,0.0,0.0,0.0,0.14425645592163847,0.0,0.0
13827,0.0,0.0,0.0,0.27464008859357697,0.0,0.0
13828,0.0,0.0,0.0,0.0,0.0,0.0
13829,0.0,0.0,0.0,0.0,0.0,0.0
13830,0.0,0.0,0.0,0.041631973355537054,0.0,0.0
13831,0.0,0.0,0.0,0.0,0.0,0.0
13832,0.0,0.0,0.0,0.07553551296505072,0.0,0.0
13833,0.0,0.0,0.0,0.0,0.0,0.0
13834,0.0,0.0,0.0,0.0,0.0,0.0
13835,0.0,0.0,0.0,0.0,0.0,0.0
13836,0.0,0.0,0.0,0.1310344827586207,0.0,0.0
13837,0.0,0.0,0.0,0.0,0.0,0.0
13838,0.11551724137931035,0.0,0.0,0.3103448275862069,0.0,0.0
13839,0.0,0.0,0.0,0.0,0.0,0.0
13840,0.0,0.0,0.0,0.021156558533145273,0.0,0.0
13841,0.0,0.0,0.0,0.02906976744186046,0.0,0.0
13842,0.0,0.0,0.0,0.02527075812274368,0.0,0.0
13843,0.0,0.0,0.0,0.0,0.0,0.0
13844,0.0,0.0,0.0,0.0,0.0,0.0
13845,0.0,0.0,0.0,0.0,0.0,0.0
13846,0.0,0.0,0.0,0.0,0.0,0.0
13847,0.0,0.0,0.0,0.009852216748768471,0.0,0.0
13848,0.0,0.0,0.0,0.0,0.0,0.0
13849,0.0,0.0,0.0,0.0,0.0,0.0
13850,0.0,0.0,0.0,0.033820840950639856,0.0,0.0
13851,0.0,0.0,0.0,0.0,0.0,0.0
13852,0.0,0.0,0.0,0.0,0.0,0.0
13853,0.0,0.0,0.0,0.0,0.0,0.0
13854,0.0,0.0,0.0,0.2857142857142857,0.0,0.0
13855,0.0,0.0,0.0,0.0,0.0,0.0
13856,0.0,0.0,0.0,0.0,0.0,0.0
13857,0.0,0.0,0.0,0.0,0.0,0.0
13858,0.0,0.0,0.0,0.06470588235294117,0.0,0.0
13859,0.0,0.0,0.0,0.0,0.0,0.0
13860,0.0,0.0,0.0,0.08270676691729323,0.0,0.0
13861,0.012809187279151944,0.0,0.0,0.06581272084805652,0.0,0.0
13862,0.0,0.0,0.0,0.028125,0.0,0.0
13863,0.0,0.0,0.0,0.14563106796116504,0.0,0.0
13864,0.0,0.0,0.0,0.0,0.0,0.0
13865,0.0,0.0,0.0,0.0,0.0,0.0
13866,0.0,0.0,0.0,0.057654075546719676,0.0,0.0
13867,0.0,0.0,0.0,0.10059676044330776,0.0,0.0
13868,0.0,0.0,0.0,0.026365348399246702,0.0,0.0
13869,0.0,0.0,0.0,0.0,0.0,0.0
13870,0.0,0.0,0.0,0.07984790874524715,0.0,0.0
13871,0.0,0.0,0.0,0.0,0.0,0.0
13872,0.0,0.0,0.0,0.0,0.0,0.0
13873,0.0,0.0,0.0,0.0,0.0,0.0
13874,0.0,0.0,0.0,0.0,0.0,0.0
13875,0.0,0.0,0.0,0.0,0.0,0.0
13876,0.0,0.0,0.0,0.0,0.0,0.0
13877,0.0,0.0,0.0,0.010221465076660987,0.0,0.0
13878,0.0,0.0,0.0,0.0,0.0,0.0
13879,0.0,0.0,0.0,0.001345895020188425,0.0,0.0
13880,0.0,0.0,0.0,0.0,0.0,0.0
13881,0.0,0.0,0.0,0.14470284237726094,0.0,0.0
13882,0.0,0.0,0.0,0.21875,0.0,0.0
13883,0.0,0.0,0.0,0.034642032332563515,0.0,0.0
13884,0.0,0.0,0.0,0.0,0.0,0.0
13885,0.0,0.0,0.0,0.032786885245901634,0.0,0.0
13886,0.0,0.0,0.0,0.0008285004142502071,0.0,0.0
13887,0.0,0.0,0.0,0.0,0.0,0.0
13888,0.0,0.0,0.0,0.0,0.0,0.0
13889,0.0,0.0,0.0,0.031385281385281384,0.0,0.0
13890,0.0,0.0,0.0,0.2620744259699129,0.0,0.0
13891,0.0,0.0,0.0,1.0,0.0,0.0
13892,0.0,0.0,0.0,0.0,0.0,0.0
13893,0.0,0.0,0.0,0.0069177555726364325,0.0,0.0
13894,0.0,0.0,0.0,0.0,0.0,0.0
13895,0.0,0.0,0.0,0.17073170731707318,0.0,0.0
13896,0.0,0.0,0.0,0.0,0.0,0.0
13897,0.0,0.0,0.0,0.3264,0.0,0.0
13898,0.0,0.0,0.0,0.06792452830188679,0.0,0.0
13899,0.0,0.0,0.0,0.0,0.0,0.0
13900,0.0,0.0,0.0,0.006979062811565304,0.0,0.0
13901,0.0,0.0,0.0,0.0,0.0,0.0
13902,0.0,0.0,0.0,0.0,0.0,0.0
13903,0.0,0.0,0.0,0.0,0.0,0.0
13904,0.0,0.0,0.0,0.038461538461538464,0.0,0.0
13905,0.0,0.0,0.0,0.0,0.0,0.0
13906,0.0,0.0,0.0,0.0247320692497939,0.0,0.0
13907,0.0,0.0,0.0,0.07475083056478406,0.0,0.0
13908,0.0,0.0,0.0,0.0892018779342723,0.0,0.0
13909,0.0,0.0,0.0,0.07472270869819031,0.0,0.0
13910,0.0,0.0,0.0,0.050435865504358655,0.0,0.0
13911,0.0,0.0,0.0,0.0,0.0,0.0
13912,0.0,0.0,0.0,0.0563564875491481,0.0,0.0
13913,0.016260162601626018,0.0,0.0,0.0467479674796748,0.0033875338753387536,0.0033875338753387536
13914,0.0,0.0,0.0,0.046044864226682414,0.0,0.0
13915,0.0,0.0,0.0,0.21052631578947367,0.0,0.0
13916,0.0,0.0,0.0,0.0,0.0,0.0
13917,0.0,0.0,0.0,0.284375,0.0,0.0
13918,0.0,0.0,0.0,0.10240963855421686,0.0,0.0
13919,0.0,0.0,0.0,0.0,0.0,0.0
13920,0.0,0.0,0.0,0.0,0.0,0.0
13921,0.0,0.0,0.0,0.0,0.0,0.0
13922,0.0,0.0,0.0,0.0,0.0,0.0
13923,0.0,0.0,0.0,0.0,0.0,0.0
13924,0.0,0.0,0.0,0.0,0.0,0.0
13925,0.0,0.0,0.0,0.0,0.0,0.0
13926,0.0,0.0,0.0,0.0895361380798274,0.0,0.0
13927,0.0,0.0,0.0,0.0,0.0,0.0
13928,0.0,0.0,0.0,0.3275862068965517,0.0,0.0
13929,0.0,0.0,0.0,0.0,0.0,0.0
13930,0.0,0.0,0.0,0.01510859301227573,0.0,0.0
13931,0.0,0.0,0.0,0.12299465240641712,0.0,0.0
13932,0.0,0.0,0.0,0.06756756756756757,0.0,0.0
13933,0.0,0.0,0.0,0.0,0.0,0.0
13934,0.0,0.0,0.0,0.18452380952380956,0.0,0.0
13935,0.0,0.0,0.0,0.19767441860465115,0.0,0.0
13936,0.0,0.0,0.0,0.149375,0.0,0.0
13937,0.0,0.0,0.0,0.0,0.0,0.0
13938,0.0,0.0,0.0,0.0,0.0,0.0
13939,0.0,0.0,0.0,0.0,0.0,0.0
13940,0.0,0.0,0.0,0.0,0.0,0.0
13941,0.0,0.0,0.0,0.0,0.0,0.0
13942,0.0,0.0,0.0,0.0,0.0,0.0
13943,0.0,0.0,0.0,0.016605166051660517,0.0,0.0
13944,0.0,0.0,0.0,0.0,0.0,0.0
13945,0.0,0.0,0.0,0.0,0.0,0.0
13946,0.0,0.0,0.0,0.0,0.0,0.0
13947,0.0,0.0,0.0,0.0,0.0,0.0
13948,0.0,0.0,0.0,0.02054794520547945,0.0,0.0
13949,0.0,0.0,0.0,0.0,0.0,0.0
13950,0.0,0.0,0.0,0.01951219512195122,0.0,0.0
13951,0.0,0.0,0.0,0.0,0.0,0.0
13952,0.0,0.0,0.0,0.02808988764044944,0.0,0.0
13953,0.0,0.0,0.0,0.0,0.0,0.0
13954,0.0,0.0,0.0,0.03514376996805112,0.0,0.0
13955,0.0,0.0,0.0,0.0,0.0,0.0
13956,0.0,0.0,0.0,0.0015313935681470136,0.0,0.0
13957,0.0,0.0,0.0,0.0,0.0,0.0
13958,0.0,0.0,0.0,0.022870662460567823,0.0,0.0
13959,0.0,0.0,0.0,0.0,0.0,0.0
13960,0.0,0.0,0.0,0.0,0.0,0.0
13961,0.0,0.0,0.0,0.05076142131979696,0.0,0.0
13962,0.0,0.0,0.0,0.025260625501202887,0.0,0.0
13963,0.0,0.0,0.0,0.014705882352941175,0.0,0.0
13964,0.0,0.0,0.0,0.0,0.0,0.0
13965,0.0,0.0,0.0,0.0,0.0,0.0
13966,0.0,0.0,0.0,0.0,0.0,0.0
13967,0.0,0.0,0.0,0.03215926493108729,0.0,0.0
13968,0.0,0.0,0.0,0.0,0.0,0.0
13969,0.0,0.0,0.0,0.13523809523809524,0.0,0.0
13970,0.03128258602711158,0.0,0.0,0.0,0.0,0.0
13971,0.0,0.0,0.0,0.022727272727272728,0.0,0.0
13972,0.0,0.0,0.0,0.0403899721448468,0.0,0.0
13973,0.0,0.0,0.0,0.13402889245585875,0.0,0.0
13974,0.0,0.0,0.0,0.0,0.0,0.0
13975,0.0,0.0,0.0,0.062091503267973865,0.0,0.0
13976,0.0,0.0,0.0,0.01607142857142857,0.0,0.0
13977,0.0,0.0,0.0,0.0,0.0,0.0
13978,0.0,0.0,0.0,0.0,0.0,0.0
13979,0.0,0.0,0.0,0.0,0.0,0.0
13980,0.0,0.0,0.0,0.16071428571428573,0.0,0.0
13981,0.0,0.0,0.0,0.0,0.0,0.0
13982,0.0,0.0,0.0,0.027515723270440245,0.0,0.0
13983,0.0,0.0,0.0,0.0,0.0,0.0
13984,0.0,0.0,0.0,0.0,0.0,0.0
13985,0.0,0.0,0.0,0.0,0.0,0.0
13986,0.0,0.0,0.0,0.15910837817063794,0.0,0.0
13987,0.0,0.0,0.0,0.07154882154882154,0.0,0.0
13988,0.0,0.0,0.0,0.0,0.0,0.0
13989,0.0,0.0,0.0,0.0,0.0,0.0
13990,0.0,0.0,0.0,0.023663453111305868,0.0,0.0
13991,0.0,0.0,0.0,0.0,0.0,0.0
13992,0.0,0.0,0.0,0.025477707006369428,0.0,0.0
13993,0.0,0.0,0.0,0.0,0.0,0.0
13994,0.0,0.0,0.0,0.0,0.0,0.0
13995,0.0,0.0,0.0,0.045507584597432905,0.0,0.0
13996,0.0,0.0,0.0,0.1865771812080537,0.0,0.0
13997,0.0,0.0,0.0,0.0,0.0,0.0
13998,0.0,0.0,0.0,0.0,0.0,0.0
13999,0.0,0.0,0.0,0.024015369836695485,0.0,0.0
14000,0.0,0.0,0.0,0.0,0.0,0.0
14001,0.0,0.0,0.0,0.0,0.0,0.0
14002,0.0,0.0,0.0,0.16,0.0,0.0
14003,0.0,0.0,0.0,0.4,0.0,0.0
14004,0.0,0.0,0.0,0.0,0.0,0.0
14005,0.0,0.0,0.0,0.0,0.0,0.0
14006,0.0,0.0,0.0,0.0,0.0,0.0
14007,0.0,0.0,0.0,0.0,0.0,0.0
14008,0.0,0.0,0.0,0.0,0.0,0.0
14009,0.0,0.0,0.0,0.0,0.0,0.0
14010,0.0,0.0,0.0,0.0,0.0,0.0
14011,0.0,0.0,0.0,0.0,0.0,0.0
14012,0.0,0.0,0.0,0.0,0.0,0.0
14013,0.0,0.0,0.0,0.0,0.0,0.0
14014,0.0,0.0,0.0,0.0,0.0,0.0
14015,0.0,0.0,0.0,0.03433476394849785,0.0,0.0
14016,0.0,0.0,0.0,0.016741071428571428,0.0,0.0
14017,0.0,0.0,0.0,0.0,0.0,0.0
14018,0.0,0.0,0.0,0.08353960396039604,0.0,0.0
14019,0.0,0.0,0.0,0.2138728323699422,0.0,0.0
14020,0.0,0.0,0.0,0.04426877470355731,0.0,0.0
14021,0.0,0.0,0.0,0.0,0.0,0.0
14022,0.0,0.0,0.0,0.0,0.0,0.0
14023,0.0,0.0,0.0,0.0,0.0,0.0
14024,0.0,0.0,0.0,0.0,0.0,0.0
14025,0.0,0.0,0.0,0.12549407114624506,0.0,0.0
14026,0.0,0.0,0.0,0.04519774011299435,0.0,0.0
14027,0.0140625,0.0,0.0,0.0,0.0,0.0
14028,0.0,0.0,0.0,0.0,0.0,0.0
14029,0.0,0.0,0.0,0.0,0.0,0.0
14030,0.0,0.0,0.0,0.0,0.0,0.0
14031,0.0,0.0,0.0,0.0,0.0,0.0
14032,0.0,0.0,0.0,0.02754036087369421,0.0,0.0
14033,0.0,0.0,0.0,0.0,0.0,0.0
14034,0.0,0.0,0.0,0.0,0.0,0.0
14035,0.0,0.0,0.0,0.019271948608137045,0.0,0.0
14036,0.0,0.0,0.0,0.0,0.0,0.0
14037,0.0,0.0,0.0,0.02325581395348837,0.0,0.0
14038,0.0,0.0,0.0,0.039301310043668124,0.0,0.0
14039,0.0,0.0,0.0,0.0,0.0,0.0
14040,0.0,0.0,0.0,0.0,0.0,0.0
14041,0.0,0.0,0.0,0.25,0.0,0.0
14042,0.0,0.0,0.0,0.03978779840848806,0.0,0.0
14043,0.0,0.0,0.0,0.09523809523809523,0.0,0.0
14044,0.0,0.0,0.0,0.1755379388448471,0.0,0.0
14045,0.0,0.0,0.0,0.0,0.0,0.0
14046,0.0,0.0,0.0,0.0,0.0,0.0
14047,0.0,0.0,0.0,0.0,0.0,0.0
14048,0.0,0.0,0.0,0.0,0.0,0.0
14049,0.0,0.0,0.0,0.0,0.0,0.0
14050,0.0,0.0,0.0,0.0,0.0,0.0
14051,0.0,0.0,0.0,0.021897810218978103,0.0,0.0
14052,0.0,0.0,0.0,0.0,0.0,0.0
14053,0.0,0.0,0.0,0.010777521170130871,0.0,0.0
14054,0.0,0.0,0.0,0.0,0.0,0.0
14055,0.0,0.0,0.0,0.055299539170506916,0.0,0.0
14056,0.0,0.0,0.0,0.07729468599033816,0.0,0.0
14057,0.0,0.0,0.0,0.0008285004142502071,0.0,0.0
14058,0.0,0.0,0.0,0.18,0.0,0.0
14059,0.0,0.0,0.0,0.0,0.0,0.0
14060,0.0,0.0,0.0,0.0,0.0,0.0
14061,0.0,0.0,0.0,0.0,0.0,0.0
14062,0.0,0.0,0.0,0.04841269841269842,0.0,0.0
14063,0.0,0.0,0.0,0.0,0.0,0.0
14064,0.0,0.0,0.0,0.0,0.0,0.0
14065,0.0,0.0,0.0,0.0,0.0,0.0
14066,0.0,0.0,0.0,0.1323529411764706,0.0,0.0
14067,0.0,0.0,0.0,0.06514994829369182,0.0,0.0
14068,0.0,0.0,0.0,0.02142407057340895,0.0,0.0
14069,0.0,0.0,0.0,0.0,0.0,0.0
14070,0.0,0.0,0.0,0.06718346253229975,0.0,0.0
14071,0.0,0.0,0.0,0.0,0.0,0.0
14072,0.0,0.0,0.0,0.3115727002967359,0.0,0.0
14073,0.0,0.0,0.0,0.057492931196983975,0.0,0.0
14074,0.0,0.0,0.0,0.01601830663615561,0.0,0.0
14075,0.0,0.0,0.0,0.0,0.0,0.0
14076,0.0,0.0,0.0,0.0,0.0,0.0
14077,0.0,0.0,0.0,0.18675352877307275,0.0,0.0
14078,0.0,0.0,0.0,0.1011764705882353,0.0,0.0
14079,0.0,0.0,0.0,0.0,0.0,0.0
14080,0.0,0.0,0.0,0.0,0.0,0.0
14081,0.0,0.0,0.0,0.08888888888888889,0.0,0.0
14082,0.0,0.0,0.0,0.0,0.0,0.0
14083,0.0,0.0,0.0,0.0,0.0,0.0
14084,0.0,0.0,0.0,0.0,0.0,0.0
14085,0.0,0.0,0.0,0.0,0.0,0.0
14086,0.0,0.0,0.0,0.0,0.0,0.0
14087,0.0,0.0,0.0,0.023034154090548053,0.0,0.0
14088,0.0,0.0,0.0,0.0,0.0,0.0
14089,0.0,0.0,0.0,0.0034632034632034628,0.0,0.0
14090,0.0,0.0,0.0,0.12666666666666668,0.0,0.0
14091,0.0,0.0,0.0,0.11746987951807228,0.0,0.0
14092,0.0,0.0,0.0,0.11895551257253385,0.0,0.0
14093,0.0,0.0,0.0,0.10016977928692698,0.0,0.0
14094,0.0,0.0,0.0,0.0,0.0,0.0
14095,0.0,0.0,0.0,0.03215169002473207,0.0,0.0
14096,0.0,0.0,0.0,0.0,0.0,0.0
14097,0.0,0.0,0.0,0.1940828402366864,0.0,0.0
14098,0.0,0.0,0.0,0.018867924528301886,0.0,0.0
14099,0.0,0.0,0.0,0.14261168384879724,0.0,0.0
14100,0.0,0.0,0.0,0.2509534706331045,0.01830663615560641,0.01830663615560641
14101,0.0,0.0,0.0,0.06547619047619048,0.0,0.0
14102,0.0,0.0,0.0,0.0,0.0,0.0
14103,0.0,0.0,0.0,0.0,0.0,0.0
14104,0.0,0.0,0.0,0.03677342823250297,0.0,0.0
14105,0.0,0.0,0.0,0.0,0.0,0.0
14106,0.0,0.0,0.0,0.0,0.0,0.0
14107,0.0,0.0,0.0,0.0,0.0,0.0
14108,0.0,0.0,0.0,0.0,0.0,0.0
14109,0.0,0.0,0.0,0.0,0.0,0.0
14110,0.0,0.0,0.0,0.20952380952380956,0.0,0.0
14111,0.06896551724137931,0.0,0.0,0.19827586206896552,0.0,0.0
14112,0.0,0.0,0.0,0.17857142857142858,0.0,0.0
14113,0.0,0.0,0.0,0.014893617021276596,0.0,0.0
14114,0.0,0.0,0.0,0.038403614457831324,0.01731927710843374,0.0
14115,0.0,0.0,0.0,0.0,0.0,0.0
14116,0.0,0.0,0.0,0.0,0.0,0.0
14117,0.0,0.0,0.0,0.0,0.0,0.0
14118,0.0,0.0,0.0,0.024193548387096774,0.0,0.0
14119,0.0,0.0,0.0,0.0,0.0,0.0
14120,0.0,0.0,0.0,0.20926966292134835,0.0,0.0
14121,0.0,0.0,0.0,0.054054054054054064,0.0,0.0
14122,0.0,0.0,0.0,0.0,0.0,0.0
14123,0.0,0.0,0.0,0.0,0.0,0.0
14124,0.0,0.0,0.0,0.0389344262295082,0.0,0.0
14125,0.0,0.0,0.0,0.08122503328894808,0.0,0.0
14126,0.0,0.0,0.0,0.0,0.0,0.0
14127,0.0,0.0,0.0,0.00967741935483871,0.0,0.0
14128,0.0,0.0,0.0,0.0,0.0,0.0
14129,0.09935897435897437,0.0,0.0,0.05128205128205128,0.0,0.0
14130,0.06443298969072164,0.0,0.0,0.20103092783505155,0.0,0.0
14131,0.0,0.0,0.0,0.0,0.0,0.0
14132,0.0,0.0,0.0,0.0,0.0,0.0
14133,0.0,0.0,0.0,0.0,0.0,0.0
14134,0.0,0.0,0.0,0.3157894736842105,0.0,0.0
14135,0.0,0.049689440993788817,0.0,0.11180124223602483,0.0,0.0
14136,0.0,0.0,0.0,0.0,0.0,0.0
14137,0.0,0.0,0.0,0.4933333333333334,0.0,0.0
14138,0.0,0.0,0.0,0.0624,0.0,0.0
14139,0.0,0.0,0.0,0.0,0.0,0.0
14140,0.0,0.0,0.0,0.040068201193520885,0.0,0.0
14141,0.0,0.0,0.0,0.0,0.0,0.0
14142,0.0,0.0,0.0,0.0,0.0,0.0
14143,0.0,0.0,0.0,0.08961748633879782,0.0,0.0
14144,0.0,0.0,0.0,0.0,0.0,0.0
14145,0.0,0.0,0.0,0.0,0.0,0.0
14146,0.0,0.0,0.0,0.040209790209790215,0.0,0.0
14147,0.0,0.0,0.0,0.09365558912386708,0.0,0.0
14148,0.0,0.0,0.0,0.0145985401459854,0.0,0.0
14149,0.0,0.0,0.0,0.0,0.0,0.0
14150,0.0,0.0,0.0,0.0,0.0,0.0
14151,0.0,0.0,0.0,0.052493438320209966,0.0,0.0
14152,0.0,0.0,0.0,0.0,0.0,0.0
14153,0.0,0.0,0.0,0.2615643397813289,0.0,0.0
14154,0.0,0.0,0.0,0.0,0.0,0.0
14155,0.0,0.0,0.0,0.3392029657089898,0.0,0.0
14156,0.011666666666666669,0.0,0.0,0.03916666666666667,0.0,0.0
14157,0.0,0.0,0.0,0.0,0.0,0.0
14158,0.0,0.0,0.0,0.18818181818181814,0.0,0.0
14159,0.0,0.0,0.0,0.0,0.0,0.0
14160,0.0,0.0,0.0,0.0,0.0,0.0
14161,0.0,0.0,0.0,0.0,0.0,0.0
14162,0.0,0.0,0.0,0.5714285714285714,0.0,0.0
14163,0.0,0.0,0.0,0.0,0.0,0.0
14164,0.0,0.0,0.0,0.0,0.0,0.0
14165,0.0,0.0,0.0,0.002225519287833828,0.0,0.0
14166,0.0,0.0,0.0,0.0051177072671443205,0.0,0.0
14167,0.0,0.0,0.0,0.013315579227696404,0.0,0.0
14168,0.0,0.0,0.0,0.0,0.0,0.0
14169,0.0,0.0,0.0,0.07142857142857142,0.0,0.0
14170,0.0,0.0,0.0,0.05178571428571429,0.0,0.0
14171,0.0,0.0,0.0,0.0,0.0,0.0
14172,0.0,0.0,0.0,0.029106029106029108,0.0,0.0
14173,0.0,0.0,0.0,0.0,0.0,0.0
14174,0.0,0.0,0.0,0.06451612903225806,0.0,0.0
14175,0.0,0.0,0.0,0.0,0.0,0.0
14176,0.0,0.0,0.0,0.1,0.0,0.0
14177,0.0,0.0,0.0,0.0,0.0,0.0
14178,0.0,0.0,0.0,0.0,0.0,0.0
14179,0.0,0.0,0.0,0.0,0.0,0.0
14180,0.0,0.0,0.0,0.0,0.0,0.0
14181,0.0,0.0,0.0,0.0,0.0,0.0
14182,0.0,0.0,0.0,0.011328527291452109,0.0,0.0
14183,0.0,0.0,0.0,0.0,0.0,0.0
14184,0.0,0.0,0.0,0.0,0.0,0.0
14185,0.0,0.0,0.0,0.023148148148148147,0.0,0.0
14186,0.0,0.0,0.0,0.0,0.0,0.0
14187,0.0,0.0,0.0,0.0,0.0,0.0
14188,0.0,0.0,0.0,0.0,0.0,0.0
14189,0.0,0.0,0.0,0.0,0.0,0.0
14190,0.0,0.0,0.0,0.0,0.0,0.0
14191,0.0,0.0,0.0,0.0,0.0,0.0
14192,0.0,0.0,0.0,0.006756756756756757,0.0,0.0
14193,0.0,0.0,0.0,0.1337579617834395,0.0,0.0
14194,0.0,0.0,0.0,0.0,0.0,0.0
14195,0.13025210084033614,0.0,0.0,0.2058823529411765,0.0,0.0
14196,0.0,0.0,0.0,0.0,0.0,0.0
14197,0.0,0.0,0.0,0.0,0.0,0.0
14198,0.026402640264026403,0.0,0.0,0.2112211221122112,0.0,0.0
14199,0.0,0.0,0.0,0.0,0.0,0.0
14200,0.0,0.0,0.0,0.11063829787234042,0.0,0.0
14201,0.0,0.0,0.0,0.0,0.0,0.0
14202,0.0,0.0,0.0,0.0,0.0,0.0
14203,0.0,0.0,0.0,0.0,0.0,0.0
14204,0.0,0.0,0.0,0.0,0.0,0.0
14205,0.0,0.0,0.0,0.1597051597051597,0.0,0.0
14206,0.0,0.0,0.0,0.0,0.0,0.0
14207,0.0,0.0,0.0,0.0580046403712297,0.0,0.0
14208,0.0,0.0,0.0,0.0,0.0,0.0
14209,0.0,0.0,0.0,0.0,0.0,0.0
14210,0.0,0.0,0.0,0.02298850574712644,0.0,0.0
14211,0.0,0.0,0.0,0.0,0.0,0.0
14212,0.054086538461538464,0.014423076923076926,0.014423076923076926,0.17067307692307693,0.0,0.0
14213,0.0,0.0,0.0,0.0,0.0,0.0
14214,0.0,0.0,0.0,0.10758776896942243,0.0,0.0
14215,0.0,0.0,0.0,0.21895424836601307,0.0,0.0
14216,0.0,0.0,0.0,0.15515610217596973,0.0,0.0
14217,0.0,0.0,0.0,0.009523809523809523,0.0,0.0
14218,0.0,0.0,0.0,0.1507936507936508,0.0,0.0
14219,0.0,0.0,0.0,0.2228303362001564,0.0,0.0
14220,0.0,0.0,0.0,0.014913657770800628,0.0,0.0
14221,0.0,0.0,0.0,0.075,0.0,0.0
14222,0.0,0.0,0.0,0.10843373493975904,0.0,0.0
14223,0.0,0.0,0.0,0.03169014084507042,0.0,0.0
14224,0.0,0.0,0.0,0.02262090483619345,0.0,0.0
14225,0.0,0.0,0.0,0.0,0.0,0.0
14226,0.0,0.0,0.0,0.0037243947858473,0.0,0.0
14227,0.0,0.0,0.0,0.0,0.0,0.0
14228,0.0,0.0,0.0,0.0,0.0,0.0
14229,0.0,0.0,0.0,0.0,0.0,0.0
14230,0.0,0.0,0.0,0.0297339593114241,0.0,0.0
14231,0.0,0.0,0.0,0.0,0.0,0.0
14232,0.0,0.0,0.0,0.0,0.0,0.0
14233,0.0,0.0,0.0,0.1920849420849421,0.0,0.0
14234,0.0,0.0,0.0,0.0,0.0,0.0
14235,0.0,0.0,0.0,0.0,0.0,0.0
14236,0.0,0.0,0.0,0.01511879049676026,0.0,0.0
14237,0.0,0.0,0.0,0.0,0.0,0.0
14238,0.0,0.0,0.0,0.02803738317757009,0.0,0.0
14239,0.0,0.0,0.0,0.0,0.0,0.0
14240,0.0,0.0,0.0,0.0,0.0,0.0
14241,0.0,0.0,0.0,0.02570694087403599,0.0,0.0
14242,0.0,0.0,0.0,0.3258426966292135,0.0,0.0
14243,0.0,0.0,0.0,0.0,0.0,0.0
14244,0.0,0.0,0.0,0.0,0.0,0.0
14245,0.0,0.0,0.0,1.0,0.0,0.0
14246,0.0,0.0,0.0,0.0,0.0,0.0
14247,0.0,0.0,0.0,0.2517814726840855,0.0,0.0
14248,0.0,0.0,0.0,0.023404255319148932,0.0,0.0
14249,0.0,0.0,0.0,0.11178045515394912,0.0,0.0
14250,0.0,0.0,0.0,0.0024829298572315328,0.0,0.0
14251,0.0,0.0,0.0,0.0007137758743754461,0.0,0.0
14252,0.0,0.0,0.0,0.03326612903225806,0.0,0.0
14253,0.0,0.0,0.0,0.0,0.0,0.0
14254,0.0,0.0,0.0,0.34375,0.0,0.0
14255,0.0,0.0,0.0,0.07334785766158315,0.0,0.0
14256,0.0,0.0,0.0,0.06872586872586872,0.0,0.0
14257,0.0,0.0,0.0,0.0,0.0,0.0
14258,0.0,0.0,0.0,0.0,0.0,0.0
14259,0.0,0.0,0.0,0.0,0.0,0.0
14260,0.0,0.0,0.0,0.06584362139917696,0.0,0.0
14261,0.0,0.0,0.0,0.2120866590649943,0.0,0.0
14262,0.02613240418118467,0.0,0.0,0.171602787456446,0.0,0.0
14263,0.0,0.0,0.0,0.0,0.0,0.0
14264,0.0,0.0,0.0,0.0,0.0,0.0
14265,0.0,0.0,0.0,0.03534136546184738,0.0,0.0
14266,0.0,0.0,0.0,0.1455026455026455,0.0,0.0
14267,0.0,0.0,0.0,0.0,0.0,0.0
14268,0.0,0.0,0.0,0.0,0.0,0.0
14269,0.0,0.0,0.0,0.0,0.0,0.0
14270,0.0,0.0,0.0,0.0,0.0,0.0
14271,0.0,0.0,0.0,0.0,0.0,0.0
14272,0.015098722415795587,0.0,0.0,0.2694541231126597,0.0,0.0
14273,0.0,0.0,0.0,0.0,0.0,0.0
14274,0.0,0.0,0.0,0.0,0.0,0.0
14275,0.0,0.0,0.0,0.0,0.0,0.0
14276,0.0,0.0,0.0,0.0,0.0,0.0
14277,0.0,0.0,0.0,0.011667810569663692,0.0,0.0
14278,0.0,0.0,0.0,0.4328358208955224,0.0,0.0
14279,0.0,0.0,0.0,0.055079559363525085,0.0,0.0
14280,0.0,0.0,0.0,0.0,0.0,0.0
14281,0.0,0.0,0.0,0.21428571428571427,0.0,0.0
14282,0.0,0.0,0.0,0.0,0.0,0.0
14283,0.0,0.0,0.0,0.0,0.0,0.0
14284,0.0,0.0,0.0,0.02529182879377432,0.0,0.0
14285,0.0,0.0,0.0,0.04146039603960396,0.0,0.0
14286,0.0,0.0,0.0,0.0,0.0,0.0
14287,0.0,0.0,0.0,0.0553877139979859,0.0,0.0
14288,0.04522613065326633,0.0,0.0,0.07035175879396985,0.0,0.0
14289,0.0,0.0,0.0,0.0,0.0,0.0
14290,0.0,0.0,0.0,0.0012224938875305626,0.0,0.0
14291,0.0,0.0,0.0,0.0,0.0,0.0
14292,0.0,0.0,0.0,0.1816976127320955,0.0,0.0
14293,0.0,0.0,0.0,0.02465331278890601,0.0,0.0
14294,0.0,0.0,0.0,0.029411764705882356,0.0,0.0
14295,0.0,0.0,0.0,0.0,0.0,0.0
14296,0.0,0.0,0.0,0.008438818565400843,0.0,0.0
14297,0.0,0.0,0.0,0.0,0.0,0.0
14298,0.0,0.0,0.0,0.042424242424242434,0.0,0.0
14299,0.0,0.0,0.0,0.0,0.0,0.0
14300,0.0,0.0,0.0,0.0,0.0,0.0
14301,0.0,0.0,0.0,0.0,0.0,0.0
14302,0.0,0.0,0.0,0.0,0.0,0.0
14303,0.0,0.0,0.0,0.016233766233766232,0.0,0.0
14304,0.0,0.0,0.0,0.0020107238605898124,0.0,0.0
14305,0.0,0.0,0.0,0.0,0.0,0.0
14306,0.0,0.0,0.0,0.0078125,0.0,0.0
14307,0.0,0.0,0.0,0.0,0.0,0.0
14308,0.0,0.0,0.0,0.0,0.0,0.0
14309,0.0,0.0,0.0,0.014457831325301203,0.0,0.0
14310,0.0,0.0,0.0,0.0,0.0,0.0
14311,0.0,0.0,0.0,0.0,0.0,0.0
14312,0.0,0.0,0.0,0.0,0.0,0.0
14313,0.0,0.0,0.0,0.0,0.0,0.0
14314,0.0,0.0,0.0,0.0,0.0,0.0
14315,0.0,0.0,0.0,0.003484320557491289,0.0,0.0
14316,0.0,0.0,0.0,0.0,0.0,0.0
14317,0.0,0.0,0.0,0.0,0.0,0.0
14318,0.0,0.0,0.0,0.017639077340569874,0.0,0.0
14319,0.0,0.0,0.0,0.0,0.0,0.0
14320,0.0,0.0,0.0,0.0,0.0,0.0
14321,0.0,0.0,0.0,0.0,0.0,0.0
14322,0.0,0.0,0.0,0.0,0.0,0.0
14323,0.0,0.0,0.0,0.09523809523809523,0.0,0.0
14324,0.0,0.0,0.0,0.0,0.0,0.0
14325,0.0,0.0,0.0,0.012048192771084338,0.0,0.0
14326,0.0,0.0,0.0,0.0111376292760541,0.0,0.0
14327,0.0,0.0,0.0,0.0,0.0,0.0
14328,0.0,0.0,0.0,0.0,0.0,0.0
14329,0.0,0.0,0.0,0.20253164556962025,0.0,0.0
14330,0.0,0.0,0.0,0.1076923076923077,0.0,0.0
14331,0.0,0.0,0.0,0.0,0.0,0.0
14332,0.0,0.0,0.0,0.0,0.0,0.0
14333,0.0,0.0,0.0,0.031757754800590836,0.0,0.0
14334,0.0,0.0,0.0,0.04814814814814815,0.0,0.0
14335,0.0,0.0,0.0,0.031425364758698095,0.0,0.0
14336,0.0,0.0,0.0,0.0,0.0,0.0
14337,0.0,0.0,0.0,0.07936507936507936,0.0,0.0
14338,0.0,0.0,0.0,0.0,0.0,0.0
14339,0.0,0.0,0.0,0.0,0.0,0.0
14340,0.0,0.0,0.0,0.01403798513625103,0.0,0.0
14341,0.0,0.0,0.0,0.0023640661938534283,0.0,0.0
14342,0.0,0.0,0.0,0.008795074758135445,0.0,0.0
14343,0.0,0.0,0.0,0.0,0.0,0.0
14344,0.0,0.0,0.0,0.01607717041800643,0.0,0.0
14345,0.0,0.0,0.0,0.0,0.0,0.0
14346,0.0,0.0,0.0,0.0,0.0,0.0
14347,0.0,0.0,0.0,0.30303030303030304,0.0,0.0
14348,0.0,0.0,0.0,0.0,0.0,0.0
14349,0.0,0.0,0.0,0.030303030303030307,0.0,0.0
14350,0.0,0.0,0.0,0.22100954979536155,0.0,0.0
14351,0.0,0.0,0.0,0.0,0.0,0.0
14352,0.0,0.0,0.0,0.010956175298804782,0.0,0.0
14353,0.0,0.0,0.0,0.12429378531073447,0.0,0.0
14354,0.0,0.0,0.0,0.0,0.0,0.0
14355,0.0,0.0,0.0,0.2191235059760956,0.0,0.0
14356,0.029666254635352288,0.0,0.0,0.2126081582200247,0.019777503090234856,0.019777503090234856
14357,0.0,0.0,0.0,0.0,0.0,0.0
14358,0.0,0.0,0.0,0.08615384615384615,0.0,0.0
14359,0.0,0.0,0.0,0.0,0.0,0.0
14360,0.0,0.0,0.0,0.0,0.0,0.0
14361,0.0,0.0,0.0,0.0,0.0,0.0
14362,0.0,0.0,0.0,0.0,0.0,0.0
14363,0.0,0.0,0.0,0.0,0.0,0.0
14364,0.0,0.0,0.0,0.01466544454628781,0.0,0.0
14365,0.0,0.0,0.0,0.0,0.0,0.0
14366,0.0,0.0,0.0,0.0718562874251497,0.0,0.0
14367,0.0,0.0,0.0,0.0,0.0,0.0
14368,0.0,0.0,0.0,0.06569343065693431,0.0,0.0
14369,0.0,0.0,0.0,0.0,0.0,0.0
14370,0.0,0.0,0.0,0.04971098265895954,0.0,0.0
14371,0.0,0.0,0.0,0.0,0.0,0.0
14372,0.0,0.0,0.0,0.0,0.0,0.0
14373,0.0,0.0,0.0,0.0012048192771084338,0.0,0.0
14374,0.0,0.0,0.0,0.0,0.0,0.0
14375,0.0,0.0,0.0,0.0055248618784530384,0.0,0.0
14376,0.0,0.0,0.0,0.0,0.0,0.0
14377,0.0,0.0,0.0,0.01824817518248175,0.0,0.0
14378,0.0,0.0,0.0,0.2893890675241157,0.0,0.0
14379,0.0,0.0,0.0,0.09504685408299866,0.0,0.0
14380,0.0,0.0,0.0,0.0,0.0,0.0
14381,0.0,0.0,0.0,0.0975609756097561,0.0,0.0
14382,0.0,0.0,0.0,0.0,0.0,0.0
14383,0.0,0.0,0.0,0.0,0.0,0.0
14384,0.0,0.0,0.0,0.0,0.0,0.0
14385,0.0,0.0,0.0,0.0,0.0,0.0
14386,0.0,0.0,0.0,0.004373974849644614,0.0,0.0
14387,0.0,0.0,0.0,0.24144144144144145,0.0,0.0
14388,0.0,0.0,0.0,0.015699658703071672,0.0,0.0
14389,0.0,0.0,0.0,0.1111111111111111,0.0,0.0
14390,0.0,0.0,0.0,0.0,0.0,0.0
14391,0.0,0.0,0.0,0.02601156069364162,0.0,0.0
14392,0.0,0.0,0.0,0.00219941348973607,0.0,0.0
14393,0.0,0.0,0.0,0.034883720930232565,0.0,0.0
14394,0.0,0.0,0.0,0.0,0.0,0.0
14395,0.0,0.0,0.0,0.0,0.0,0.0
14396,0.0,0.0,0.0,0.0,0.0,0.0
14397,0.0,0.0,0.0,0.0279441117764471,0.0,0.0
14398,0.0,0.0,0.0,0.0,0.0,0.0
14399,0.0,0.0,0.0,0.0,0.0,0.0
14400,0.0,0.0,0.0,0.008093525179856115,0.0,0.0
14401,0.0,0.0,0.0,0.0,0.0,0.0
14402,0.0,0.0,0.0,0.0,0.0,0.0
14403,0.0,0.0,0.0,0.0,0.0,0.0
14404,0.0,0.0,0.0,0.0,0.0,0.0
14405,0.0,0.0,0.0,0.14729829755736493,0.0,0.0
14406,0.0,0.0,0.0,0.006622516556291391,0.0,0.0
14407,0.0,0.0,0.0,0.4761904761904762,0.0,0.0
14408,0.0,0.0,0.0,0.004362050163576881,0.0,0.0
14409,0.0,0.0,0.0,0.05632984901277584,0.0,0.0
14410,0.0,0.0,0.0,0.0,0.0,0.0
14411,0.0,0.0,0.0,0.0,0.0,0.0
14412,0.0,0.0,0.0,0.13942307692307693,0.0,0.0
14413,0.0,0.0,0.0,0.0,0.0,0.0
14414,0.0,0.0,0.0,0.011544011544011544,0.0,0.0
14415,0.0,0.0,0.0,0.006298110566829951,0.0,0.0
14416,0.0,0.0,0.0,0.032786885245901634,0.01092896174863388,0.01092896174863388
14417,0.0,0.0,0.0,0.0047169811320754715,0.0,0.0
14418,0.0,0.0,0.0,0.0,0.0,0.0
14419,0.0,0.0,0.0,0.0,0.0,0.0
14420,0.0,0.0,0.0,0.02645051194539249,0.0,0.0
14421,0.0,0.0,0.0,0.08620689655172414,0.0,0.0
14422,0.0,0.0,0.0,0.0,0.0,0.0
14423,0.0,0.0,0.0,0.3111111111111111,0.0,0.0
14424,0.0,0.0,0.0,0.0,0.0,0.0
14425,0.0,0.0,0.0,0.0,0.0,0.0
14426,0.0,0.0,0.0,0.2391959798994975,0.0,0.0
14427,0.0,0.0,0.0,0.16768558951965065,0.0,0.0
14428,0.0,0.0,0.0,0.0,0.0,0.0
14429,0.0,0.0,0.0,0.0,0.0,0.0
14430,0.0,0.0,0.0,0.0,0.0,0.0
14431,0.0,0.0,0.0,0.030710172744721688,0.003838771593090211,0.0
14432,0.0,0.0,0.0,0.0,0.0,0.0
14433,0.0,0.0,0.0,0.0,0.0,0.0
14434,0.0,0.0,0.0,0.0,0.0,0.0
14435,0.0,0.0,0.0,0.1316614420062696,0.0,0.0
14436,0.0,0.0,0.0,0.0,0.0,0.0
14437,0.0,0.0,0.0,0.02359882005899705,0.0,0.0
14438,0.0,0.0,0.0,0.0,0.0,0.0
14439,0.0,0.0,0.0,0.04736129905277402,0.0,0.0
14440,0.0,0.0,0.0,0.04166666666666666,0.0,0.0
14441,0.0,0.0,0.0,0.125,0.0,0.0
14442,0.0,0.0,0.0,0.0,0.0,0.0
14443,0.0,0.0,0.0,0.0,0.0,0.0
14444,0.0,0.0,0.0,0.0,0.0,0.0
14445,0.0,0.0,0.0,0.0,0.0,0.0
14446,0.0,0.0,0.0,0.0,0.0,0.0
14447,0.0,0.0,0.0,0.26218097447795824,0.0,0.0
14448,0.0,0.0,0.0,0.09062253743104808,0.0,0.0
14449,0.0,0.0,0.0,0.0,0.0,0.0
14450,0.0,0.0,0.0,0.0,0.0,0.0
14451,0.0,0.0,0.0,0.0,0.0,0.0
14452,0.0,0.0,0.0,0.016819571865443424,0.0,0.0
14453,0.0,0.0,0.0,0.0,0.0,0.0
14454,0.0,0.0,0.0,0.18018018018018014,0.0,0.0
14455,0.0,0.0,0.0,0.0,0.0,0.0
14456,0.0,0.0,0.0,0.0,0.0,0.0
14457,0.0,0.0,0.0,0.0,0.0,0.0
14458,0.0,0.0,0.0,0.1715721464465183,0.0,0.0
14459,0.0,0.0,0.0,0.013422818791946308,0.0,0.0
14460,0.0,0.0,0.0,0.0,0.0,0.0
14461,0.0,0.0,0.0,0.0576036866359447,0.0,0.0
14462,0.0,0.0,0.0,0.0,0.0,0.0
14463,0.0,0.0,0.0,0.3133105802047781,0.0,0.0
14464,0.0,0.0,0.0,0.0,0.0,0.0
14465,0.0,0.0,0.0,0.20833333333333331,0.0,0.0
14466,0.0,0.0,0.0,0.0,0.0,0.0
14467,0.0,0.0,0.0,0.0,0.0,0.0
14468,0.0,0.0,0.0,0.0,0.0,0.0
14469,0.0,0.0,0.0,0.004098360655737704,0.0,0.0
14470,0.0,0.0,0.0,0.0,0.0,0.0
14471,0.0,0.0,0.0,0.0,0.0,0.0
14472,0.0,0.0,0.0,0.0,0.0,0.0
14473,0.0,0.0,0.0,0.0,0.0,0.0
14474,0.0,0.0,0.0,0.30640243902439024,0.0,0.0
14475,0.0,0.0,0.0,0.0,0.0,0.0
14476,0.0,0.0,0.0,0.02471042471042471,0.0,0.0
14477,0.0,0.0,0.0,0.021680216802168018,0.0,0.0
14478,0.0,0.0,0.0,0.03755868544600939,0.0,0.0
14479,0.0,0.0,0.0,0.1284490960989534,0.0,0.0
14480,0.0,0.0,0.0,0.009874917709019092,0.0,0.0
14481,0.0,0.0,0.0,0.2679558011049724,0.0,0.0
14482,0.0,0.0,0.0,0.0,0.0,0.0
14483,0.0,0.0,0.0,0.0,0.0,0.0
14484,0.0,0.0,0.0,0.0,0.0,0.0
14485,0.0,0.0,0.0,0.2701525054466231,0.0,0.0
14486,0.0,0.0,0.0,0.0,0.0,0.0
14487,0.0,0.0,0.0,0.0,0.0,0.0
14488,0.09333333333333334,0.0,0.0,0.04,0.013333333333333334,0.013333333333333334
14489,0.0,0.0,0.0,0.0,0.0,0.0
14490,0.02037351443123939,0.0,0.0,0.17232597623089982,0.0,0.0
14491,0.0,0.0,0.0,0.0,0.0,0.0
14492,0.0,0.0,0.0,0.0,0.0,0.0
14493,0.020783373301358914,0.0,0.0,0.0903277378097522,0.0,0.0
14494,0.0,0.0,0.0,0.0,0.0,0.0
14495,0.0,0.0,0.0,0.09333333333333334,0.0,0.0
14496,0.0,0.0,0.0,0.0,0.0,0.0
14497,0.0,0.0,0.0,0.05580865603644647,0.0,0.0
14498,0.0,0.0,0.0,0.0,0.0,0.0
14499,0.0,0.0,0.0,0.0,0.0,0.0
14500,0.0,0.0,0.0,0.0,0.0,0.0
14501,0.0,0.0,0.0,0.22369511184755592,0.0,0.0
14502,0.0,0.0,0.0,0.0,0.0,0.0
14503,0.0,0.0,0.0,0.0042122999157540005,0.0,0.0
14504,0.0,0.0,0.0,0.0,0.0,0.0
14505,0.0,0.0,0.0,0.0,0.0,0.0
14506,0.0,0.0,0.0,0.022900763358778626,0.0,0.0
14507,0.0,0.0,0.0,0.056005895357406035,0.0,0.0
14508,0.0,0.0,0.0,0.0,0.0,0.0
14509,0.0,0.0,0.0,0.0,0.0,0.0
14510,0.0,0.0,0.0,0.03414634146341464,0.0,0.0
14511,0.0,0.0,0.0,0.0,0.0,0.0
14512,0.0,0.0,0.0,0.010309278350515464,0.0,0.0
14513,0.0,0.0,0.0,0.0,0.0,0.0
14514,0.0,0.0,0.0,0.0,0.0,0.0
14515,0.041085840058694055,0.020542920029347028,0.020542920029347028,0.11958914159941306,0.0,0.0
14516,0.0,0.0,0.0,0.0,0.0,0.0
14517,0.0,0.0,0.0,0.0008431703204047218,0.0,0.0
14518,0.0,0.0,0.0,0.06605504587155964,0.0,0.0
14519,0.0,0.0,0.0,0.06896551724137931,0.0,0.0
14520,0.0,0.0,0.0,0.021875,0.0,0.0
14521,0.0,0.0,0.0,0.006747638326585695,0.0,0.0
14522,0.0,0.0,0.0,0.0,0.0,0.0
14523,0.0,0.0,0.0,0.06349206349206349,0.0,0.0
14524,0.0,0.0,0.0,0.0,0.0,0.0
14525,0.0,0.0,0.0,0.05025125628140704,0.0,0.0
14526,0.0,0.0,0.0,0.0,0.0,0.0
14527,0.0,0.0,0.0,0.0935374149659864,0.0,0.0
14528,0.0,0.0,0.0,0.0,0.0,0.0
14529,0.0,0.0,0.0,0.0,0.0,0.0
14530,0.0,0.0,0.0,0.01747088186356073,0.0,0.0
14531,0.0,0.0,0.0,0.0,0.0,0.0
14532,0.0,0.0,0.0,0.0,0.0,0.0
14533,0.0,0.0,0.0,0.0,0.0,0.0
14534,0.0,0.0,0.0,0.0117820324005891,0.0,0.0
14535,0.0,0.0,0.0,0.14809960681520315,0.0,0.0
14536,0.0,0.0,0.0,0.0,0.0,0.0
14537,0.0,0.0,0.0,0.0,0.0,0.0
14538,0.0,0.0,0.0,0.017364657814096015,0.0,0.0
14539,0.0,0.0,0.0,0.0,0.0,0.0
14540,0.0,0.0,0.0,0.0,0.0,0.0
14541,0.0,0.0,0.0,0.06965174129353234,0.0,0.0
14542,0.0,0.0,0.0,0.0,0.0,0.0
14543,0.0,0.0,0.0,0.0,0.0,0.0
14544,0.0,0.0,0.0,0.0,0.0,0.0
14545,0.0,0.0,0.0,0.0,0.0,0.0
14546,0.0,0.0,0.0,0.02054794520547945,0.0,0.0
14547,0.0,0.0,0.0,0.17001434720229555,0.0,0.0
14548,0.021739130434782608,0.0,0.0,0.0007496251874062968,0.0,0.0
14549,0.0,0.0,0.0,0.0,0.0,0.0
14550,0.0,0.0,0.0,0.0,0.0,0.0
14551,0.0,0.0,0.0,0.03546099290780142,0.0,0.0
14552,0.0,0.0,0.0,0.0,0.0,0.0
14553,0.0,0.0,0.0,0.4074074074074074,0.0,0.0
14554,0.0,0.0,0.0,0.0,0.0,0.0
14555,0.0,0.0,0.0,0.10091743119266056,0.0,0.0
14556,0.0,0.0,0.0,0.0007077140835102619,0.0,0.0
14557,0.0,0.0,0.0,0.0,0.0,0.0
14558,0.0,0.0,0.0,0.0594855305466238,0.0,0.0
14559,0.0,0.0,0.0,0.14720812182741114,0.0,0.0
14560,0.0,0.0,0.0,0.0,0.0,0.0
14561,0.0,0.0,0.0,0.0,0.0,0.0
14562,0.0,0.0,0.0,0.0,0.0,0.0
14563,0.0,0.0,0.0,0.0,0.0,0.0
14564,0.0,0.0,0.0,0.19786096256684493,0.0,0.0
14565,0.0,0.0,0.0,0.0,0.0,0.0
14566,0.0,0.0,0.0,0.0,0.0,0.0
14567,0.0,0.0,0.0,0.0,0.0,0.0
14568,0.0,0.0,0.0,0.0,0.0,0.0
14569,0.09529025191675794,0.0,0.0,0.06900328587075576,0.0,0.0
14570,0.0,0.0,0.0,0.059571088165210485,0.0,0.0
14571,0.0,0.0,0.0,0.0,0.0,0.0
14572,0.0,0.0,0.0,0.0,0.0,0.0
14573,0.0,0.0,0.0,0.07768361581920905,0.0,0.0
14574,0.0,0.0,0.0,0.26004728132387706,0.0,0.0
14575,0.013411567476948869,0.0,0.0,0.16596814752724226,0.0,0.0
14576,0.0,0.0,0.0,0.0,0.0,0.0
14577,0.0,0.0,0.0,0.0,0.0,0.0
14578,0.0,0.0,0.0,0.0,0.0,0.0
14579,0.0,0.0,0.0,0.0,0.0,0.0
14580,0.0,0.0,0.0,0.0,0.0,0.0
14581,0.0,0.0,0.0,0.020146520146520148,0.0,0.0
14582,0.0,0.0,0.0,0.0,0.0,0.0
14583,0.0,0.0,0.0,0.028499580888516344,0.0,0.0
14584,0.0,0.0,0.0,0.0,0.0,0.0
14585,0.0,0.0,0.0,0.0,0.0,0.0
14586,0.0,0.0,0.0,0.3102386451116243,0.0,0.0
14587,0.0,0.0,0.0,0.0,0.0,0.0
14588,0.0,0.0,0.0,0.0,0.0,0.0
14589,0.0,0.0,0.0,0.029210689869484156,0.0,0.0
14590,0.0,0.0,0.0,0.037383177570093455,0.0,0.0
14591,0.0,0.0,0.0,0.0,0.0,0.0
14592,0.0,0.0,0.0,0.0,0.0,0.0
14593,0.0,0.0,0.0,0.0,0.0,0.0
14594,0.0,0.0,0.0,0.0,0.0,0.0
14595,0.0,0.0,0.0,0.04507042253521127,0.0,0.0
14596,0.0,0.0,0.0,0.019397993311036792,0.0,0.0
14597,0.0,0.0,0.0,0.1836734693877551,0.0,0.0
14598,0.0,0.0,0.0,0.0,0.0,0.0
14599,0.0,0.0,0.0,0.0,0.0,0.0
14600,0.0,0.0,0.0,0.6052631578947368,0.0,0.0
14601,0.0,0.0,0.0,0.0,0.0,0.0
14602,0.0,0.0,0.0,0.0,0.0,0.0
14603,0.0,0.0,0.0,0.0,0.0,0.0
14604,0.0,0.0,0.0,0.0,0.0,0.0
14605,0.0,0.0,0.0,0.011156186612576065,0.0,0.0
14606,0.0,0.0,0.0,0.0,0.0,0.0
14607,0.0,0.0,0.0,0.0,0.0,0.0
14608,0.0,0.0,0.0,0.02471315092674316,0.0,0.0
14609,0.0,0.0,0.0,0.0,0.0,0.0
14610,0.0,0.0,0.0,0.0,0.0,0.0
14611,0.0,0.0,0.0,0.009230769230769232,0.0,0.0
14612,0.0,0.0,0.0,0.0,0.0,0.0
14613,0.0,0.0,0.0,0.0,0.0,0.0
14614,0.0,0.0,0.0,0.0,0.0,0.0
14615,0.0,0.0,0.0,0.0,0.0,0.0
14616,0.0,0.0,0.0,0.0,0.0,0.0
14617,0.0,0.0,0.0,0.03283898305084746,0.0,0.0
14618,0.0,0.0,0.0,0.05825242718446603,0.0,0.0
14619,0.0,0.0,0.0,0.0039603960396039604,0.0,0.0
14620,0.0,0.0,0.0,0.046915725456125115,0.0,0.0
14621,0.0,0.0,0.0,0.0315884476534296,0.0,0.0
14622,0.0,0.0,0.0,0.029411764705882356,0.0,0.0
14623,0.0,0.0,0.0,0.022222222222222227,0.0,0.0
14624,0.0,0.0,0.0,0.02508361204013378,0.0,0.0
14625,0.0,0.0,0.0,0.0,0.0,0.0
14626,0.0,0.0,0.0,0.22613531047265986,0.0,0.0
14627,0.0,0.0,0.0,0.0,0.0,0.0
14628,0.0,0.0,0.0,0.00486854917234664,0.0,0.0
14629,0.0,0.0,0.0,0.0,0.0,0.0
14630,0.0,0.0,0.0,0.33532934131736525,0.0,0.0
14631,0.0,0.0,0.0,0.010802469135802469,0.0,0.0
14632,0.0,0.0,0.0,0.0,0.0,0.0
14633,0.0,0.0,0.0,0.008361204013377926,0.0,0.0
14634,0.0,0.0,0.0,0.0,0.0,0.0
14635,0.0,0.0,0.0,0.0,0.0,0.0
14636,0.0,0.0,0.0,0.0,0.0,0.0
14637,0.0,0.0,0.0,0.0,0.0,0.0
14638,0.0,0.0,0.0,0.0,0.0,0.0
14639,0.0,0.0,0.0,0.006222222222222222,0.0,0.0
14640,0.0,0.0,0.0,0.0,0.0,0.0
14641,0.0,0.0,0.0,0.15137614678899086,0.0,0.0
14642,0.0,0.0,0.0,0.0,0.0,0.0
14643,0.0,0.0,0.0,0.38650306748466257,0.0,0.0
14644,0.0,0.0,0.0,0.0,0.0,0.0
14645,0.0,0.0,0.0,0.0,0.0,0.0
14646,0.0,0.0,0.0,0.0,0.0,0.0
14647,0.017001545595054096,0.0,0.0,0.15996908809891808,0.008500772797527048,0.008500772797527048
14648,0.0,0.0,0.0,0.08152173913043477,0.0,0.0
14649,0.0,0.0,0.0,0.0603448275862069,0.0,0.0
14650,0.0,0.0,0.0,0.04743083003952569,0.0,0.0
14651,0.0,0.0,0.0,0.048338368580060416,0.0,0.0
14652,0.0,0.0,0.0,0.05436337625178827,0.0,0.0
14653,0.0,0.0,0.0,0.03317535545023697,0.0,0.0
14654,0.0,0.0,0.0,0.05996758508914101,0.0,0.0
14655,0.0,0.0,0.0,0.0,0.0,0.0
14656,0.0,0.0,0.0,0.0,0.0,0.0
14657,0.0,0.0,0.0,0.01932367149758454,0.0,0.0
14658,0.02383419689119171,0.0,0.0,0.09015544041450778,0.0,0.0
14659,0.0,0.0,0.0,0.0,0.0,0.0
14660,0.0,0.0,0.0,0.0,0.0,0.0
14661,0.0,0.0,0.0,0.0,0.0,0.0
14662,0.0,0.0,0.0,0.0,0.0,0.0
14663,0.0,0.0,0.0,0.0,0.0,0.0
14664,0.0,0.0,0.0,0.0,0.0,0.0
14665,0.0,0.0,0.0,0.07183673469387755,0.0,0.0
14666,0.0,0.0,0.0,0.24214417744916825,0.0,0.0
14667,0.0,0.0,0.0,0.0,0.0,0.0
14668,0.0,0.0,0.0,0.0,0.0,0.0
14669,0.0,0.0,0.0,0.0,0.0,0.0
14670,0.0,0.0,0.0,0.0,0.0,0.0
14671,0.0,0.0,0.0,0.0,0.0,0.0
14672,0.0,0.0,0.0,0.023809523809523808,0.0,0.0
14673,0.0,0.0,0.0,0.0,0.0,0.0
14674,0.0,0.0,0.0,0.12814645308924486,0.0,0.0
14675,0.1411764705882353,0.0,0.0,0.15294117647058825,0.0,0.0
14676,0.0,0.0,0.0,0.0,0.0,0.0
14677,0.0,0.0,0.0,0.0,0.0,0.0
14678,0.0,0.0,0.0,0.034883720930232565,0.0,0.0
14679,0.0,0.0,0.0,0.0,0.0,0.0
14680,0.0,0.0,0.0,0.0,0.0,0.0
14681,0.0,0.0,0.0,0.03598691384950927,0.0,0.0
14682,0.0,0.0,0.0,0.0,0.0,0.0
14683,0.0,0.0,0.0,0.0,0.0,0.0
14684,0.0,0.0,0.0,0.14340490797546013,0.0,0.0
14685,0.0,0.0,0.0,0.0,0.0,0.0
14686,0.0,0.0,0.0,0.0,0.0,0.0
14687,0.0,0.0,0.0,0.0,0.0,0.0
14688,0.0,0.0,0.0,0.0,0.0,0.0
14689,0.0,0.0,0.0,0.0,0.0,0.0
14690,0.0,0.0,0.0,0.2933333333333333,0.0,0.0
14691,0.0,0.0,0.0,0.07758620689655173,0.0,0.0
14692,0.0,0.0,0.0,0.0,0.0,0.0
14693,0.0,0.0,0.0,0.0,0.0,0.0
14694,0.0,0.0,0.0,0.0,0.0,0.0
14695,0.0,0.0,0.0,0.1988372093023256,0.0,0.0
14696,0.01257445400397088,0.0,0.0,0.018530774321641297,0.0,0.0
14697,0.029958677685950414,0.0,0.0,0.045454545454545456,0.0,0.0
14698,0.0,0.0,0.0,0.0,0.0,0.0
14699,0.0,0.0,0.0,0.0,0.0,0.0
14700,0.0,0.0,0.0,0.0,0.0,0.0
14701,0.024390243902439025,0.0,0.0,0.05382674516400336,0.0,0.0
14702,0.0,0.0,0.0,0.0,0.0,0.0
14703,0.0,0.0,0.0,0.047619047619047616,0.0,0.0
14704,0.0,0.0,0.0,0.049539170506912436,0.0,0.0
14705,0.0,0.0,0.0,0.01879699248120301,0.0,0.0
14706,0.0,0.0,0.0,0.0,0.0,0.0
14707,0.0,0.0,0.0,0.10362047440699126,0.0,0.0
14708,0.0,0.0,0.0,0.2225274725274725,0.0,0.0
14709,0.0,0.0,0.0,0.0,0.0,0.0
14710,0.0,0.0,0.0,0.10069101678183613,0.0,0.0
14711,0.0,0.0,0.0,0.1568627450980392,0.0,0.0
14712,0.0,0.0,0.0,0.6818181818181818,0.0,0.0
14713,0.0,0.0,0.0,0.1568627450980392,0.0,0.0
14714,0.0,0.0,0.0,0.09833187006145742,0.0,0.0
14715,0.03234152652005175,0.0,0.0,0.11772315653298834,0.0,0.0
14716,0.061349693251533735,0.0,0.0,0.2070552147239264,0.0,0.0
14717,0.0,0.0,0.0,0.0,0.0,0.0
14718,0.0,0.0,0.0,0.01729323308270677,0.0,0.0
14719,0.0,0.0,0.0,0.14855875831485588,0.0,0.0
14720,0.0,0.0,0.0,0.0,0.0,0.0
14721,0.0,0.0,0.0,0.010371650821089023,0.0,0.0
14722,0.0,0.0,0.0,0.0,0.0,0.0
14723,0.0,0.0,0.0,0.0,0.0,0.0
14724,0.0,0.0,0.0,0.017578125,0.0,0.0
14725,0.0,0.0,0.0,0.3474503025064823,0.0,0.0
14726,0.0,0.0,0.0,0.0,0.0,0.0
14727,0.0,0.0,0.0,0.0,0.0,0.0
14728,0.0,0.0,0.0,0.0,0.0,0.0
14729,0.0,0.0,0.0,0.08635097493036213,0.0,0.0
14730,0.0,0.0,0.0,0.0,0.0,0.0
14731,0.0,0.0,0.0,0.29430132708821233,0.0,0.0
14732,0.0,0.0,0.0,0.043478260869565216,0.0,0.0
14733,0.0,0.0,0.0,0.0,0.0,0.0
14734,0.0,0.0,0.0,0.2425675675675676,0.0,0.0
14735,0.0,0.0,0.0,0.4809220985691574,0.0,0.0
14736,0.0,0.0,0.0,0.0,0.0,0.0
14737,0.0,0.0,0.0,0.0011876484560570072,0.0,0.0
14738,0.0,0.0,0.0,0.0,0.0,0.0
14739,0.0,0.0,0.0,0.0,0.0,0.0
14740,0.0,0.0,0.0,0.0,0.0,0.0
14741,0.0,0.0,0.0,0.0302013422818792,0.0,0.0
14742,0.0,0.0,0.0,0.16774193548387098,0.0,0.0
14743,0.0,0.0,0.0,0.0,0.0,0.0
14744,0.0,0.0,0.0,0.0,0.0,0.0
14745,0.0,0.0,0.0,0.0,0.0,0.0
14746,0.0,0.0,0.0,0.0,0.0,0.0
14747,0.0,0.0,0.0,0.29235382308845576,0.0,0.0
14748,0.0,0.0,0.0,0.002188183807439825,0.0,0.0
14749,0.0436046511627907,0.0,0.0,0.1053779069767442,0.0,0.0
14750,0.0,0.0,0.0,0.0,0.0,0.0
14751,0.0,0.0,0.0,0.05555555555555555,0.0,0.0
14752,0.0,0.0,0.0,0.0,0.0,0.0
14753,0.0,0.0,0.0,0.1806122448979592,0.0,0.0
14754,0.0,0.0,0.0,0.0,0.0,0.0
14755,0.0,0.0,0.0,0.0,0.0,0.0
14756,0.0,0.0,0.0,0.0,0.0,0.0
14757,0.0,0.0,0.0,0.0,0.0,0.0
14758,0.0,0.0,0.0,0.0,0.0,0.0
14759,0.0,0.0,0.0,0.0,0.0,0.0
14760,0.0,0.0,0.0,0.07692307692307693,0.0,0.0
14761,0.0,0.0,0.0,0.0,0.0,0.0
14762,0.0,0.0,0.0,0.0,0.0,0.0
14763,0.0,0.0,0.0,0.0,0.0,0.0
14764,0.0,0.0,0.0,0.036706349206349215,0.00496031746031746,0.0
14765,0.026119402985074626,0.0,0.0,0.3407960199004975,0.0,0.0
14766,0.0,0.0,0.0,0.034505640345056404,0.0,0.0
14767,0.0,0.0,0.0,0.1355421686746988,0.021084337349397592,0.021084337349397592
14768,0.0,0.0,0.0,0.0,0.0,0.0
14769,0.0,0.0,0.0,0.0,0.0,0.0
14770,0.0,0.0,0.0,0.011574074074074072,0.0,0.0
14771,0.0,0.0,0.0,0.031026252983293555,0.0,0.0
14772,0.0,0.0,0.0,0.0,0.0,0.0
14773,0.0,0.0,0.0,0.0,0.0,0.0
14774,0.0,0.0,0.0,0.0,0.0,0.0
14775,0.0,0.0,0.0,0.01624815361890694,0.0,0.0
14776,0.0,0.0,0.0,0.0,0.0,0.0
14777,0.0,0.0,0.0,0.0,0.0,0.0
14778,0.0,0.0,0.0,0.0,0.0,0.0
14779,0.0,0.0,0.0,0.0,0.0,0.0
14780,0.0,0.0,0.0,0.0,0.0,0.0
14781,0.0,0.0,0.0,0.25738396624472576,0.0,0.0
14782,0.0,0.0,0.0,0.033846153846153845,0.0,0.0
14783,0.0,0.0,0.0,0.03167420814479638,0.0,0.0
14784,0.0,0.0,0.0,0.026923076923076925,0.0,0.0
14785,0.0,0.0,0.0,0.0,0.0,0.0
14786,0.06734867860187553,0.0,0.0,0.0494458653026428,0.0,0.0
14787,0.0,0.0,0.0,0.005351170568561873,0.0,0.0
14788,0.0,0.0,0.0,0.0,0.0,0.0
14789,0.0,0.0,0.0,0.0,0.0,0.0
14790,0.0,0.0,0.0,0.020590868397493287,0.0,0.0
14791,0.0,0.0,0.0,0.0,0.0,0.0
14792,0.0,0.0,0.0,0.0,0.0,0.0
14793,0.0,0.0,0.0,0.311178247734139,0.0,0.0
14794,0.0,0.0,0.0,0.2701702442635085,0.0,0.0
14795,0.0,0.0,0.0,0.14217098943323728,0.0,0.0
14796,0.0,0.0,0.0,0.2972972972972973,0.0,0.0
14797,0.008448540706605223,0.0,0.0,0.0,0.0,0.0
14798,0.0,0.0,0.0,0.009579955784819457,0.0,0.0
14799,0.0,0.0,0.0,0.0,0.0,0.0
14800,0.0,0.0,0.0,0.023993144815766924,0.0,0.0
14801,0.0,0.0,0.0,0.0,0.0,0.0
14802,0.0,0.0,0.0,0.0,0.0,0.0
14803,0.0,0.0,0.0,0.0,0.0,0.0
14804,0.0,0.0,0.0,0.12520325203252033,0.0,0.0
14805,0.0,0.0,0.0,0.0,0.0,0.0
14806,0.0,0.0,0.0,0.018828451882845192,0.0,0.0
14807,0.0,0.0,0.0,0.08361204013377926,0.0,0.0
14808,0.0,0.0,0.0,0.03386454183266932,0.0,0.0
14809,0.0,0.0,0.0,0.0,0.0,0.0
14810,0.0,0.0,0.0,0.0,0.0,0.0
14811,0.0,0.0,0.0,0.05555555555555555,0.0,0.0
14812,0.0,0.0,0.0,0.0,0.0,0.0
14813,0.0,0.0,0.0,0.016921837228041903,0.0,0.0
14814,0.0,0.0,0.0,0.0,0.0,0.0
14815,0.0,0.0,0.0,0.00558659217877095,0.0,0.0
14816,0.0,0.0,0.0,0.23297491039426524,0.0,0.0
14817,0.0,0.0,0.0,0.00881057268722467,0.0,0.0
14818,0.0,0.0,0.0,0.0,0.0,0.0
14819,0.0,0.0,0.0,0.0,0.0,0.0
14820,0.0,0.0,0.0,0.07968413496051686,0.0,0.0
14821,0.0,0.0,0.0,0.0,0.0,0.0
14822,0.0,0.0,0.0,0.0,0.0,0.0
14823,0.0,0.0,0.0,0.01658374792703151,0.0,0.0
14824,0.0,0.0,0.0,0.2720588235294117,0.0,0.0
14825,0.0,0.0,0.0,0.0,0.0,0.0
14826,0.0,0.0,0.0,0.0,0.0,0.0
14827,0.01182654402102497,0.0,0.0,0.533508541392904,0.01182654402102497,0.0
14828,0.0,0.0,0.0,0.02591283863368669,0.0,0.0
14829,0.0,0.0,0.0,0.0,0.0,0.0
14830,0.0,0.0,0.0,0.0,0.0,0.0
14831,0.0,0.0,0.0,0.0,0.0,0.0
14832,0.0,0.0,0.0,0.0,0.0,0.0
14833,0.0,0.0,0.0,0.0,0.0,0.0
14834,0.0,0.0,0.0,0.0,0.0,0.0
14835,0.0,0.0,0.0,0.14400000000000002,0.0,0.0
14836,0.0,0.0,0.0,0.0,0.0,0.0
14837,0.0,0.0,0.0,0.0,0.0,0.0
14838,0.0,0.0,0.0,0.0,0.0,0.0
14839,0.0,0.0,0.0,0.07368421052631577,0.0,0.0
14840,0.0,0.0,0.0,0.04975124378109453,0.0,0.0
14841,0.13190184049079753,0.0,0.0,0.024539877300613498,0.0,0.0
14842,0.0,0.0,0.0,0.0,0.0,0.0
14843,0.0,0.0,0.0,0.0024916943521594683,0.0,0.0
14844,0.0,0.0,0.0,0.0,0.0,0.0
14845,0.0,0.0,0.0,0.0,0.0,0.0
14846,0.0,0.0,0.0,0.0,0.0,0.0
14847,0.0,0.0,0.0,0.0,0.0,0.0
14848,0.0,0.0,0.0,0.0,0.0,0.0
14849,0.0,0.0,0.0,0.0,0.0,0.0
14850,0.0,0.0,0.0,0.0,0.0,0.0
14851,0.0,0.0,0.0,0.0,0.0,0.0
14852,0.0,0.0,0.0,0.046875,0.0,0.0
14853,0.0,0.0,0.0,0.012613875262789068,0.0,0.0
14854,0.0,0.0,0.0,0.016504126031507874,0.0,0.0
14855,0.0,0.0,0.0,0.009136212624584718,0.0,0.0
14856,0.0,0.0,0.0,0.059701492537313425,0.0,0.0
14857,0.0,0.0,0.0,0.07508532423208192,0.0,0.0
14858,0.0,0.0,0.0,0.2250351617440225,0.0,0.0
14859,0.0,0.0,0.0,0.0,0.0,0.0
14860,0.0,0.0,0.0,0.18331716779825413,0.0,0.0
14861,0.0,0.0,0.0,0.0,0.0,0.0
14862,0.0,0.0,0.0,0.1176470588235294,0.0,0.0
14863,0.0,0.0,0.0,0.037037037037037035,0.0,0.0
14864,0.0,0.0,0.0,0.0,0.0,0.0
14865,0.0,0.0,0.0,0.03643724696356275,0.0,0.0
14866,0.0,0.0,0.0,0.03043478260869565,0.0,0.0
14867,0.0,0.0,0.0,0.002272727272727273,0.0,0.0
14868,0.0,0.0,0.0,0.0,0.0,0.0
14869,0.0,0.0,0.0,0.0,0.0,0.0
14870,0.0,0.0,0.0,0.0,0.0,0.0
14871,0.0,0.0,0.0,0.011764705882352941,0.0,0.0
14872,0.0,0.0,0.0,0.008462623413258109,0.0,0.0
14873,0.0,0.0,0.0,0.02834008097165992,0.0,0.0
14874,0.0,0.0,0.0,0.14268585131894485,0.0,0.0
14875,0.0,0.0,0.0,0.0,0.0,0.0
14876,0.027624309392265192,0.0,0.0,0.0,0.0,0.0
14877,0.0,0.0,0.0,0.01263157894736842,0.0,0.0
14878,0.0,0.0,0.0,0.02980625931445604,0.0,0.0
14879,0.0,0.0,0.0,0.00535475234270415,0.0,0.0
14880,0.0,0.0,0.0,0.040123456790123455,0.0,0.0
14881,0.0,0.0,0.0,0.0,0.0,0.0
14882,0.0,0.0,0.0,0.0,0.0,0.0
14883,0.0,0.0,0.0,0.03959773727215588,0.0,0.0
14884,0.0,0.0,0.0,0.02541436464088398,0.0,0.0
14885,0.0,0.0,0.0,0.010822510822510822,0.0,0.0
14886,0.0,0.0,0.0,0.0,0.0,0.0
14887,0.0,0.0,0.0,0.0,0.0,0.0
14888,0.0,0.0,0.0,0.004491858506457047,0.0,0.0
14889,0.0,0.0,0.0,0.11023622047244094,0.03937007874015748,0.03937007874015748
14890,0.0,0.0,0.0,0.0,0.0,0.0
14891,0.0,0.0,0.0,0.06006006006006006,0.0,0.0
14892,0.0,0.0,0.0,0.0,0.0,0.0
14893,0.0,0.0,0.0,0.0,0.0,0.0
14894,0.0,0.0,0.0,0.0,0.0,0.0
14895,0.0,0.0,0.0,0.0,0.0,0.0
14896,0.0,0.0,0.0,0.0,0.0,0.0
14897,0.0,0.0,0.0,0.0,0.0,0.0
14898,0.0,0.0,0.0,0.02257636122177955,0.0,0.0
14899,0.0,0.0,0.0,0.07277628032345014,0.0,0.0
14900,0.0,0.0,0.0,0.0,0.0,0.0
14901,0.0,0.0,0.0,0.013123359580052492,0.0,0.0
14902,0.0,0.0,0.0,0.18421052631578946,0.0,0.0
14903,0.0,0.0,0.0,0.15140845070422534,0.0,0.0
14904,0.0,0.0,0.0,0.02039329934450109,0.0,0.0
14905,0.0,0.0,0.0,0.0,0.0,0.0
14906,0.0,0.0,0.0,0.0,0.0,0.0
14907,0.0,0.0,0.0,0.0,0.0,0.0
14908,0.0,0.0,0.0,0.0,0.0,0.0
14909,0.02443609022556391,0.0,0.0,0.02725563909774436,0.0,0.0
14910,0.0,0.0,0.0,0.022920203735144317,0.0,0.0
14911,0.0,0.0,0.0,0.0,0.0,0.0
14912,0.0,0.0,0.0,0.008614501076812634,0.0,0.0
14913,0.0,0.0,0.0,0.0,0.0,0.0
14914,0.0,0.0,0.0,0.0,0.0,0.0
14915,0.0,0.0,0.0,0.0,0.0,0.0
14916,0.0,0.0,0.0,0.0,0.0,0.0
14917,0.0,0.0,0.0,0.0,0.0,0.0
14918,0.0,0.0,0.0,0.03470031545741325,0.0,0.0
14919,0.0,0.0,0.0,0.021739130434782608,0.0,0.0
14920,0.0,0.0,0.0,0.042424242424242434,0.0,0.0
14921,0.0,0.0,0.0,0.17266851338873498,0.0,0.0
14922,0.0,0.0,0.0,0.01757188498402556,0.0,0.0
14923,0.0,0.0,0.0,0.0,0.0,0.0
14924,0.0,0.0,0.0,0.02400835073068893,0.0,0.0
14925,0.0,0.0,0.0,0.018475750577367202,0.0,0.0
14926,0.0,0.0,0.0,0.0,0.0,0.0
14927,0.0,0.0,0.0,0.0,0.0,0.0
14928,0.0,0.0,0.0,0.0,0.0,0.0
14929,0.0,0.0,0.0,0.0,0.0,0.0
14930,0.0,0.0,0.0,0.0,0.0,0.0
14931,0.059040590405904064,0.0,0.0,0.2702952029520295,0.005535055350553504,0.0
14932,0.0,0.0,0.0,0.10714285714285714,0.0,0.0
14933,0.0,0.0,0.0,0.0,0.0,0.0
14934,0.0,0.0,0.0,0.01968503937007874,0.0,0.0
14935,0.0,0.0,0.0,0.0,0.0,0.0
14936,0.0,0.0,0.0,0.0,0.0,0.0
14937,0.0,0.0,0.0,0.0009398496240601504,0.0,0.0
14938,0.0,0.0,0.0,0.02306805074971165,0.0,0.0
14939,0.0,0.0,0.0,0.3157894736842105,0.0,0.0
14940,0.0,0.0,0.0,0.042475728155339815,0.0,0.0
14941,0.0,0.0,0.0,0.18871252204585534,0.0,0.0
14942,0.0,0.0,0.0,0.030303030303030307,0.0,0.0
14943,0.0,0.0,0.0,0.0,0.0,0.0
14944,0.0,0.0,0.0,0.005173688100517369,0.0,0.0
14945,0.03125,0.017857142857142856,0.017857142857142856,0.07142857142857142,0.0,0.0
14946,0.0,0.0,0.0,0.010126582278481013,0.0,0.0
14947,0.0,0.0,0.0,0.0,0.0,0.0
14948,0.0,0.0,0.0,0.0,0.0,0.0
14949,0.0,0.0,0.0,0.0,0.0,0.0
14950,0.0,0.0,0.0,0.03222094361334868,0.0,0.0
14951,0.0,0.0,0.0,0.2206703910614525,0.0,0.0
14952,0.0,0.0,0.0,0.0,0.0,0.0
14953,0.0,0.0,0.0,0.0,0.0,0.0
14954,0.0,0.0,0.0,0.0,0.0,0.0
14955,0.0,0.0,0.0,0.0,0.0,0.0
14956,0.0,0.0,0.0,0.0,0.0,0.0
14957,0.0,0.0,0.0,0.0,0.0,0.0
14958,0.0,0.0,0.0,0.0,0.0,0.0
14959,0.0,0.0,0.0,0.0,0.0,0.0
14960,0.0,0.0,0.0,0.0,0.0,0.0
14961,0.0,0.0,0.0,0.061881188118811874,0.0,0.0
14962,0.0,0.0,0.0,0.19444444444444445,0.0,0.0
14963,0.0,0.0,0.0,0.05116279069767442,0.0,0.0
14964,0.0,0.0,0.0,0.2378752886836028,0.0,0.0
14965,0.0,0.0,0.0,0.011750881316098707,0.0,0.0
14966,0.0,0.0,0.0,0.2639593908629442,0.0,0.0
14967,0.0,0.0,0.0,0.2727272727272727,0.0,0.0
14968,0.0,0.0,0.0,0.1539961013645224,0.0,0.0
14969,0.0,0.0,0.0,0.016331658291457288,0.0,0.0
14970,0.0,0.0,0.0,0.0,0.0,0.0
14971,0.0,0.0,0.0,0.0,0.0,0.0
14972,0.0,0.0,0.0,0.0,0.0,0.0
14973,0.0,0.0,0.0,0.0940386230058774,0.0,0.0
14974,0.0,0.0,0.0,0.0,0.0,0.0
14975,0.0,0.0,0.0,0.0054988216810683424,0.0,0.0
14976,0.0,0.0,0.0,0.02766798418972332,0.0,0.0
14977,0.0,0.0,0.0,0.26153846153846155,0.0,0.0
14978,0.0,0.0,0.0,0.2894736842105263,0.0,0.0
14979,0.0,0.0,0.0,0.009009009009009007,0.0,0.0
14980,0.0,0.0,0.0,0.04629629629629629,0.0,0.0
14981,0.0,0.0,0.0,0.05538461538461538,0.0,0.0
14982,0.0,0.0,0.0,0.0,0.0,0.0
14983,0.0,0.0,0.0,0.056956875508543524,0.0,0.0
14984,0.0,0.0,0.0,0.18125,0.0,0.0
14985,0.0,0.0,0.0,0.4200680272108844,0.0,0.0
14986,0.0031007751937984496,0.0,0.0,0.19069767441860466,0.0,0.0
14987,0.0,0.0,0.0,0.0,0.0,0.0
14988,0.0,0.0,0.0,0.0,0.0,0.0
14989,0.0,0.0,0.0,0.0,0.0,0.0
14990,0.0,0.0,0.0,0.0,0.0,0.0
14991,0.0,0.0,0.0,0.0,0.0,0.0
14992,0.0,0.0,0.0,0.0,0.0,0.0
14993,0.0,0.0,0.0,0.0,0.0,0.0
14994,0.0,0.0,0.0,0.010471204188481676,0.0,0.0
14995,0.0,0.0,0.0,0.014234875444839857,0.0,0.0
14996,0.0,0.0,0.0,0.03111587982832618,0.0,0.0
14997,0.0,0.0,0.0,0.15636363636363634,0.0,0.0
14998,0.0,0.0,0.0,0.004310344827586207,0.0,0.0
14999,0.0,0.0,0.0,0.11188811188811187,0.0,0.0
15000,0.0,0.0,0.0,0.0,0.0,0.0
15001,0.0,0.0,0.0,0.0,0.0,0.0
15002,0.0,0.0,0.0,0.0,0.0,0.0
15003,0.0,0.0,0.0,0.020801232665639446,0.0,0.0
15004,0.0,0.0,0.0,0.07258064516129033,0.0,0.0
15005,0.0,0.0,0.0,0.0045045045045045045,0.0,0.0
15006,0.0,0.0,0.0,0.0,0.0,0.0
15007,0.0,0.0,0.0,0.0,0.0,0.0
15008,0.0,0.0,0.0,0.0,0.0,0.0
15009,0.0,0.0,0.0,0.0055279159756771706,0.0,0.0
15010,0.0,0.0,0.0,0.0,0.0,0.0
15011,0.0,0.0,0.0,0.246900826446281,0.0,0.0
15012,0.0,0.0,0.0,0.0,0.0,0.0
15013,0.0,0.0,0.0,0.0,0.0,0.0
15014,0.0,0.0,0.0,0.08176691729323309,0.0,0.0
15015,0.0,0.0,0.0,0.06443298969072164,0.0,0.0
15016,0.0,0.0,0.0,0.0,0.0,0.0
15017,0.0,0.0,0.0,0.0,0.0,0.0
15018,0.0,0.0,0.0,0.016346837242359632,0.0,0.0
15019,0.0,0.0,0.0,0.14965986394557826,0.0,0.0
15020,0.0,0.0,0.0,0.023276633840644583,0.0,0.0
15021,0.0,0.0,0.0,0.0,0.0,0.0
15022,0.0,0.0,0.0,0.0,0.0,0.0
15023,0.0,0.0,0.0,0.0,0.0,0.0
15024,0.0,0.0,0.0,0.029455081001472757,0.0,0.0
15025,0.0,0.0,0.0,0.0,0.0,0.0
15026,0.0,0.0,0.0,0.3237156931738213,0.0,0.0
15027,0.0,0.0,0.0,0.0957886044591247,0.0,0.0
15028,0.0,0.0,0.0,0.001524390243902439,0.0,0.0
15029,0.0,0.0,0.0,0.3847058823529412,0.0,0.0
15030,0.0,0.0,0.0,0.0,0.0,0.0
15031,0.0,0.0,0.0,0.0,0.0,0.0
15032,0.0,0.0,0.0,0.0,0.0,0.0
15033,0.0,0.0,0.0,0.0,0.0,0.0
15034,0.0,0.0,0.0,0.05882352941176471,0.0,0.0
15035,0.061677061677061676,0.0,0.0,0.0595980595980596,0.0,0.0
15036,0.0,0.0,0.0,0.07258938244853738,0.0,0.0
15037,0.0,0.0,0.0,0.0,0.0,0.0
15038,0.0,0.0,0.0,0.0,0.0,0.0
15039,0.0,0.0,0.0,0.0,0.0,0.0
15040,0.0,0.0,0.0,0.3899556868537665,0.0,0.0
15041,0.0,0.0,0.0,0.0,0.0,0.0
15042,0.0,0.0,0.0,0.013731825525040387,0.0,0.0
15043,0.0,0.0,0.0,0.0,0.0,0.0
15044,0.0,0.0,0.0,0.0,0.0,0.0
15045,0.0,0.0,0.0,0.0,0.0,0.0
15046,0.0,0.0,0.0,0.0,0.0,0.0
15047,0.0,0.0,0.0,0.2531328320802005,0.0,0.0
15048,0.0,0.0,0.0,0.05510204081632653,0.0,0.0
15049,0.0,0.0,0.0,0.0,0.0,0.0
15050,0.0,0.0,0.0,0.04693140794223827,0.0,0.0
15051,0.0,0.0,0.0,0.0,0.0,0.0
15052,0.0,0.0,0.0,0.0,0.0,0.0
15053,0.0,0.0,0.0,0.02321582115219261,0.0,0.0
15054,0.0,0.0,0.0,0.0,0.0,0.0
15055,0.0,0.0,0.0,0.015748031496062992,0.0,0.0
15056,0.0,0.0,0.0,0.017733990147783252,0.0,0.0
15057,0.0,0.0,0.0,0.0,0.0,0.0
15058,0.0,0.0,0.0,0.02806122448979592,0.0,0.0
15059,0.0,0.0,0.0,0.025094102885821836,0.0,0.0
15060,0.0,0.0,0.0,0.1867905056759546,0.0,0.0
15061,0.03631647211413749,0.0,0.0,0.03501945525291829,0.0,0.0
15062,0.0,0.0,0.0,0.016458196181698487,0.0,0.0
15063,0.0,0.0,0.0,0.0,0.0,0.0
15064,0.0,0.0,0.0,0.0,0.0,0.0
15065,0.0,0.0,0.0,0.07561929595827901,0.0,0.0
15066,0.0,0.0,0.0,0.0,0.0,0.0
15067,0.0,0.0,0.0,0.0,0.0,0.0
15068,0.0,0.0,0.0,0.006217616580310881,0.0,0.0
15069,0.0,0.0,0.0,0.0,0.0,0.0
15070,0.0,0.0,0.0,0.12116564417177915,0.0,0.0
15071,0.0,0.0,0.0,0.0,0.0,0.0
15072,0.06117021276595745,0.0,0.0,0.034574468085106384,0.0,0.0
15073,0.0,0.0,0.0,0.0,0.0,0.0
15074,0.0,0.0,0.0,0.057142857142857134,0.0,0.0
15075,0.0,0.0,0.0,0.04899135446685879,0.0,0.0
15076,0.0,0.0,0.0,0.0,0.0,0.0
15077,0.0,0.0,0.0,0.011764705882352941,0.0,0.0
15078,0.0,0.0,0.0,0.0,0.0,0.0
15079,0.0,0.0,0.0,0.0,0.0,0.0
15080,0.0,0.0,0.0,0.018153117600631413,0.0,0.0
15081,0.0,0.0,0.0,0.0,0.0,0.0
15082,0.0,0.0,0.0,0.0,0.0,0.0
15083,0.0,0.0,0.0,0.03559127439724455,0.0,0.0
15084,0.0,0.0,0.0,0.0,0.0,0.0
15085,0.0,0.0,0.0,0.02881844380403458,0.0,0.0
15086,0.0,0.0,0.0,0.0,0.0,0.0
15087,0.0,0.0,0.0,0.0,0.0,0.0
15088,0.0,0.0,0.0,0.0,0.0,0.0
15089,0.0,0.0,0.0,0.12997347480106097,0.0,0.0
15090,0.0,0.0,0.0,0.0,0.0,0.0
15091,0.0,0.0,0.0,0.047921071176885134,0.0,0.0
15092,0.0,0.0,0.0,0.21218074656188604,0.0,0.0
15093,0.0,0.0,0.0,0.030303030303030307,0.0,0.0
15094,0.0,0.0,0.0,0.0,0.0,0.0
15095,0.0,0.0,0.0,0.016260162601626018,0.0,0.0
15096,0.0,0.0,0.0,0.0018951358180669612,0.0,0.0
15097,0.0,0.0,0.0,0.0,0.0,0.0
15098,0.0,0.0,0.0,0.04738154613466334,0.0,0.0
15099,0.0,0.0,0.0,0.1514360313315927,0.0,0.0
15100,0.0,0.0,0.0,0.006334841628959276,0.0,0.0
15101,0.0,0.0,0.0,0.0,0.0,0.0
15102,0.0,0.0,0.0,0.009792626728110598,0.0,0.0
15103,0.0,0.0,0.0,0.0,0.0,0.0
15104,0.0,0.0,0.0,0.05737704918032788,0.0,0.0
15105,0.0,0.0,0.0,0.0,0.0,0.0
15106,0.0,0.0,0.0,0.0,0.0,0.0
15107,0.0,0.0,0.0,0.014480408858603069,0.0,0.0
15108,0.0,0.0,0.0,0.024615384615384612,0.0,0.0
15109,0.0,0.0,0.0,0.03188775510204082,0.0,0.0
15110,0.0,0.0,0.0,0.0,0.0,0.0
15111,0.0,0.0,0.0,0.0,0.0,0.0
15112,0.0,0.0,0.0,0.03476245654692932,0.0,0.0
15113,0.0,0.0,0.0,0.0,0.0,0.0
15114,0.0,0.0,0.0,0.040816326530612235,0.0,0.0
15115,0.0,0.0,0.0,0.0,0.0,0.0
15116,0.05891354246365722,0.0,0.0,0.1407804131599082,0.0,0.0
15117,0.0,0.0,0.0,0.2376237623762376,0.0,0.0
15118,0.0,0.0,0.0,0.1743119266055046,0.0,0.0
15119,0.0,0.0,0.0,0.14641288433382138,0.0,0.0
15120,0.0,0.0,0.0,0.0,0.0,0.0
15121,0.0,0.0,0.0,0.13193812556869886,0.0,0.0
15122,0.0,0.0,0.0,0.16116248348745044,0.0,0.0
15123,0.0,0.0,0.0,0.02,0.0,0.0
15124,0.0,0.0,0.0,0.0,0.0,0.0
15125,0.0,0.0,0.0,0.024459078080903102,0.0,0.0
15126,0.0,0.0,0.0,0.0,0.0,0.0
15127,0.0,0.0,0.0,0.0,0.0,0.0
15128,0.0,0.0,0.0,0.0,0.0,0.0
15129,0.0,0.0,0.0,0.0,0.0,0.0
15130,0.0,0.0,0.0,0.0,0.0,0.0
15131,0.0,0.0,0.0,0.08713692946058091,0.0,0.0
15132,0.0,0.0,0.0,0.06577777777777777,0.0,0.0
15133,0.0,0.0,0.0,0.0,0.0,0.0
15134,0.0,0.0,0.0,0.0,0.0,0.0
15135,0.0,0.0,0.0,0.0,0.0,0.0
15136,0.0,0.0,0.0,0.0,0.0,0.0
15137,0.0,0.0,0.0,0.048701298701298704,0.0,0.0
15138,0.0,0.0,0.0,0.0,0.0,0.0
15139,0.0,0.0,0.0,0.0,0.0,0.0
15140,0.0,0.0,0.0,0.0,0.0,0.0
15141,0.0,0.0,0.0,0.028350515463917526,0.0,0.0
15142,0.0,0.0,0.0,0.016736401673640166,0.0,0.0
15143,0.0,0.0,0.0,0.006796116504854369,0.0,0.0
15144,0.0,0.0,0.0,0.057231245166279976,0.0,0.0
15145,0.0,0.0,0.0,0.0,0.0,0.0
15146,0.0,0.0,0.0,0.0,0.0,0.0
15147,0.0,0.0,0.0,0.0,0.0,0.0
15148,0.0,0.0,0.0,0.0,0.0,0.0
15149,0.0,0.0,0.0,0.0,0.0,0.0
15150,0.0,0.0,0.0,0.0,0.0,0.0
15151,0.0,0.0,0.0,0.010678391959798994,0.0,0.0
15152,0.0,0.0,0.0,0.0,0.0,0.0
15153,0.0,0.0,0.0,0.0,0.0,0.0
15154,0.0,0.0,0.0,0.0,0.0,0.0
15155,0.0,0.0,0.0,0.22542735042735046,0.0,0.0
15156,0.0,0.0,0.0,0.0,0.0,0.0
15157,0.0,0.0,0.0,0.25184094256259204,0.0,0.0
15158,0.0,0.0,0.0,0.056218057921635436,0.0,0.0
15159,0.0,0.0,0.0,0.2126899016979446,0.0,0.0
15160,0.0,0.0,0.0,0.044662309368191724,0.0,0.0
15161,0.0,0.0,0.0,0.0,0.0,0.0
15162,0.0,0.0,0.0,0.0,0.0,0.0
15163,0.0,0.0,0.0,0.0,0.0,0.0
15164,0.0,0.0,0.0,0.018711018711018712,0.0,0.0
15165,0.0,0.0,0.0,0.0,0.0,0.0
15166,0.0,0.0,0.0,0.0,0.0,0.0
15167,0.0,0.0,0.0,0.0,0.0,0.0
15168,0.0,0.0,0.0,0.0,0.0,0.0
15169,0.0,0.0,0.0,0.0,0.0,0.0
15170,0.0,0.0,0.0,0.0,0.0,0.0
15171,0.0,0.0,0.0,0.0,0.0,0.0
15172,0.0,0.0,0.0,0.0,0.0,0.0
15173,0.0,0.0,0.0,0.0,0.0,0.0
15174,0.0,0.0,0.0,0.13775933609958507,0.0,0.0
15175,0.0,0.0,0.0,0.008522727272727272,0.0,0.0
15176,0.0,0.0,0.0,0.0,0.0,0.0
15177,0.0,0.0,0.0,0.2583732057416268,0.0,0.0
15178,0.0,0.0,0.0,1.0,0.0,0.0
15179,0.0,0.0,0.0,0.0,0.0,0.0
15180,0.0,0.0,0.0,0.0,0.0,0.0
15181,0.0,0.0,0.0,0.20689655172413796,0.0,0.0
15182,0.0,0.0,0.0,0.019452449567723344,0.0,0.0
15183,0.0,0.0,0.0,0.12411347517730495,0.0,0.0
15184,0.0,0.0,0.0,0.39184952978056425,0.0,0.0
15185,0.0,0.0,0.0,0.0,0.0,0.0
15186,0.0,0.0,0.0,0.0,0.0,0.0
15187,0.03383458646616541,0.0,0.0,0.0,0.0,0.0
15188,0.0,0.0,0.0,0.12880143112701253,0.0,0.0
15189,0.0,0.0,0.0,0.25925925925925924,0.0,0.0
15190,0.0,0.0,0.0,0.0,0.0,0.0
15191,0.0,0.0,0.0,0.0,0.0,0.0
15192,0.0,0.0,0.0,0.0,0.0,0.0
15193,0.0,0.0,0.0,0.0,0.0,0.0
15194,0.0,0.0,0.0,0.0,0.0,0.0
15195,0.0,0.0,0.0,0.13019390581717452,0.0,0.0
15196,0.0,0.0,0.0,0.18125,0.0,0.0
15197,0.0,0.0,0.0,0.0,0.0,0.0
15198,0.0,0.0,0.0,0.0,0.0,0.0
15199,0.0,0.0,0.0,0.0,0.0,0.0
15200,0.0,0.0,0.0,0.04288939051918736,0.0,0.0
15201,0.0,0.0,0.0,0.09428032683846638,0.0,0.0
15202,0.0,0.0,0.0,0.0,0.0,0.0
15203,0.0,0.0,0.0,0.0,0.0,0.0
15204,0.0,0.0,0.0,0.0,0.0,0.0
15205,0.0,0.0,0.0,0.0,0.0,0.0
15206,0.0,0.0,0.0,0.0,0.0,0.0
15207,0.0,0.0,0.0,0.0,0.0,0.0
15208,0.0,0.0,0.0,0.001530221882172915,0.0,0.0
15209,0.0,0.0,0.0,0.0,0.0,0.0
15210,0.0,0.0,0.0,0.018125,0.0,0.0
15211,0.0,0.0,0.0,0.0,0.0,0.0
15212,0.0,0.0,0.0,0.0,0.0,0.0
15213,0.0,0.0,0.0,0.011428571428571429,0.0,0.0
15214,0.0,0.0,0.0,0.0,0.0,0.0
15215,0.0,0.0,0.0,0.0,0.0,0.0
15216,0.0,0.0,0.0,0.0,0.0,0.0
15217,0.0,0.0,0.0,0.04203152364273205,0.0,0.0
15218,0.0,0.0,0.0,0.0,0.0,0.0
15219,0.0,0.0,0.0,0.0,0.0,0.0
15220,0.0,0.0,0.0,0.3827433628318584,0.0,0.0
15221,0.0,0.0,0.0,0.06194690265486725,0.0,0.0
15222,0.0,0.0,0.0,0.0,0.0,0.0
15223,0.0,0.0,0.0,0.09947643979057592,0.0,0.0
15224,0.0,0.0,0.0,0.0,0.0,0.0
15225,0.10232558139534884,0.0,0.0,0.14573643410852713,0.018604651162790697,0.0
15226,0.0,0.0,0.0,0.026785714285714284,0.0,0.0
15227,0.0,0.0,0.0,0.028328611898017,0.0,0.0
15228,0.0,0.0,0.0,0.0,0.0,0.0
15229,0.0,0.0,0.0,0.0,0.0,0.0
15230,0.0,0.0,0.0,0.002232142857142857,0.0,0.0
15231,0.0,0.0,0.0,0.0,0.0,0.0
15232,0.0,0.0,0.0,0.08585055643879172,0.0,0.0
15233,0.0,0.0,0.0,0.0,0.0,0.0
15234,0.0,0.0,0.0,0.03085177733065057,0.0,0.0
15235,0.0,0.0,0.0,0.0,0.0,0.0
15236,0.0,0.0,0.0,0.0,0.0,0.0
15237,0.0,0.0,0.0,0.25,0.0,0.0
15238,0.0,0.0,0.0,1.0,0.0,0.0
15239,0.0,0.0,0.0,0.15384615384615385,0.0,0.0
15240,0.0,0.0,0.0,0.0421644413211525,0.0,0.0
15241,0.0,0.0,0.0,0.08130081300813008,0.0,0.0
15242,0.0,0.0,0.0,0.0,0.0,0.0
15243,0.0,0.0,0.0,0.0,0.0,0.0
15244,0.0,0.0,0.0,0.0,0.0,0.0
15245,0.0,0.0,0.0,0.0020855057351407717,0.0,0.0
15246,0.0,0.06435643564356436,0.0,0.1188118811881188,0.0,0.0
15247,0.0,0.0,0.0,0.0009460737937559131,0.0,0.0
15248,0.0,0.0,0.0,0.0,0.0,0.0
15249,0.0,0.0,0.0,0.0009606147934678194,0.0,0.0
15250,0.0,0.0,0.0,0.4,0.0,0.0
15251,0.0,0.0,0.0,0.0398576512455516,0.0,0.0
15252,0.0,0.0,0.0,0.0338680926916221,0.0,0.0
15253,0.0,0.0,0.0,0.0,0.0,0.0
15254,0.0,0.0,0.0,0.13910093299406276,0.0,0.0
15255,0.0,0.0,0.0,0.0,0.0,0.0
15256,0.0,0.0,0.0,0.0,0.0,0.0
15257,0.0,0.0,0.0,0.09122085048010974,0.0,0.0
15258,0.0,0.0,0.0,0.125,0.0,0.0
15259,0.0,0.0,0.0,0.0,0.0,0.0
15260,0.0,0.0,0.0,0.0,0.0,0.0
15261,0.0,0.0,0.0,0.0,0.0,0.0
15262,0.0,0.0,0.0,0.10698689956331878,0.0,0.0
15263,0.0,0.0,0.0,0.057432432432432436,0.0,0.0
15264,0.0,0.0,0.0,0.0,0.0,0.0
15265,0.0,0.0,0.0,0.0,0.0,0.0
15266,0.0,0.0,0.0,0.05780346820809248,0.0,0.0
15267,0.0,0.0,0.0,0.0,0.0,0.0
15268,0.0,0.0,0.0,0.07356948228882834,0.0,0.0
15269,0.0,0.0,0.0,0.0,0.0,0.0
15270,0.0,0.0,0.0,0.0,0.0,0.0
15271,0.0,0.0,0.0,0.0,0.0,0.0
15272,0.0,0.0,0.0,0.0,0.0,0.0
15273,0.0,0.0,0.0,0.0,0.0,0.0
15274,0.0,0.0,0.0,0.04642857142857143,0.0,0.0
15275,0.0,0.0,0.0,0.03538461538461538,0.0,0.0
15276,0.0,0.0,0.0,0.021111111111111112,0.0,0.0
15277,0.0,0.0,0.0,0.0,0.0,0.0
15278,0.0,0.0,0.0,0.006420545746388443,0.0,0.0
15279,0.0,0.0,0.0,0.0,0.0,0.0
15280,0.0,0.0,0.0,0.037642045454545456,0.0,0.0
15281,0.0,0.0,0.0,0.0,0.0,0.0
15282,0.0,0.0,0.0,0.0,0.0,0.0
15283,0.0,0.0,0.0,0.0,0.0,0.0
15284,0.0,0.0,0.0,0.10714285714285714,0.0,0.0
15285,0.0,0.0,0.0,0.01378070701018574,0.0,0.0
15286,0.0,0.0,0.0,0.025,0.0,0.0
15287,0.0,0.0,0.0,0.0,0.0,0.0
15288,0.0,0.0,0.0,0.21820062047569805,0.0,0.0
15289,0.0,0.0,0.0,0.03594771241830065,0.0,0.0
15290,0.0,0.0,0.0,0.0,0.0,0.0
15291,0.0,0.0,0.0,0.25,0.0,0.0
15292,0.0,0.0,0.0,0.11278195488721805,0.0,0.0
15293,0.0,0.0,0.0,0.0,0.0,0.0
15294,0.0,0.0,0.0,0.0,0.0,0.0
15295,0.0,0.0,0.0,0.0010416666666666669,0.0,0.0
15296,0.0,0.0,0.0,0.14315569487983282,0.0,0.0
15297,0.0,0.0,0.0,0.6316916488222698,0.0,0.0
15298,0.10964912280701754,0.0,0.0,0.0,0.0,0.0
15299,0.0,0.0,0.0,0.21428571428571427,0.0,0.0
15300,0.0,0.0,0.0,0.04646840148698885,0.0,0.0
15301,0.0,0.0,0.0,0.0,0.0,0.0
15302,0.0,0.0,0.0,0.3641674780915287,0.0,0.0
15303,0.0,0.0,0.0,0.0,0.0,0.0
15304,0.0,0.0,0.0,0.0,0.0,0.0
15305,0.0,0.0,0.0,0.0,0.0,0.0
15306,0.0,0.0,0.0,0.025330396475770924,0.0,0.0
15307,0.0,0.0,0.0,0.0,0.0,0.0
15308,0.0,0.0,0.0,0.0,0.0,0.0
15309,0.0,0.0,0.0,0.0,0.0,0.0
15310,0.0,0.0,0.0,0.04428904428904429,0.0,0.0
15311,0.0,0.0,0.0,0.12,0.0,0.0
15312,0.0,0.0,0.0,0.0,0.0,0.0
15313,0.0,0.0,0.0,0.2184873949579832,0.0,0.0
15314,0.0,0.0,0.0,0.0,0.0,0.0
15315,0.0,0.0,0.0,0.0,0.0,0.0
15316,0.02,0.0,0.0,0.1775,0.0,0.0
15317,0.0,0.0,0.0,0.0,0.0,0.0
15318,0.0,0.0,0.0,0.011650485436893204,0.0,0.0
15319,0.0,0.0,0.0,0.21143847487001727,0.0,0.0
15320,0.0,0.0,0.0,0.0,0.0,0.0
15321,0.0,0.0,0.0,0.0423728813559322,0.0,0.0
15322,0.010745466756212223,0.0,0.0,0.06783075889858965,0.0,0.0
15323,0.0,0.0,0.0,0.08994082840236686,0.0,0.0
15324,0.0,0.0,0.0,0.0,0.0,0.0
15325,0.0,0.0,0.0,0.020719738276990186,0.0,0.0
15326,0.0,0.0,0.0,0.021243115656963026,0.0,0.0
15327,0.0,0.0,0.0,0.0,0.0,0.0
15328,0.0,0.0,0.0,0.0,0.0,0.0
15329,0.0,0.0,0.0,0.03015075376884422,0.0,0.0
15330,0.0,0.0,0.0,0.0,0.0,0.0
15331,0.0,0.0,0.0,0.0,0.0,0.0
15332,0.0,0.0,0.0,0.0,0.0,0.0
15333,0.0,0.0,0.0,0.0,0.0,0.0
15334,0.0,0.0,0.0,0.0,0.0,0.0
15335,0.0,0.0,0.0,0.0,0.0,0.0
15336,0.0,0.0,0.0,0.0425531914893617,0.0,0.0
15337,0.0,0.0,0.0,0.0,0.0,0.0
15338,0.0,0.0,0.0,0.006044905008635579,0.0,0.0
15339,0.0,0.0,0.0,0.0,0.0,0.0
15340,0.0,0.0,0.0,0.033179012345679014,0.0,0.0
15341,0.0,0.0,0.0,0.018433179723502304,0.0,0.0
15342,0.0,0.0,0.0,0.2051460361613352,0.0,0.0
15343,0.0,0.0,0.0,0.36538461538461536,0.0,0.0
15344,0.014475271411338963,0.014475271411338963,0.0,0.021712907117008445,0.006031363088057901,0.006031363088057901
15345,0.0,0.0,0.0,0.0,0.0,0.0
15346,0.0,0.0,0.0,0.0,0.0,0.0
15347,0.0,0.0,0.0,0.0,0.0,0.0
15348,0.0,0.0,0.0,0.10342205323193916,0.0,0.0
15349,0.0,0.0,0.0,0.003430531732418525,0.0,0.0
15350,0.0,0.0,0.0,0.0,0.0,0.0
15351,0.0,0.0,0.0,0.0,0.0,0.0
15352,0.0,0.0,0.0,0.0,0.0,0.0
15353,0.0,0.0,0.0,0.0,0.0,0.0
15354,0.0,0.0,0.0,0.0,0.0,0.0
15355,0.0,0.0,0.0,0.0,0.0,0.0
15356,0.0,0.0,0.0,0.0,0.0,0.0
15357,0.0,0.0,0.0,0.024454148471615717,0.0,0.0
15358,0.0,0.0,0.0,0.0,0.0,0.0
15359,0.0,0.0,0.0,0.0,0.0,0.0
15360,0.0,0.0,0.0,0.0,0.0,0.0
15361,0.0,0.0,0.0,0.06761006289308176,0.0,0.0
15362,0.0,0.0,0.0,0.0,0.0,0.0
15363,0.0,0.0,0.0,0.020512820512820516,0.0,0.0
15364,0.0,0.0,0.0,0.02670623145400593,0.0,0.0
15365,0.0,0.0,0.0,0.041988950276243095,0.0,0.0
15366,0.0,0.0,0.0,0.0,0.0,0.0
15367,0.0,0.0,0.0,0.0,0.0,0.0
15368,0.0,0.0,0.0,0.0,0.0,0.0
15369,0.0,0.0,0.0,0.0,0.0,0.0
15370,0.0,0.0,0.0,0.0007142857142857143,0.0,0.0
15371,0.0,0.0,0.0,0.0,0.0,0.0
15372,0.0,0.0,0.0,0.16326530612244894,0.0,0.0
15373,0.0,0.0,0.0,0.03787878787878788,0.0,0.0
15374,0.08287292817679558,0.0,0.0,0.18232044198895028,0.0,0.0
15375,0.0,0.0,0.0,0.055813953488372085,0.0,0.0
15376,0.0,0.0,0.0,0.0,0.0,0.0
15377,0.0,0.0,0.0,0.2687782805429864,0.0,0.0
15378,0.0,0.0,0.0,0.0,0.0,0.0
15379,0.0,0.0,0.0,0.0063202247191011226,0.0,0.0
15380,0.0,0.0,0.0,0.01950487621905476,0.0,0.0
15381,0.0,0.0,0.0,0.014115092290988056,0.0,0.0
15382,0.0,0.0,0.0,0.0,0.0,0.0
15383,0.0,0.0,0.0,0.034013605442176874,0.0,0.0
15384,0.0,0.0,0.0,0.04927211646136618,0.0,0.0
15385,0.0,0.0,0.0,0.0,0.0,0.0
15386,0.0,0.0,0.0,0.0,0.0,0.0
15387,0.0,0.0,0.0,0.0,0.0,0.0
15388,0.0,0.0,0.0,0.16666666666666666,0.0,0.0
15389,0.0,0.0,0.0,0.0,0.0,0.0
15390,0.0,0.0,0.0,0.02390216787103946,0.0,0.0
15391,0.0,0.0,0.0,0.0,0.0,0.0
15392,0.0,0.0,0.0,0.0,0.0,0.0
15393,0.0,0.0,0.0,0.006582556226001097,0.0,0.0
15394,0.0,0.0,0.0,0.0,0.0,0.0
15395,0.0,0.0,0.0,0.0,0.0,0.0
15396,0.0,0.0,0.0,0.010447761194029851,0.0,0.0
15397,0.0,0.0,0.0,0.0,0.0,0.0
15398,0.0,0.0,0.0,0.0,0.0,0.0
15399,0.0,0.0,0.0,0.016119032858028518,0.0,0.0
15400,0.0,0.0,0.0,0.0,0.0,0.0
15401,0.0,0.0,0.0,0.0,0.0,0.0
15402,0.0,0.0,0.0,0.1562867215041128,0.0,0.0
15403,0.0,0.0,0.0,0.2479627473806752,0.0,0.0
15404,0.0,0.0,0.0,0.0,0.0,0.0
15405,0.0,0.0,0.0,0.04929577464788732,0.0,0.0
15406,0.0,0.0,0.0,0.0,0.0,0.0
15407,0.0,0.0,0.0,0.0,0.0,0.0
15408,0.0,0.0,0.0,0.03907074973600845,0.0,0.0
15409,0.0,0.0,0.0,0.036036036036036036,0.0,0.0
15410,0.0,0.0,0.0,0.0,0.0,0.0
15411,0.0,0.0,0.0,0.0,0.0,0.0
15412,0.0,0.0,0.0,0.03714710252600297,0.0,0.0
15413,0.0,0.0,0.0,0.0,0.0,0.0
15414,0.0,0.0,0.0,0.07897071872227153,0.0,0.0
15415,0.0,0.0,0.0,0.0,0.0,0.0
15416,0.0,0.0,0.0,0.006374501992031873,0.0,0.0
15417,0.0,0.0,0.0,0.0,0.0,0.0
15418,0.0,0.0,0.0,0.024107142857142855,0.0,0.0
15419,0.04008016032064128,0.02004008016032064,0.02004008016032064,0.04408817635270541,0.0,0.0
15420,0.0,0.0,0.0,0.0903954802259887,0.0,0.0
15421,0.0,0.0,0.0,0.0,0.0,0.0
15422,0.0,0.0,0.0,0.0,0.0,0.0
15423,0.0,0.0,0.0,0.0,0.0,0.0
15424,0.0,0.0,0.0,0.0,0.0,0.0
15425,0.0,0.0,0.0,0.0,0.0,0.0
15426,0.0,0.0,0.0,0.13248638838475502,0.0,0.0
15427,0.0,0.0,0.0,0.0,0.0,0.0
15428,0.0,0.0,0.0,0.0037678975131876405,0.0,0.0
15429,0.0,0.0,0.0,0.0,0.0,0.0
15430,0.0,0.0,0.0,0.0,0.0,0.0
15431,0.0,0.0,0.0,0.0,0.0,0.0
15432,0.0,0.0,0.0,0.02665350444225074,0.0,0.0
15433,0.0,0.0,0.0,0.0,0.0,0.0
15434,0.0,0.0,0.0,0.0,0.0,0.0
15435,0.0,0.0,0.0,0.0,0.0,0.0
15436,0.0,0.0,0.0,0.0,0.0,0.0
15437,0.0,0.0,0.0,0.047106325706594884,0.0,0.0
15438,0.0,0.0,0.0,0.06266548984995587,0.0,0.0
15439,0.0,0.0,0.0,0.0,0.0,0.0
15440,0.0,0.0,0.0,0.02039329934450109,0.0,0.0
15441,0.0,0.0,0.0,0.1891891891891892,0.0,0.0
15442,0.0,0.0,0.0,0.021951219512195117,0.0,0.0
15443,0.0,0.0,0.0,0.12883435582822084,0.0,0.0
15444,0.0,0.0,0.0,0.0,0.0,0.0
15445,0.0,0.0,0.0,0.01564129301355579,0.0,0.0
15446,0.0,0.0,0.0,0.003947368421052632,0.0,0.0
15447,0.0,0.0,0.0,0.1915584415584416,0.0,0.0
15448,0.0,0.0,0.0,0.0,0.0,0.0
15449,0.011650485436893204,0.0,0.0,0.11650485436893206,0.0,0.011650485436893204
15450,0.0,0.0,0.0,0.08955223880597014,0.0,0.0
15451,0.0,0.0,0.0,0.0,0.0,0.0
15452,0.0,0.0,0.0,0.0,0.0,0.0
15453,0.0,0.0,0.0,0.0,0.0,0.0
15454,0.0,0.0,0.0,0.0,0.0,0.0
15455,0.0,0.0,0.0,0.0,0.0,0.0
15456,0.0,0.0,0.0,0.05732899022801303,0.0,0.0
15457,0.0,0.0,0.0,0.046263345195729534,0.0,0.0
15458,0.0,0.0,0.0,0.0,0.0,0.0
15459,0.0,0.0,0.0,0.0,0.0,0.0
15460,0.0,0.0,0.0,0.01397712833545108,0.0,0.0
15461,0.0,0.0,0.0,0.0,0.0,0.0
15462,0.0,0.0,0.0,0.0,0.0,0.0
15463,0.2058823529411765,0.0,0.0,0.029411764705882356,0.0,0.0
15464,0.0,0.0,0.0,0.0,0.0,0.0
15465,0.0,0.0,0.0,0.017295597484276733,0.0,0.0
15466,0.0,0.0,0.0,0.03130148270181219,0.0,0.0
15467,0.0,0.0,0.0,0.0,0.0,0.0
15468,0.0,0.0,0.0,0.0,0.0,0.0
15469,0.0,0.0,0.0,0.0,0.0,0.0
15470,0.0,0.0,0.0,0.10067114093959732,0.0,0.0
15471,0.0,0.0,0.0,0.0,0.0,0.0
15472,0.0,0.0,0.0,0.10569105691056913,0.0,0.0
15473,0.0,0.0,0.0,0.0,0.0,0.0
15474,0.0,0.0,0.0,0.0,0.0,0.0
15475,0.0,0.0,0.0,0.0,0.0,0.0
15476,0.0,0.0,0.0,0.04548540393754243,0.0,0.0
15477,0.0,0.0,0.0,0.02545068928950159,0.0,0.0
15478,0.0,0.0,0.0,0.0,0.0,0.0
15479,0.0,0.0,0.0,0.0,0.0,0.0
15480,0.0,0.0,0.0,0.0,0.0,0.0
15481,0.0,0.0,0.0,0.0,0.0,0.0
15482,0.0,0.0,0.0,0.0,0.0,0.0
15483,0.0,0.0,0.0,0.04878048780487805,0.0,0.0
15484,0.0,0.0,0.0,0.0,0.0,0.0
15485,0.0,0.0,0.0,0.0,0.0,0.0
15486,0.0,0.0,0.0,0.015706806282722512,0.0,0.0
15487,0.0,0.0,0.0,0.0,0.0,0.0
15488,0.0,0.0,0.0,0.005443234836702955,0.0,0.0
15489,0.0,0.0,0.0,0.08771929824561403,0.0,0.0
15490,0.0,0.0,0.0,0.016826923076923076,0.0,0.0
15491,0.0,0.0,0.0,0.13711790393013099,0.0,0.0
15492,0.0,0.0,0.0,0.0,0.0,0.0
15493,0.0,0.0,0.0,0.039080459770114935,0.0,0.0
15494,0.0,0.0,0.0,0.12972972972972974,0.0,0.0
15495,0.0,0.0,0.0,0.02265625,0.0,0.0
15496,0.0,0.0,0.0,0.0,0.0,0.0
15497,0.0,0.0,0.0,0.0,0.0,0.0
15498,0.0,0.0,0.0,0.0,0.0,0.0
15499,0.0,0.0,0.0,0.0,0.0,0.0
15500,0.0,0.0,0.0,0.2222222222222222,0.0,0.0
15501,0.0,0.0,0.0,0.014492753623188406,0.0,0.0
15502,0.0,0.0,0.0,0.0,0.0,0.0
15503,0.0,0.0,0.0,0.0,0.0,0.0
15504,0.0,0.0,0.0,0.030612244897959183,0.0,0.0
15505,0.0,0.0,0.0,0.03017241379310345,0.0,0.0
15506,0.0,0.0,0.0,0.0,0.0,0.0
15507,0.0,0.0,0.0,0.0,0.0,0.0
15508,0.0,0.0,0.0,0.0,0.0,0.0
15509,0.0,0.0,0.0,0.022756005056890013,0.0,0.0
15510,0.0,0.0,0.0,0.0,0.0,0.0
15511,0.0,0.0,0.0,0.0,0.0,0.0
15512,0.0,0.0,0.0,0.0,0.0,0.0
15513,0.0,0.0,0.0,0.25406203840472674,0.0,0.0
15514,0.0,0.0,0.0,0.0,0.0,0.0
15515,0.0,0.0,0.0,0.0,0.0,0.0
15516,0.0,0.0,0.0,0.2222222222222222,0.0,0.0
15517,0.0,0.0,0.0,0.0,0.0,0.0
15518,0.0,0.0,0.0,0.0,0.0,0.0
15519,0.0,0.0,0.0,0.0,0.0,0.0
15520,0.0,0.0,0.0,0.16748768472906406,0.0,0.0
15521,0.0,0.0,0.0,0.0,0.0,0.0
15522,0.0,0.0,0.0,0.0,0.0,0.0
15523,0.0,0.0,0.0,0.030012004801920768,0.0,0.0
15524,0.0,0.0,0.0,0.0,0.0,0.0
15525,0.0,0.0,0.0,0.0,0.0,0.0
15526,0.0,0.0,0.0,0.005847953216374269,0.0,0.0
15527,0.0,0.0,0.0,0.02945301542776998,0.0,0.0
15528,0.0,0.0,0.0,0.06839032527105922,0.0,0.0
15529,0.0,0.0,0.0,0.0,0.0,0.0
15530,0.0,0.0,0.0,0.07707129094412331,0.0,0.0
15531,0.0,0.0,0.0,0.0,0.0,0.0
15532,0.0,0.0,0.0,0.0,0.0,0.0
15533,0.0,0.0,0.0,0.0054200542005420045,0.0,0.0
15534,0.0,0.0,0.0,0.0,0.0,0.0
15535,0.0,0.0,0.0,0.0,0.0,0.0
15536,0.0,0.0,0.0,0.022797927461139896,0.0,0.0
15537,0.0,0.0,0.0,0.0,0.0,0.0
15538,0.0,0.0,0.0,0.0,0.0,0.0
15539,0.0,0.0,0.0,0.018425460636515914,0.0,0.0
15540,0.0,0.0,0.0,0.0,0.0,0.0
15541,0.0,0.0,0.0,0.0,0.0,0.0
15542,0.0,0.0,0.0,0.0,0.0,0.0
15543,0.0,0.0,0.0,0.0,0.0,0.0
15544,0.05882352941176471,0.0,0.0,0.392156862745098,0.0,0.0
15545,0.0,0.0,0.0,0.0,0.0,0.0
15546,0.0,0.0,0.0,0.0,0.0,0.0
15547,0.0,0.0,0.0,0.0,0.0,0.0
15548,0.0,0.0,0.0,0.0,0.0,0.0
15549,0.0,0.0,0.0,0.0,0.0,0.0
15550,0.0,0.0,0.0,0.0,0.0,0.0
15551,0.0,0.0,0.0,0.020032051282051284,0.0,0.0
15552,0.0,0.0,0.0,0.3888888888888889,0.0,0.0
15553,0.0,0.0,0.0,0.0,0.0,0.0
15554,0.0,0.0,0.0,0.045977011494252866,0.0,0.0
15555,0.0,0.0,0.0,0.0,0.0,0.0
15556,0.0,0.0,0.0,0.029513888888888888,0.0,0.0
15557,0.0,0.0,0.0,0.0,0.0,0.0
15558,0.0,0.0,0.0,0.0,0.0,0.0
15559,0.0,0.0,0.0,0.0,0.0,0.0
15560,0.0,0.0,0.0,0.18857142857142856,0.0,0.0
15561,0.0,0.0,0.0,0.0,0.0,0.0
15562,0.0,0.0,0.0,0.0,0.0,0.0
15563,0.0,0.0,0.0,0.6120218579234973,0.0,0.0
15564,0.0,0.0,0.0,0.02603550295857988,0.0,0.0
15565,0.0,0.0,0.0,0.0,0.0,0.0
15566,0.0,0.0,0.0,0.02255054432348367,0.0,0.0
15567,0.0,0.0,0.0,0.0,0.0,0.0
15568,0.0,0.0,0.0,0.15555555555555556,0.0,0.0
15569,0.0,0.0,0.0,0.0,0.0,0.0
15570,0.0,0.0,0.0,0.07011070110701106,0.0,0.0
15571,0.0,0.0,0.0,0.0,0.0,0.0
15572,0.0,0.0,0.0,0.011511895625479662,0.0,0.0
15573,0.0,0.0,0.0,0.0970464135021097,0.0,0.0
15574,0.0,0.0,0.0,0.0,0.0,0.0
15575,0.0,0.0,0.0,0.030516431924882632,0.0,0.0
15576,0.0,0.0,0.0,0.02003338898163606,0.0,0.0
15577,0.021023125437981783,0.0,0.0,0.04344779257182901,0.0,0.0
15578,0.0,0.0,0.0,0.0,0.0,0.0
15579,0.0,0.0,0.0,0.02017484868863484,0.0,0.0
15580,0.0,0.0,0.0,0.0,0.0,0.0
15581,0.07168458781362007,0.035842293906810034,0.035842293906810034,0.08721624850657109,0.0,0.0
15582,0.0,0.0,0.0,0.04621848739495799,0.0,0.0
15583,0.0,0.0,0.0,0.061679790026246725,0.0,0.0
15584,0.0,0.0,0.0,0.0,0.0,0.0
15585,0.0,0.0,0.0,0.0019083969465648852,0.0,0.0
15586,0.0,0.0,0.0,0.10566356720202874,0.0,0.0
15587,0.0,0.0,0.0,0.3124128312412831,0.0,0.0
15588,0.0,0.0,0.0,0.0,0.0,0.0
15589,0.0218209179834462,0.0,0.0,0.05417607223476298,0.0,0.0
15590,0.0,0.0,0.0,0.0,0.0,0.0
15591,0.0,0.0,0.0,0.0,0.0,0.0
15592,0.0,0.0,0.0,0.0,0.0,0.0
15593,0.0,0.0,0.0,0.0,0.0,0.0
15594,0.0,0.0,0.0,0.0,0.0,0.0
15595,0.0,0.0,0.0,0.0,0.0,0.0
15596,0.0,0.0,0.0,0.0,0.0,0.0
15597,0.0,0.0,0.0,0.0,0.0,0.0
15598,0.0,0.0,0.0,0.0,0.0,0.0
15599,0.0,0.0,0.0,0.0024630541871921183,0.0,0.0
15600,0.0,0.0,0.0,0.08333333333333333,0.0,0.0
15601,0.0,0.0,0.0,0.027918781725888325,0.0,0.0
15602,0.0,0.0,0.0,0.0,0.0,0.0
15603,0.0,0.0,0.0,0.0,0.0,0.0
15604,0.0,0.0,0.0,0.0,0.0,0.0
15605,0.0,0.0,0.0,0.65,0.0,0.0
15606,0.0,0.0,0.0,0.06335616438356165,0.0,0.0
15607,0.0,0.0,0.0,0.0,0.0,0.0
15608,0.0,0.0,0.0,0.0,0.0,0.0
15609,0.0,0.0,0.0,0.0025493945188017845,0.0,0.0
15610,0.0,0.0,0.0,0.0,0.0,0.0
15611,0.0,0.0,0.0,0.0,0.0,0.0
15612,0.0,0.0,0.0,0.0,0.0,0.0
15613,0.0,0.0,0.0,0.02290748898678414,0.0,0.0
15614,0.0,0.0,0.0,0.09899328859060402,0.0,0.0
15615,0.0,0.0,0.0,0.0,0.0,0.0
15616,0.0,0.0,0.0,0.0,0.0,0.0
15617,0.0,0.0,0.0,0.0,0.0,0.0
15618,0.0,0.0,0.0,0.0,0.0,0.0
15619,0.0,0.0,0.0,0.09431345353675452,0.0,0.0
15620,0.0,0.0,0.0,0.0,0.0,0.0
15621,0.0,0.0,0.0,0.008094186902133923,0.0,0.0
15622,0.0,0.0,0.0,0.0,0.0,0.0
15623,0.0,0.0,0.0,0.002597402597402597,0.0,0.0
15624,0.0,0.0,0.0,0.025559105431309903,0.0,0.0
15625,0.0,0.0,0.0,0.0,0.0,0.0
15626,0.0,0.0,0.0,0.0,0.0,0.0
15627,0.0,0.0,0.0,0.019011406844106463,0.0,0.0
15628,0.0,0.0,0.0,0.0,0.0,0.0
15629,0.0,0.0,0.0,0.0,0.0,0.0
15630,0.0,0.0,0.0,0.0,0.0,0.0
15631,0.0,0.0,0.0,0.034782608695652174,0.0,0.0
15632,0.0,0.0,0.0,0.0,0.0,0.0
15633,0.0,0.0,0.0,0.3700862895493768,0.0,0.0
15634,0.0,0.0,0.0,0.0,0.0,0.0
15635,0.0,0.0,0.0,0.0,0.0,0.0
15636,0.0,0.0,0.0,0.0,0.0,0.0
15637,0.0,0.0,0.0,0.0,0.0,0.0
15638,0.0,0.0,0.0,0.0,0.0,0.0
15639,0.0,0.0,0.0,0.1092436974789916,0.0,0.0
15640,0.0,0.0,0.0,0.3295019157088123,0.0,0.0
15641,0.0,0.0,0.0,0.0,0.0,0.0
15642,0.0,0.0,0.0,0.0,0.0,0.0
15643,0.0,0.0,0.0,0.0,0.0,0.0
15644,0.0,0.0,0.0,0.0,0.0,0.0
15645,0.0,0.0,0.0,0.0,0.0,0.0
15646,0.0,0.0,0.0,0.008090614886731391,0.0,0.0
15647,0.0,0.0,0.0,0.0,0.0,0.0
15648,0.0,0.0,0.0,0.29411764705882354,0.0,0.0
15649,0.0,0.0,0.0,0.0,0.0,0.0
15650,0.0,0.0,0.0,0.0,0.0,0.0
15651,0.0,0.0,0.0,0.0,0.0,0.0
15652,0.0,0.0,0.0,0.2220873786407767,0.0,0.0
15653,0.0,0.0,0.0,0.0,0.0,0.0
15654,0.0,0.0,0.0,0.0,0.0,0.0
15655,0.0,0.0,0.0,0.07390300230946882,0.0,0.0
15656,0.0,0.0,0.0,0.0,0.0,0.0
15657,0.0,0.0,0.0,0.0,0.0,0.0
15658,0.0,0.0,0.0,0.015683814303638646,0.0,0.0
15659,0.0,0.0,0.0,0.0,0.0,0.0
15660,0.0,0.0,0.0,0.07575757575757576,0.0,0.0
15661,0.0,0.0,0.0,0.06382978723404255,0.0,0.0
15662,0.0,0.0,0.0,0.032439176543980035,0.0,0.0
15663,0.0,0.0,0.0,0.0,0.0,0.0
15664,0.0,0.0,0.0,0.0,0.0,0.0
15665,0.0,0.0,0.0,0.0,0.0,0.0
15666,0.0,0.0,0.0,0.05755395683453238,0.0,0.0
15667,0.0,0.0,0.0,0.0,0.0,0.0
15668,0.0,0.0,0.0,0.0,0.0,0.0
15669,0.0,0.0,0.0,0.0,0.0,0.0
15670,0.0,0.0,0.0,0.022794846382556987,0.0,0.0
15671,0.0,0.0,0.0,0.0,0.0,0.0
15672,0.0,0.0,0.0,0.14285714285714285,0.0,0.0
15673,0.0,0.0,0.0,0.028287461773700305,0.0,0.0
15674,0.0,0.0,0.0,0.0,0.0,0.0
15675,0.0,0.0,0.0,0.11174785100286533,0.0,0.0
15676,0.0,0.0,0.0,0.18161180476730987,0.0,0.0
15677,0.0,0.0,0.0,0.055,0.0,0.0
15678,0.0,0.0,0.0,0.0,0.0,0.0
15679,0.0,0.0,0.0,0.0,0.0,0.0
15680,0.0,0.0,0.0,0.005600497822028625,0.0,0.0
15681,0.0,0.0,0.0,0.0,0.0,0.0
15682,0.0,0.0,0.0,0.06796116504854369,0.0,0.0
15683,0.0,0.0,0.0,0.024347826086956518,0.0,0.0
15684,0.0,0.0,0.0,0.0,0.0,0.0
15685,0.0,0.0,0.0,1.0,0.0,0.0
15686,0.0,0.0,0.0,0.03255813953488372,0.0,0.0
15687,0.0,0.0,0.0,0.0,0.0,0.0
15688,0.0,0.0,0.0,0.26495726495726496,0.0,0.0
15689,0.0,0.0,0.0,0.01717791411042945,0.0,0.0
15690,0.0,0.0,0.0,0.0472972972972973,0.0,0.0
15691,0.0,0.0,0.0,0.08436724565756824,0.0,0.0
15692,0.0,0.0,0.0,0.0,0.0,0.0
15693,0.0,0.0,0.0,0.0,0.0,0.0
15694,0.0,0.0,0.0,0.0,0.0,0.0
15695,0.0,0.0,0.0,0.0,0.0,0.0
15696,0.0,0.0,0.0,0.068359375,0.0,0.0
15697,0.0,0.0,0.0,0.0,0.0,0.0
15698,0.0,0.0,0.0,0.0,0.0,0.0
15699,0.0,0.0,0.0,0.0,0.0,0.0
15700,0.0,0.0,0.0,0.008090614886731391,0.0,0.0
15701,0.0,0.0,0.0,0.0390032502708559,0.0,0.0
15702,0.0,0.0,0.0,0.0,0.0,0.0
15703,0.0,0.0,0.0,0.0,0.0,0.0
15704,0.0,0.0,0.0,0.0,0.0,0.0
15705,0.0,0.0,0.0,0.0,0.0,0.0
15706,0.0,0.0,0.0,0.14606741573033707,0.0,0.0
15707,0.0,0.0,0.0,0.0,0.0,0.0
15708,0.0,0.0,0.0,0.0,0.0,0.0
15709,0.0,0.0,0.0,0.0,0.0,0.0
15710,0.0,0.0,0.0,0.2290322580645161,0.0,0.0
15711,0.0,0.0,0.0,0.0,0.0,0.0
15712,0.0,0.0,0.0,0.0,0.0,0.0
15713,0.0,0.0,0.0,0.0,0.0,0.0
15714,0.0,0.0,0.0,0.0,0.0,0.0
15715,0.0,0.0,0.0,0.0,0.0,0.0
15716,0.0121765601217656,0.0,0.0,0.15449010654490106,0.0,0.0
15717,0.0,0.0,0.0,0.0,0.0,0.0
15718,0.0,0.0,0.0,0.010101010101010102,0.0,0.0
15719,0.0,0.0,0.0,0.0,0.0,0.0
15720,0.0,0.0,0.0,0.0,0.0,0.0
15721,0.0,0.0,0.0,0.0,0.0,0.0
15722,0.0,0.0,0.0,0.0,0.0,0.0
15723,0.0,0.0,0.0,0.02457002457002457,0.0,0.0
15724,0.0,0.0,0.0,0.0,0.0,0.0
15725,0.0,0.0,0.0,0.0070028011204481795,0.0,0.0
15726,0.0,0.0,0.0,0.0,0.0,0.0
15727,0.0,0.0,0.0,0.0,0.0,0.0
15728,0.1292372881355932,0.0,0.0,0.1885593220338983,0.0,0.0
15729,0.0,0.0,0.0,0.0,0.0,0.0
15730,0.0,0.0,0.0,0.0,0.0,0.0
15731,0.0,0.0,0.0,0.01819836214740673,0.0,0.0
15732,0.0,0.0,0.0,0.0,0.0,0.0
15733,0.0,0.0,0.0,0.11447084233261337,0.0,0.0
15734,0.07229612492770388,0.016194331983805668,0.016194331983805668,0.059572006940428,0.0,0.0
15735,0.0,0.0,0.0,0.0,0.0,0.0
15736,0.0,0.0,0.0,0.0,0.0,0.0
15737,0.0,0.0,0.0,0.03377563329312425,0.0,0.0
15738,0.0,0.0,0.0,0.0,0.0,0.0
15739,0.0,0.0,0.0,0.0,0.0,0.0
15740,0.0,0.0,0.0,0.021657250470809797,0.0,0.0
15741,0.0,0.0,0.0,0.0012300123001230013,0.0,0.0
15742,0.0,0.0,0.0,0.017369727047146403,0.0,0.0
15743,0.0,0.0,0.0,0.0037064492216456633,0.0,0.0
15744,0.0,0.0,0.0,0.0,0.0,0.0
15745,0.0,0.0,0.0,0.014752370916754482,0.0,0.0
15746,0.0,0.0,0.0,0.0,0.0,0.0
15747,0.0,0.0,0.0,0.0,0.0,0.0
15748,0.0,0.0,0.0,0.0,0.0,0.0
15749,0.0,0.0,0.0,0.0,0.0,0.0
15750,0.0,0.0,0.0,0.0,0.0,0.0
15751,0.0,0.0,0.0,0.0,0.0,0.0
15752,0.0,0.0,0.0,0.022421524663677132,0.0,0.0
15753,0.0,0.0,0.0,0.0,0.0,0.0
15754,0.0,0.0,0.0,0.0,0.0,0.0
15755,0.0,0.0,0.0,0.07608695652173914,0.0,0.0
15756,0.0,0.0,0.0,0.009761388286334056,0.0,0.0
15757,0.0,0.0,0.0,0.1000813669650122,0.0,0.0
15758,0.0,0.0,0.0,0.058214747736093135,0.0,0.0
15759,0.0,0.0,0.0,0.0,0.0,0.0
15760,0.0,0.0,0.0,0.0,0.0,0.0
15761,0.0,0.0,0.0,0.0,0.0,0.0
15762,0.0,0.0,0.0,0.03057199211045365,0.0,0.0
15763,0.0,0.0,0.0,0.07692307692307693,0.0,0.0
15764,0.0,0.0,0.0,0.0,0.0,0.0
15765,0.0,0.0,0.0,0.0,0.0,0.0
15766,0.0,0.0,0.0,0.2533333333333333,0.0,0.0
15767,0.0,0.0,0.0,0.0,0.0,0.0
15768,0.0,0.0,0.0,0.027196652719665274,0.0,0.0
15769,0.0,0.0,0.0,0.0,0.0,0.0
15770,0.0,0.0,0.0,0.019115890083632014,0.0,0.0
15771,0.0,0.0,0.0,0.23507462686567165,0.0,0.0
15772,0.0,0.0,0.0,0.0,0.0,0.0
15773,0.0,0.0,0.0,0.16352201257861634,0.0,0.0
15774,0.0,0.0,0.0,0.0032017075773746,0.0,0.0
15775,0.0,0.0,0.0,0.0,0.0,0.0
15776,0.0,0.0,0.0,0.0,0.0,0.0
15777,0.0,0.0,0.0,0.0,0.0,0.0
15778,0.0,0.0,0.0,0.029838022165387893,0.0,0.0
15779,0.0,0.0,0.0,0.0283960092095165,0.0,0.0
15780,0.0,0.0,0.0,0.0,0.0,0.0
15781,0.0,0.0,0.0,0.0,0.0,0.0
15782,0.0,0.0,0.0,0.0,0.0,0.0
15783,0.0,0.0,0.0,0.0,0.0,0.0
15784,0.0,0.0,0.0,0.0913312693498452,0.0,0.0
15785,0.0,0.0,0.0,0.0025575447570332483,0.0,0.0
15786,0.0,0.0,0.0,0.023394994559303592,0.0,0.0
15787,0.0,0.0,0.0,0.03039832285115304,0.0,0.0
15788,0.0,0.0,0.0,0.0,0.0,0.0
15789,0.0,0.0,0.0,0.0,0.0,0.0
15790,0.0,0.0,0.0,0.0,0.0,0.0
15791,0.0,0.0,0.0,0.039708265802269035,0.0,0.0
15792,0.0,0.0,0.0,0.0627062706270627,0.0,0.0
15793,0.0,0.0,0.0,0.0,0.0,0.0
15794,0.0,0.0,0.0,0.0,0.0,0.0
15795,0.0,0.0,0.0,0.0,0.0,0.0
15796,0.0,0.0,0.0,0.006910167818361303,0.0,0.0
15797,0.0,0.0,0.0,0.0,0.0,0.0
15798,0.0,0.0,0.0,0.0,0.0,0.0
15799,0.0,0.0,0.0,0.1259463179628355,0.0,0.0
15800,0.09905660377358493,0.0,0.0,0.042452830188679236,0.042452830188679236,0.042452830188679236
15801,0.0,0.0,0.0,0.0,0.0,0.0
15802,0.0,0.0,0.0,0.01584507042253521,0.0,0.0
15803,0.0,0.0,0.0,0.08717518860016764,0.0,0.0
15804,0.0,0.0,0.0,0.10431654676258993,0.0,0.0
15805,0.0,0.0,0.0,0.125,0.0,0.0
15806,0.0,0.0,0.0,0.0,0.0,0.0
15807,0.0,0.0,0.0,0.0,0.0,0.0
15808,0.0,0.0,0.0,0.0,0.0,0.0
15809,0.0,0.0,0.0,0.011705685618729096,0.0,0.0
15810,0.0,0.0,0.0,0.0,0.0,0.0
15811,0.015755329008341055,0.0,0.0,0.05560704355885079,0.0,0.0
15812,0.0,0.0,0.0,0.020689655172413796,0.0,0.0
15813,0.0,0.0,0.0,0.0,0.0,0.0
15814,0.0,0.0,0.0,0.0752212389380531,0.0,0.0
15815,0.0,0.0,0.0,0.058935361216730035,0.0,0.0
15816,0.0,0.0,0.0,0.004187604690117253,0.0,0.0
15817,0.019461077844311375,0.0,0.0,0.2155688622754491,0.0,0.0
15818,0.0,0.0,0.0,0.01055662188099808,0.0,0.0
15819,0.0,0.0,0.0,0.16482843137254902,0.0,0.0
15820,0.0,0.0,0.0,0.022206303724928367,0.0,0.0
15821,0.0987239758226998,0.0,0.0,0.16319677635997312,0.0,0.0
15822,0.0,0.0,0.0,0.004383218534752661,0.0,0.0
15823,0.0,0.0,0.0,0.037238169123351435,0.0,0.0
15824,0.0,0.0,0.0,0.0,0.0,0.0
15825,0.0,0.0,0.0,0.0,0.0,0.0
15826,0.0,0.0,0.0,0.22074074074074074,0.0,0.0
15827,0.0,0.0,0.0,0.0,0.0,0.0
15828,0.0,0.0,0.0,0.0,0.0,0.0
15829,0.0,0.0,0.0,0.0990159901599016,0.0,0.0
15830,0.0,0.0,0.0,0.0,0.0,0.0
15831,0.0,0.0,0.0,0.020408163265306117,0.0,0.0
15832,0.0,0.0,0.0,0.0,0.0,0.0
15833,0.0,0.0,0.0,0.3368220742150333,0.0,0.0
15834,0.0,0.0,0.0,0.0,0.0,0.0
15835,0.0,0.0,0.0,0.15,0.0,0.0
15836,0.0,0.0,0.0,0.0066711140760507,0.0,0.0
15837,0.0,0.0,0.0,0.0,0.0,0.0
15838,0.0,0.0,0.0,0.28,0.0,0.0
15839,0.0,0.0,0.0,0.515625,0.0,0.0
15840,0.0,0.0,0.0,0.034324942791762014,0.0,0.0
15841,0.0,0.0,0.0,0.038049940546967885,0.0,0.0
15842,0.0,0.0,0.0,0.025664527956003668,0.0,0.0
15843,0.0,0.0,0.0,0.004043126684636119,0.0,0.0
15844,0.0,0.0,0.0,0.017543859649122806,0.0,0.0
15845,0.0,0.0,0.0,0.0,0.0,0.0
15846,0.0,0.0,0.0,0.0,0.0,0.0
15847,0.0,0.0,0.0,0.0,0.0,0.0
15848,0.0,0.0,0.0,0.0,0.0,0.0
15849,0.0,0.0259222333000997,0.0,0.13858424725822532,0.0,0.0
15850,0.0,0.0,0.0,0.0,0.0,0.0
15851,0.0,0.0,0.0,0.0,0.0,0.0
15852,0.0,0.0,0.0,0.0,0.0,0.0
15853,0.0,0.0,0.0,0.0,0.0,0.0
15854,0.0,0.0,0.0,0.0,0.0,0.0
15855,0.0,0.0,0.0,0.2777777777777778,0.0,0.0
15856,0.0,0.0,0.0,0.04967801287948482,0.0,0.0
15857,0.03745743473325766,0.0,0.0,0.04540295119182747,0.0,0.0
15858,0.0,0.0,0.0,0.0,0.0,0.0
15859,0.0,0.0,0.0,0.005952380952380952,0.0,0.0
15860,0.0,0.0,0.0,0.07936507936507936,0.0,0.0
15861,0.0,0.0,0.0,0.003524229074889868,0.0,0.0
15862,0.0,0.0,0.0,0.027237354085603117,0.0,0.0
15863,0.0,0.0,0.0,0.0,0.0,0.0
15864,0.0,0.0,0.0,0.24643874643874644,0.0,0.0
15865,0.0,0.0,0.0,0.13707865168539327,0.0,0.0
15866,0.0,0.0,0.0,0.016962843295638127,0.0,0.0
15867,0.0,0.0,0.0,0.0,0.0,0.0
15868,0.0,0.0,0.0,0.0,0.0,0.0
15869,0.0,0.0,0.0,0.0,0.0,0.0
15870,0.0,0.0,0.0,0.0,0.0,0.0
15871,0.0,0.0,0.0,0.0,0.0,0.0
15872,0.0,0.0,0.0,0.21916167664670655,0.0,0.0
15873,0.0,0.0,0.0,0.0,0.0,0.0
15874,0.0,0.0,0.0,0.0,0.0,0.0
15875,0.0,0.0,0.0,0.0,0.0,0.0
15876,0.0,0.0,0.0,0.10810810810810813,0.0,0.0
15877,0.0,0.0,0.0,0.0,0.0,0.0
15878,0.0,0.0,0.0,0.0,0.0,0.0
15879,0.0,0.0,0.0,0.14340490797546013,0.0,0.0
15880,0.0,0.0,0.0,0.0,0.0,0.0
15881,0.0,0.0,0.0,0.0,0.0,0.0
15882,0.0,0.0,0.0,0.0,0.0,0.0
15883,0.0,0.0,0.0,0.0,0.0,0.0
15884,0.0,0.0,0.0,0.0,0.0,0.0
15885,0.0,0.0,0.0,0.0,0.0,0.0
15886,0.1547008547008547,0.0,0.0,0.3162393162393162,0.0,0.0
15887,0.0,0.0,0.0,0.0,0.0,0.0
15888,0.0,0.0,0.0,0.0,0.0,0.0
15889,0.0,0.0,0.0,0.024822695035460998,0.0,0.0
15890,0.0,0.0,0.0,0.014455782312925169,0.0,0.0
15891,0.0,0.0,0.0,0.0,0.0,0.0
15892,0.0,0.0,0.0,0.0075187969924812035,0.0,0.0
15893,0.0,0.0,0.0,0.02926829268292683,0.0,0.0
15894,0.0,0.0,0.0,0.0019493177387914231,0.0,0.0
15895,0.0,0.0,0.0,0.0,0.0,0.0
15896,0.0,0.0,0.0,0.0,0.0,0.0
15897,0.0,0.0,0.0,0.0,0.0,0.0
15898,0.0,0.0,0.0,0.0,0.0,0.0
15899,0.0,0.0,0.0,0.028703703703703707,0.0,0.0
15900,0.0,0.0,0.0,0.021715526601520086,0.0,0.0
15901,0.0,0.0,0.0,0.0,0.0,0.0
15902,0.009868421052631578,0.0,0.0,0.25493421052631576,0.0,0.0
15903,0.0,0.0,0.0,0.0,0.0,0.0
15904,0.0,0.0,0.0,0.06645569620253164,0.0,0.0
15905,0.0,0.0,0.0,0.0,0.0,0.0
15906,0.0,0.0,0.0,0.0,0.0,0.0
15907,0.0,0.0,0.0,0.23728813559322035,0.0,0.0
15908,0.0,0.0,0.0,0.0,0.0,0.0
15909,0.0,0.0,0.0,0.23416965352449226,0.0,0.0
15910,0.0,0.0,0.0,0.0,0.0,0.0
15911,0.017872340425531916,0.017872340425531916,0.0,0.294468085106383,0.0,0.0
15912,0.0,0.0,0.0,0.3636363636363637,0.0,0.0
15913,0.0,0.0,0.0,0.0534521158129176,0.0,0.0
15914,0.0,0.0,0.0,0.024958402662229616,0.0,0.0
15915,0.0,0.0,0.0,0.0,0.0,0.0
15916,0.0,0.0,0.0,0.018005540166204988,0.0,0.0
15917,0.0,0.0,0.0,0.011695906432748536,0.0,0.0
15918,0.0,0.0,0.0,0.0,0.0,0.0
15919,0.0,0.0,0.0,0.22994011976047904,0.0,0.0
15920,0.0,0.0,0.0,0.0,0.0,0.0
15921,0.0,0.0,0.0,0.0,0.0,0.0
15922,0.0,0.0,0.0,0.0,0.0,0.0
15923,0.0,0.0,0.0,0.0,0.0,0.0
15924,0.0,0.0,0.0,0.018604651162790697,0.0,0.0
15925,0.0,0.0,0.0,0.0,0.0,0.0
15926,0.0,0.0,0.0,0.0,0.0,0.0
15927,0.0,0.0,0.0,0.0505050505050505,0.0,0.0
15928,0.0,0.0,0.0,0.0,0.0,0.0
15929,0.0,0.0,0.0,0.1423670668953688,0.0,0.0
15930,0.0,0.0,0.0,0.054054054054054064,0.0,0.0
15931,0.0,0.0,0.0,0.0,0.0,0.0
15932,0.0,0.0,0.0,0.0,0.0,0.0
15933,0.022279348757497857,0.0,0.0,0.043701799485861184,0.0,0.0
15934,0.0,0.0,0.0,0.0,0.0,0.0
15935,0.0,0.0,0.0,0.014427412082957619,0.0,0.0
15936,0.0,0.0,0.0,0.2241379310344828,0.0,0.0
15937,0.0,0.0,0.0,0.0,0.0,0.0
15938,0.0,0.0,0.0,0.020712510356255175,0.0,0.0
15939,0.0,0.0,0.0,0.0,0.0,0.0
15940,0.0,0.0,0.0,0.0,0.0,0.0
15941,0.0,0.0,0.0,0.0,0.0,0.0
15942,0.0,0.0,0.0,0.0,0.0,0.0
15943,0.0,0.0,0.0,0.029126213592233014,0.0,0.0
15944,0.0,0.0,0.0,0.0,0.0,0.0
15945,0.0,0.0,0.0,0.022857142857142857,0.0,0.0
15946,0.0,0.0,0.0,0.06745252128356254,0.0,0.0
15947,0.0,0.0,0.0,0.03098373353989156,0.0,0.0
15948,0.0,0.0,0.0,0.0,0.0,0.0
15949,0.0,0.0,0.0,0.0,0.0,0.0
15950,0.0,0.0,0.0,0.0,0.0,0.0
15951,0.0,0.0,0.0,0.0,0.0,0.0
15952,0.0,0.0,0.0,0.01813471502590673,0.0,0.0
15953,0.0,0.0,0.0,0.0,0.0,0.0
15954,0.0,0.0,0.0,0.0,0.0,0.0
15955,0.0,0.0,0.0,0.0,0.0,0.0
15956,0.0,0.0,0.0,0.0,0.0,0.0
15957,0.0,0.0,0.0,0.0,0.0,0.0
15958,0.0,0.0,0.0,0.0,0.0,0.0
15959,0.0,0.0,0.0,0.12135922330097088,0.0,0.0
15960,0.0,0.0,0.0,0.023352793994995832,0.0,0.0
15961,0.0,0.0,0.0,0.007889546351084813,0.0,0.0
15962,0.0,0.0,0.0,0.023607176581680836,0.0,0.0
15963,0.0,0.0,0.0,0.0,0.0,0.0
15964,0.16666666666666666,0.0,0.0,0.19791666666666666,0.0,0.0
15965,0.0,0.0,0.0,0.0,0.0,0.0
15966,0.0,0.0,0.0,0.0,0.0,0.0
15967,0.0,0.0,0.0,0.0,0.0,0.0
15968,0.0,0.0,0.0,0.0,0.0,0.0
15969,0.0,0.0,0.0,0.0,0.0,0.0
15970,0.0,0.0,0.0,0.02227342549923195,0.0,0.0
15971,0.0,0.0,0.0,0.06918238993710693,0.0,0.0
15972,0.0,0.0,0.0,0.0,0.0,0.0
15973,0.0,0.0,0.0,0.0,0.0,0.0
15974,0.0,0.0,0.0,0.019914651493598858,0.0,0.0
15975,0.0,0.0,0.0,0.0,0.0,0.0
15976,0.0,0.0,0.0,0.0,0.0,0.0
15977,0.0,0.0,0.0,0.008968609865470852,0.0,0.0
15978,0.0,0.0,0.0,0.0,0.0,0.0
15979,0.0,0.0,0.0,0.0,0.0,0.0
15980,0.0,0.0,0.0,0.05612244897959184,0.0,0.0
15981,0.0,0.0,0.0,0.0,0.0,0.0
15982,0.0,0.0,0.0,0.0,0.0,0.0
15983,0.0,0.0,0.0,0.0,0.0,0.0
15984,0.0,0.0,0.0,0.0,0.0,0.0
15985,0.0,0.0,0.0,0.0,0.0,0.0
15986,0.0,0.0,0.0,0.0,0.0,0.0
15987,0.0,0.0,0.0,0.0927643784786642,0.0,0.0
15988,0.0,0.0,0.0,0.0,0.0,0.0
15989,0.0,0.0,0.0,0.0,0.0,0.0
15990,0.0,0.0,0.0,0.0,0.0,0.0
15991,0.0,0.0,0.0,0.0,0.0,0.0
15992,0.0,0.0,0.0,0.0,0.0,0.0
15993,0.0,0.0,0.0,0.0,0.0,0.0
15994,0.0,0.0,0.0,0.0,0.0,0.0
15995,0.0,0.0,0.0,0.02731707317073171,0.0,0.0
15996,0.0,0.0,0.0,0.0,0.0,0.0
15997,0.0,0.0,0.0,0.01598173515981735,0.0,0.0
15998,0.0,0.0,0.0,0.0,0.0,0.0
15999,0.0,0.0,0.0,0.0,0.0,0.0
16000,0.0,0.0,0.0,0.10743801652892562,0.0,0.0
16001,0.0,0.0,0.0,0.0,0.0,0.0
16002,0.021367521367521368,0.0,0.0,0.061965811965811975,0.0,0.0
16003,0.0,0.0,0.0,0.0,0.0,0.0
16004,0.0,0.0,0.0,0.024007386888273315,0.0,0.0
16005,0.0,0.0,0.0,0.0831889081455806,0.0,0.0
16006,0.0,0.0,0.0,0.06189151599443672,0.0,0.0
16007,0.0,0.0,0.0,0.0,0.0,0.0
16008,0.0,0.0,0.0,0.0,0.0,0.0
16009,0.0,0.0,0.0,0.06226650062266501,0.0,0.0
16010,0.0,0.0,0.0,0.0,0.0,0.0
16011,0.0,0.0,0.0,0.0,0.0,0.0
16012,0.0,0.0,0.0,0.0,0.0,0.0
16013,0.0,0.0,0.0,0.0,0.0,0.0
16014,0.0,0.0,0.0,0.0,0.0,0.0
16015,0.0,0.0,0.0,0.3146067415730337,0.0,0.0
16016,0.0,0.0,0.0,0.0,0.0,0.0
16017,0.0,0.0,0.0,0.10493827160493828,0.0,0.0
16018,0.0,0.0,0.0,0.0030651340996168588,0.0,0.0
16019,0.0,0.0,0.0,0.0,0.0,0.0
16020,0.0,0.0,0.0,0.0,0.0,0.0
16021,0.0,0.0,0.0,0.040189125295508284,0.0,0.0
16022,0.0,0.0,0.0,0.0,0.0,0.0
16023,0.0,0.0,0.0,0.030870445344129555,0.0,0.0
16024,0.0,0.0,0.0,0.0,0.0,0.0
16025,0.0,0.0,0.0,0.0,0.0,0.0
16026,0.0,0.0,0.0,0.028995279838165883,0.0,0.0
16027,0.0,0.0,0.0,0.029547553093259463,0.0,0.0
16028,0.0,0.0,0.0,0.0,0.0,0.0
16029,0.0,0.0,0.0,0.0,0.0,0.0
16030,0.0,0.0,0.0,0.4545454545454545,0.0,0.0
16031,0.0,0.0,0.0,0.017429193899782137,0.0,0.0
16032,0.0,0.0,0.0,0.0,0.0,0.0
16033,0.0,0.0,0.0,0.0,0.0,0.0
16034,0.0,0.0,0.0,0.03975535168195719,0.0,0.0
16035,0.0,0.0,0.0,0.12,0.0,0.0
16036,0.0,0.0,0.0,0.17551020408163265,0.0,0.0
16037,0.0,0.0,0.0,0.0,0.0,0.0
16038,0.0,0.0,0.0,0.0,0.0,0.0
16039,0.0,0.0,0.0,0.007401924500370095,0.0,0.0
16040,0.0,0.0,0.0,0.0,0.0,0.0
16041,0.0,0.0,0.0,0.10652920962199312,0.0,0.0
16042,0.0,0.0,0.0,0.03626220362622036,0.0,0.0
16043,0.0,0.0,0.0,0.2833168805528134,0.0,0.0
16044,0.0,0.0,0.0,0.0,0.0,0.0
16045,0.0,0.0,0.0,0.0,0.0,0.0
16046,0.0,0.0,0.0,0.0,0.0,0.0
16047,0.0,0.0,0.0,0.0,0.0,0.0
16048,0.0,0.0,0.0,0.07852193995381063,0.0,0.0
16049,0.0,0.0,0.0,0.0,0.0,0.0
16050,0.0,0.0,0.0,0.2093567251461988,0.0,0.0
16051,0.0,0.0,0.0,0.0,0.0,0.0
16052,0.0,0.0,0.0,0.005089058524173028,0.0,0.0
16053,0.0,0.0,0.0,0.2878787878787879,0.0,0.0
16054,0.0,0.0,0.0,0.0851063829787234,0.0,0.0
16055,0.0,0.0,0.0,0.019427402862985686,0.0,0.0
16056,0.0,0.0,0.0,0.19047619047619047,0.0,0.0
16057,0.0,0.0,0.0,0.0,0.0,0.0
16058,0.0,0.0,0.0,0.0,0.0,0.0
16059,0.0,0.0,0.0,0.012539184952978056,0.0,0.0
16060,0.0,0.0,0.0,0.06292906178489703,0.0,0.0
16061,0.0,0.0,0.0,0.035478547854785485,0.0,0.0
16062,0.0,0.0,0.0,0.0,0.0,0.0
16063,0.0,0.0,0.0,0.04104803493449782,0.0,0.0
16064,0.0,0.0,0.0,0.0,0.0,0.0
16065,0.0,0.0,0.0,0.0,0.0,0.0
16066,0.0,0.0,0.0,0.0,0.0,0.0
16067,0.0,0.0,0.0,0.27586206896551724,0.0,0.0
16068,0.0,0.0,0.0,0.0,0.0,0.0
16069,0.0,0.0,0.0,0.0,0.0,0.0
16070,0.0,0.0,0.0,0.0,0.0,0.0
16071,0.0,0.0,0.0,0.0,0.0,0.0
16072,0.0,0.0,0.0,0.031297709923664124,0.0,0.0
16073,0.0,0.0,0.0,0.0,0.0,0.0
16074,0.0,0.0,0.0,0.05319148936170213,0.0,0.0
16075,0.0,0.0,0.0,0.0,0.0,0.0
16076,0.0,0.0,0.0,0.0,0.0,0.0
16077,0.0,0.0,0.0,0.3141592920353982,0.0,0.0
16078,0.0,0.0,0.0,0.08367768595041322,0.0,0.0
16079,0.0,0.0,0.0,0.22315202231520226,0.012552301255230124,0.012552301255230124
16080,0.0,0.0,0.0,0.0,0.0,0.0
16081,0.0,0.0,0.0,0.0,0.0,0.0
16082,0.0,0.0,0.0,0.0,0.0,0.0
16083,0.0,0.0,0.0,0.0,0.0,0.0
16084,0.0,0.0,0.0,0.011964107676969092,0.0,0.0
16085,0.0,0.0,0.0,0.0,0.0,0.0
16086,0.0,0.0,0.0,0.0,0.0,0.0
16087,0.0,0.0,0.0,0.01914486279514997,0.0,0.0
16088,0.0,0.0,0.0,0.0,0.0,0.0
16089,0.03598099117447386,0.01900882552613713,0.0,0.2152070604209097,0.01900882552613713,0.0
16090,0.0,0.0,0.0,0.011627906976744186,0.0,0.0
16091,0.0,0.0,0.0,0.0,0.0,0.0
16092,0.0,0.0,0.0,0.08499475341028331,0.0,0.0
16093,0.0,0.0,0.0,0.0,0.0,0.0
16094,0.0,0.0,0.0,0.0,0.0,0.0
16095,0.0,0.0,0.0,0.0006821282401091405,0.0,0.0
16096,0.0,0.0,0.0,0.12618841832324978,0.0,0.0
16097,0.0,0.0,0.0,0.0,0.0,0.0
16098,0.0,0.0,0.0,0.004508566275924256,0.0,0.0
16099,0.09859154929577464,0.0,0.0,0.16901408450704225,0.0,0.0
16100,0.0,0.0,0.0,0.0,0.0,0.0
16101,0.0,0.0,0.0,0.0,0.0,0.0
16102,0.0,0.0,0.0,0.0,0.0,0.0
16103,0.0,0.0,0.0,0.0,0.0,0.0
16104,0.0,0.0,0.0,0.0,0.0,0.0
16105,0.0,0.0,0.0,0.0,0.0,0.0
16106,0.0,0.0,0.0,0.0,0.0,0.0
16107,0.0,0.0,0.0,0.12693498452012386,0.0,0.0
16108,0.0,0.0,0.0,0.0,0.0,0.0
16109,0.0,0.0,0.0,0.0,0.0,0.0
16110,0.0,0.0,0.0,0.012693935119887164,0.0,0.0
16111,0.0,0.0,0.0,0.05263157894736842,0.0,0.0
16112,0.0,0.0,0.0,0.0,0.0,0.0
16113,0.0,0.0,0.0,0.07801418439716312,0.0,0.0
16114,0.0,0.0,0.0,0.0,0.0,0.0
16115,0.0,0.0,0.0,0.0,0.0,0.0
16116,0.0,0.0,0.0,0.003940110323089046,0.0,0.0
16117,0.0,0.0,0.0,0.1796875,0.0,0.0
16118,0.0,0.0,0.0,0.0,0.0,0.0
16119,0.0,0.0,0.0,0.2054794520547945,0.0,0.0
16120,0.0,0.0,0.0,0.0,0.0,0.0
16121,0.0,0.0,0.0,0.0,0.0,0.0
16122,0.08823529411764706,0.0,0.0,0.25735294117647056,0.0,0.0
16123,0.0,0.0,0.0,0.03139013452914798,0.0,0.0
16124,0.0,0.0,0.0,0.2916666666666667,0.0,0.0
16125,0.0,0.0,0.0,0.009607686148919136,0.0,0.0
16126,0.0,0.0,0.0,0.0,0.0,0.0
16127,0.0,0.0,0.0,0.0,0.0,0.0
16128,0.0,0.0,0.0,0.0,0.0,0.0
16129,0.0,0.0,0.0,0.0,0.0,0.0
16130,0.0,0.0,0.0,0.06896551724137931,0.0,0.0
16131,0.0,0.0,0.0,0.17509727626459146,0.0,0.0
16132,0.0,0.0,0.0,0.03571428571428571,0.0,0.0
16133,0.0,0.0,0.0,0.05035971223021583,0.0,0.0
16134,0.0,0.0,0.0,0.0,0.0,0.0
16135,0.0,0.0,0.0,0.0,0.0,0.0
16136,0.0,0.0,0.0,0.0,0.0,0.0
16137,0.0,0.0,0.0,0.0,0.0,0.0
16138,0.052083333333333336,0.0,0.0,0.25946969696969696,0.0,0.0
16139,0.0,0.0,0.0,0.0,0.0,0.0
16140,0.0,0.0,0.0,0.01237842617152962,0.0,0.0
16141,0.0,0.0,0.0,0.037546933667083865,0.0,0.0
16142,0.0,0.0,0.0,0.08575803981623277,0.0,0.0
16143,0.0,0.0,0.0,0.0,0.0,0.0
16144,0.0,0.0,0.0,0.02250562640660165,0.0,0.0
16145,0.0,0.0,0.0,0.07142857142857142,0.0,0.0
16146,0.0,0.0,0.0,0.0,0.0,0.0
16147,0.04351851851851852,0.0,0.0,0.04444444444444445,0.0,0.0
16148,0.0,0.0,0.0,0.0,0.0,0.0
16149,0.0,0.0,0.0,0.0,0.0,0.0
16150,0.0,0.0,0.0,0.0,0.0,0.0
16151,0.0,0.0,0.0,0.0,0.0,0.0
16152,0.0,0.0,0.0,0.0,0.0,0.0
16153,0.0,0.0,0.0,0.0014727540500736375,0.0,0.0
16154,0.07659269863994274,0.0,0.0,0.13528990694345025,0.0,0.0
16155,0.0,0.0,0.0,0.0,0.0,0.0
16156,0.0,0.0,0.0,0.0,0.0,0.0
16157,0.0,0.0,0.0,0.0,0.0,0.0
16158,0.0,0.0,0.0,0.0,0.0,0.0
16159,0.0,0.0,0.0,0.006142506142506142,0.0,0.0
16160,0.05582290664100096,0.0,0.0,0.12319538017324352,0.0,0.0
16161,0.0,0.0,0.0,0.0,0.0,0.0
16162,0.0,0.0,0.0,0.08108108108108109,0.0,0.0
16163,0.0,0.0,0.0,0.01937657961246841,0.0,0.0
16164,0.0,0.0,0.0,0.0,0.0,0.0
16165,0.0,0.0,0.0,0.0,0.0,0.0
16166,0.0,0.0,0.0,0.0,0.0,0.0
16167,0.0,0.0,0.0,0.0,0.0,0.0
16168,0.0,0.0,0.0,0.041916167664670656,0.0,0.0
16169,0.0,0.0,0.0,0.0,0.0,0.0
16170,0.0,0.0,0.0,0.0,0.0,0.0
16171,0.0,0.0,0.0,0.0,0.0,0.0
16172,0.0,0.0,0.0,0.012779552715654952,0.0,0.0
16173,0.0,0.0,0.0,0.175,0.0,0.0
16174,0.0,0.0,0.0,0.0,0.0,0.0
16175,0.0,0.0,0.0,0.18946540880503146,0.0,0.0
16176,0.0,0.0,0.0,0.0180623973727422,0.0,0.0
16177,0.0,0.0,0.0,0.006702412868632708,0.0,0.0
16178,0.013513513513513514,0.013513513513513514,0.013513513513513514,0.06548856548856549,0.0,0.0
16179,0.0,0.0,0.0,0.0,0.0,0.0
16180,0.0,0.0,0.0,0.0,0.0,0.0
16181,0.0,0.0,0.0,0.0,0.0,0.0
16182,0.0,0.0,0.0,0.19857142857142854,0.0,0.0
16183,0.0203125,0.0,0.0,0.065625,0.0,0.0
16184,0.0,0.0,0.0,0.0,0.0,0.0
16185,0.0,0.0,0.0,0.04282868525896414,0.0,0.0
16186,0.0,0.0,0.0,0.0,0.0,0.0
16187,0.0,0.0,0.0,0.0,0.0,0.0
16188,0.0,0.0,0.0,0.0,0.0,0.0
16189,0.0,0.0,0.0,0.008264462809917356,0.0,0.0
16190,0.0,0.0,0.0,0.0,0.0,0.0
16191,0.0,0.0,0.0,0.12200435729847495,0.0,0.0
16192,0.0,0.0,0.0,0.0,0.0,0.0
16193,0.0,0.0,0.0,0.0,0.0,0.0
16194,0.0,0.0,0.0,0.0,0.0,0.0
16195,0.0,0.0,0.0,0.0,0.0,0.0
16196,0.0,0.0,0.0,0.02894356005788712,0.0,0.0
16197,0.0,0.0,0.0,0.15675165250236073,0.0,0.0
16198,0.0,0.0,0.0,0.24089635854341734,0.0,0.0
16199,0.0,0.0,0.0,0.0,0.0,0.0
16200,0.0,0.0,0.0,0.04539877300613497,0.0,0.0
16201,0.0,0.0,0.0,0.24305555555555555,0.0,0.0
16202,0.0,0.0,0.0,0.02524955960070464,0.0,0.0
16203,0.0,0.0,0.0,0.1254355400696864,0.0,0.0
16204,0.0,0.0,0.0,0.0,0.0,0.0
16205,0.0,0.0,0.0,0.03904761904761905,0.0,0.0
16206,0.0,0.0,0.0,0.0,0.0,0.0
16207,0.0,0.0,0.0,0.04238921001926782,0.0,0.0
16208,0.0,0.0,0.0,0.0,0.0,0.0
16209,0.0,0.0,0.0,0.08516886930983847,0.0,0.0
16210,0.0,0.0,0.0,0.0,0.0,0.0
16211,0.0,0.0,0.0,0.0,0.0,0.0
16212,0.0,0.0,0.0,0.25559105431309903,0.0,0.0
16213,0.0,0.0,0.0,0.0,0.0,0.0
16214,0.0,0.0,0.0,0.0,0.0,0.0
16215,0.0,0.0,0.0,0.0,0.0,0.0
16216,0.0,0.0,0.0,0.0,0.0,0.0
16217,0.0,0.0,0.0,0.03058103975535168,0.0,0.0
16218,0.0,0.0,0.0,0.045454545454545456,0.0,0.0
16219,0.0,0.0,0.0,0.0,0.0,0.0
16220,0.0,0.0,0.0,0.0,0.0,0.0
16221,0.0,0.0,0.0,0.0,0.0,0.0
16222,0.0,0.0,0.0,0.0,0.0,0.0
16223,0.0,0.0,0.0,0.002183406113537118,0.0,0.0
16224,0.0,0.0,0.0,0.0,0.0,0.0
16225,0.0,0.0,0.0,0.015789473684210527,0.0,0.0
16226,0.0,0.0,0.0,0.02536997885835095,0.0,0.0
16227,0.0,0.0,0.0,0.027777777777777776,0.0,0.0
16228,0.0,0.0,0.0,0.04304635761589404,0.0,0.0
16229,0.026609898882384245,0.013304949441192123,0.013304949441192123,0.20702501330494946,0.0,0.0
16230,0.047185430463576164,0.0,0.0,0.14155629139072848,0.0,0.0
16231,0.0,0.0,0.0,0.014900662251655629,0.0,0.0
16232,0.0,0.0,0.0,0.0,0.0,0.0
16233,0.0,0.0,0.0,0.0,0.0,0.0
16234,0.0,0.0,0.0,0.0,0.0,0.0
16235,0.0,0.0,0.0,0.0,0.0,0.0
16236,0.022388059701492536,0.0,0.0,0.0,0.0,0.0
16237,0.0,0.0,0.0,0.0,0.0,0.0
16238,0.0,0.0,0.0,0.0,0.0,0.0
16239,0.0,0.0,0.0,0.10909090909090907,0.0,0.0
16240,0.04654895666131621,0.0,0.0,0.27929373996789725,0.0,0.0
16241,0.0,0.0,0.0,0.1541501976284585,0.0,0.0
16242,0.0,0.0,0.0,0.0034158838599487613,0.0,0.0
16243,0.0,0.0,0.0,0.0,0.0,0.0
16244,0.0,0.0,0.0,0.011933174224343677,0.0,0.0
16245,0.0,0.0,0.0,0.0,0.0,0.0
16246,0.0,0.0,0.0,0.04522613065326633,0.0,0.0
16247,0.0,0.0,0.0,0.0,0.0,0.0
16248,0.0,0.0,0.0,0.07407407407407407,0.006734006734006735,0.0
16249,0.0,0.0,0.0,0.0,0.0,0.0
16250,0.0,0.0,0.0,0.0,0.0,0.0
16251,0.0,0.0,0.0,0.004857316332726169,0.0,0.0
16252,0.0,0.0,0.0,0.0,0.0,0.0
16253,0.0,0.0,0.0,0.23175621491579795,0.0,0.0
16254,0.0,0.0,0.0,0.042594385285575985,0.0,0.0
16255,0.0,0.0,0.0,0.0,0.0,0.0
16256,0.0,0.0,0.0,0.1836019621583742,0.0,0.0
16257,0.0,0.0,0.0,0.0,0.0,0.0
16258,0.0,0.0,0.0,0.11993047508690614,0.0,0.0
16259,0.0,0.0,0.0,0.0,0.0,0.0
16260,0.0,0.0,0.0,0.0,0.0,0.0
16261,0.10208816705336426,0.0,0.0,0.06960556844547564,0.0,0.0
16262,0.0,0.0,0.0,0.03122432210353328,0.0,0.0
16263,0.0,0.0,0.0,0.045600513808606295,0.0,0.0
16264,0.0,0.0,0.0,0.13798111837327526,0.0,0.0
16265,0.0,0.0,0.0,0.1088082901554404,0.0,0.0
16266,0.4,0.0,0.0,0.0,0.0,0.0
16267,0.0,0.0,0.0,0.0,0.0,0.0
16268,0.02178217821782178,0.0,0.0,0.0099009900990099,0.0,0.0
16269,0.0,0.0,0.0,0.01416579223504722,0.0,0.0
16270,0.0,0.0,0.0,0.0,0.0,0.0
16271,0.0,0.0,0.0,0.0040595399188092015,0.0,0.0
16272,0.0,0.0,0.0,0.014423076923076926,0.0,0.0
16273,0.0,0.0,0.0,0.0286493860845839,0.0,0.0
16274,0.0,0.0,0.0,0.13157894736842105,0.0,0.0
16275,0.0,0.0,0.0,0.0,0.0,0.0
16276,0.0,0.0,0.0,0.0,0.0,0.0
16277,0.0,0.0,0.0,0.04049586776859504,0.0,0.0
16278,0.0,0.0,0.0,0.056024558710667687,0.0,0.0
16279,0.0,0.0,0.0,0.0082930200414651,0.0,0.0
16280,0.0,0.0,0.0,0.1,0.0,0.0
16281,0.0,0.0,0.0,0.0,0.0,0.0
16282,0.0,0.0,0.0,0.20954162768942936,0.0,0.0
16283,0.0,0.0,0.0,0.2368421052631579,0.0,0.0
16284,0.0,0.0,0.0,0.0,0.0,0.0
16285,0.0,0.0,0.0,0.018741633199464525,0.0,0.0
16286,0.0,0.0,0.0,0.37328094302554027,0.0,0.0
16287,0.0,0.0,0.0,0.08164689462665736,0.0,0.0
16288,0.0,0.0,0.0,0.2183098591549296,0.0,0.0
16289,0.0,0.0,0.0,0.0,0.0,0.0
16290,0.0,0.0,0.0,0.0538860103626943,0.0,0.0
16291,0.0,0.0,0.0,0.09561128526645768,0.0,0.0
16292,0.0,0.0,0.0,0.017716535433070866,0.0,0.0
16293,0.0,0.0,0.0,0.015015015015015015,0.0,0.0
16294,0.0,0.0,0.0,0.0,0.0,0.0
16295,0.0,0.0,0.0,0.0,0.0,0.0
16296,0.0,0.0,0.0,0.0,0.0,0.0
16297,0.0,0.0,0.0,0.0,0.0,0.0
16298,0.0,0.02,0.0,0.050666666666666665,0.0,0.0
16299,0.0,0.0,0.0,0.22775564409030544,0.0,0.0
16300,0.0,0.0,0.0,0.0,0.0,0.0
16301,0.0,0.0,0.0,0.10375771172181716,0.0,0.0
16302,0.0,0.0,0.0,0.0,0.0,0.0
16303,0.0,0.0,0.0,0.0,0.0,0.0
16304,0.0,0.0,0.0,0.006369426751592357,0.0,0.0
16305,0.0,0.0,0.0,0.0,0.0,0.0
16306,0.0,0.0,0.0,0.08735632183908046,0.0,0.0
16307,0.0,0.0,0.0,0.0,0.0,0.0
16308,0.0,0.0,0.0,0.01831044527673741,0.0,0.0
16309,0.0,0.0,0.0,0.26021505376344084,0.0,0.0
16310,0.0,0.0,0.0,0.0,0.0,0.0
16311,0.0,0.0,0.0,0.0,0.0,0.0
16312,0.0,0.0,0.0,0.03470031545741325,0.0,0.0
16313,0.0,0.0,0.0,0.0,0.0,0.0
16314,0.02926829268292683,0.0,0.0,0.059756097560975614,0.0,0.0
16315,0.0,0.0,0.0,0.15034965034965034,0.0,0.0
16316,0.0,0.0,0.0,0.061224489795918366,0.0,0.0
16317,0.0,0.0,0.0,0.0,0.0,0.0
16318,0.0,0.0,0.0,0.05016722408026756,0.0,0.0
16319,0.0,0.0,0.0,0.151931330472103,0.0,0.0
16320,0.0,0.0,0.0,0.0,0.0,0.0
16321,0.0,0.0,0.0,0.0,0.0,0.0
16322,0.0,0.0,0.0,0.0,0.0,0.0
16323,0.0,0.0,0.0,0.0,0.0,0.0
16324,0.0,0.0,0.0,0.0,0.0,0.0
16325,0.0,0.0,0.0,0.10967741935483873,0.0,0.0
16326,0.0,0.0,0.0,0.0,0.0,0.0
16327,0.0,0.0,0.0,0.0,0.0,0.0
16328,0.12733260153677278,0.0,0.0,0.23819978046103185,0.0,0.0
16329,0.0,0.0,0.0,0.0,0.0,0.0
16330,0.0,0.0,0.0,0.0,0.0,0.0
16331,0.0,0.0,0.0,0.0,0.0,0.0
16332,0.0,0.0,0.0,0.18181818181818185,0.0,0.0
16333,0.0,0.0,0.0,0.0,0.0,0.0
16334,0.0,0.0,0.0,0.2703252032520325,0.0,0.0
16335,0.0,0.0,0.0,0.0,0.0,0.0
16336,0.0,0.0,0.0,0.0,0.0,0.0
16337,0.0,0.0,0.0,0.0,0.0,0.0
16338,0.0,0.0,0.0,0.0,0.0,0.0
16339,0.0,0.0,0.0,0.0,0.0,0.0
16340,0.0,0.0,0.0,0.0017543859649122807,0.0,0.0
16341,0.0,0.0,0.0,0.0,0.0,0.0
16342,0.0,0.0,0.0,0.03463203463203463,0.0,0.0
16343,0.0,0.0,0.0,0.0,0.0,0.0
16344,0.0,0.0,0.0,0.0431924882629108,0.0,0.0
16345,0.0,0.0,0.0,0.0,0.0,0.0
16346,0.0,0.0,0.0,0.0,0.0,0.0
16347,0.0,0.0,0.0,0.1,0.0,0.0
16348,0.0,0.0,0.0,0.0036496350364963507,0.0,0.0
16349,0.0,0.0,0.0,0.06284454244762955,0.0,0.0
16350,0.0,0.0,0.0,0.06828811973807297,0.0,0.0
16351,0.0,0.0,0.0,0.0,0.0,0.0
16352,0.0,0.0,0.0,0.0,0.0,0.0
16353,0.0,0.0,0.0,0.0,0.0,0.0
16354,0.0,0.0,0.0,0.043898156277436345,0.0,0.0
16355,0.05337837837837838,0.01756756756756757,0.01756756756756757,0.014864864864864866,0.0,0.0
16356,0.0,0.0,0.0,0.0,0.0,0.0
16357,0.0,0.0,0.0,0.18315018315018314,0.0,0.0
16358,0.0,0.0,0.0,0.0,0.0,0.0
16359,0.13446808510638295,0.0,0.0,0.27489361702127657,0.0,0.0
16360,0.0,0.0,0.0,0.3076923076923077,0.0,0.0
16361,0.0,0.0,0.0,0.1176470588235294,0.0,0.0
16362,0.0,0.0,0.0,0.033412887828162284,0.0,0.0
16363,0.0,0.0,0.0,0.016260162601626018,0.0,0.0
16364,0.0,0.0,0.0,0.0995260663507109,0.0,0.0
16365,0.0,0.0,0.0,0.03389830508474576,0.0,0.0
16366,0.0,0.0,0.0,0.0,0.0,0.0
16367,0.0,0.0,0.0,0.0,0.0,0.0
16368,0.0,0.0,0.0,0.0,0.0,0.0
16369,0.0,0.0,0.0,0.07037037037037037,0.0,0.0
16370,0.0,0.0,0.0,0.0,0.0,0.0
16371,0.0,0.0,0.0,0.0,0.0,0.0
16372,0.0,0.0,0.0,0.027598896044158237,0.0,0.0
16373,0.011837655016910935,0.0,0.0,0.006764374295377677,0.0,0.0
16374,0.0,0.0,0.0,0.0,0.0,0.0
16375,0.0,0.0,0.0,0.0,0.0,0.0
16376,0.0,0.0,0.0,0.0,0.0,0.0
16377,0.0,0.0,0.0,0.06887417218543046,0.0,0.0
16378,0.0,0.0,0.0,0.00791407574901074,0.0,0.0
16379,0.0,0.0,0.0,0.0,0.0,0.0
16380,0.0,0.0,0.0,0.0,0.0,0.0
16381,0.0,0.0,0.0,0.04025974025974026,0.0,0.0
16382,0.0,0.0,0.0,0.2683189655172414,0.0,0.0
16383,0.0,0.0,0.0,0.0,0.0,0.0
16384,0.0,0.0,0.0,0.0,0.0,0.0
16385,0.0,0.0,0.0,0.0,0.0,0.0
16386,0.0,0.0,0.0,0.0,0.0,0.0
16387,0.0,0.0,0.0,0.0,0.0,0.0
16388,0.0,0.0,0.0,0.16129032258064516,0.0,0.0
16389,0.0,0.0,0.0,0.0,0.0,0.0
16390,0.0,0.0,0.0,0.0,0.0,0.0
16391,0.0,0.0,0.0,0.0,0.0,0.0
16392,0.0,0.0,0.0,0.0,0.0,0.0
16393,0.0,0.0,0.0,0.0,0.0,0.0
16394,0.0,0.0,0.0,0.0,0.0,0.0
16395,0.0,0.0,0.0,0.2422192151556157,0.0,0.0
16396,0.0,0.0,0.0,0.0,0.0,0.0
16397,0.0,0.0,0.0,0.0,0.0,0.0
16398,0.0,0.0,0.0,0.0,0.0,0.0
16399,0.0,0.0,0.0,0.07208387942332896,0.0,0.0
16400,0.0,0.0,0.0,0.016260162601626018,0.0,0.0
16401,0.0,0.0,0.0,0.0,0.0,0.0
16402,0.0,0.0,0.0,0.0,0.0,0.0
16403,0.0,0.0,0.0,0.0,0.0,0.0
16404,0.0,0.0,0.0,0.06956521739130435,0.0,0.0
16405,0.0,0.0,0.0,0.0,0.0,0.0
16406,0.0,0.0,0.0,0.01592356687898089,0.0,0.0
16407,0.0,0.0,0.0,0.01866404715127701,0.0,0.0
16408,0.0,0.0,0.0,0.0,0.0,0.0
16409,0.06610299769408147,0.0,0.0,0.04304381245196003,0.0,0.0
16410,0.0,0.0,0.0,0.0,0.0,0.0
16411,0.0,0.0,0.0,0.0,0.0,0.0
16412,0.0,0.0,0.0,0.02244389027431421,0.0,0.0
16413,0.0,0.0,0.0,0.03981042654028436,0.0,0.0
16414,0.08626198083067092,0.0,0.0,0.0926517571884984,0.0,0.0
16415,0.0,0.0,0.0,0.06,0.0,0.0
16416,0.025795356835769563,0.0,0.0,0.02407566638005159,0.0,0.0
16417,0.0,0.0,0.0,0.0,0.0,0.0
16418,0.0,0.0,0.0,0.0,0.0,0.0
16419,0.0,0.0,0.0,0.0,0.0,0.0
16420,0.0,0.0,0.0,0.07224334600760456,0.0,0.0
16421,0.0,0.0,0.0,0.1086350974930362,0.0,0.0
16422,0.0,0.0,0.0,0.0,0.0,0.0
16423,0.0,0.0,0.0,0.4137931034482759,0.0,0.0
16424,0.0,0.0,0.0,0.0,0.0,0.0
16425,0.0,0.0,0.0,0.0,0.0,0.0
16426,0.0,0.0,0.0,0.0,0.0,0.0
16427,0.0,0.0,0.0,0.0,0.0,0.0
16428,0.0,0.0,0.0,0.0,0.0,0.0
16429,0.0861344537815126,0.0,0.0,0.12289915966386555,0.0,0.0
16430,0.0,0.0,0.0,0.0,0.0,0.0
16431,0.0,0.0,0.0,0.03225806451612903,0.0,0.0
16432,0.0,0.0,0.0,0.0,0.0,0.0
16433,0.0,0.0,0.0,0.010869565217391304,0.0,0.0
16434,0.0,0.0,0.0,0.07068366164542295,0.0,0.0
16435,0.0,0.0,0.0,0.0,0.0,0.0
16436,0.0,0.0,0.0,0.02756892230576441,0.0,0.0
16437,0.0,0.0,0.0,0.0,0.0,0.0
16438,0.0,0.0,0.0,0.005454545454545455,0.0,0.0
16439,0.0,0.0,0.0,0.09157212317666126,0.0,0.0
16440,0.0,0.0,0.0,0.6666666666666666,0.0,0.0
16441,0.0,0.0,0.0,0.0058004640371229705,0.0,0.0
16442,0.0,0.0,0.0,0.017421602787456445,0.0,0.0
16443,0.0,0.0,0.0,0.0,0.0,0.0
16444,0.0,0.0,0.0,0.0,0.0,0.0
16445,0.0,0.0,0.0,0.0,0.0,0.0
16446,0.0,0.0,0.0,0.0,0.0,0.0
16447,0.0,0.0,0.0,0.0,0.0,0.0
16448,0.0,0.0,0.0,0.24277854195323245,0.0,0.0
16449,0.20600000000000002,0.0,0.0,0.218,0.0,0.0
16450,0.0,0.0,0.0,0.0,0.0,0.0
16451,0.0,0.0,0.0,0.03542673107890499,0.0,0.0
16452,0.0,0.0,0.0,0.0,0.0,0.0
16453,0.0,0.0,0.0,0.017857142857142856,0.0,0.0
16454,0.0,0.0,0.0,0.0,0.0,0.0
16455,0.0,0.0,0.0,0.017,0.0,0.0
16456,0.0,0.0,0.0,0.0,0.0,0.0
16457,0.0,0.0,0.0,0.0,0.0,0.0
16458,0.0,0.0,0.0,0.0,0.0,0.0
16459,0.0,0.0,0.0,0.1871609403254973,0.0,0.0
16460,0.0,0.0,0.0,0.3,0.0,0.0
16461,0.0,0.0,0.0,0.14437555358724535,0.0,0.0
16462,0.0,0.0,0.0,0.0,0.0,0.0
16463,0.0,0.0,0.0,0.0,0.0,0.0
16464,0.0,0.0,0.0,0.04102564102564103,0.0,0.0
16465,0.0,0.0,0.0,0.16372549019607846,0.0,0.0
16466,0.0,0.0,0.0,0.0,0.0,0.0
16467,0.0,0.0,0.0,0.0,0.0,0.0
16468,0.0,0.0,0.0,0.1836734693877551,0.0,0.0
16469,0.0,0.0,0.0,0.0,0.0,0.0
16470,0.0,0.0,0.0,0.15,0.0,0.0
16471,0.0,0.0,0.0,0.0,0.0,0.0
16472,0.0,0.0,0.0,0.16261061946902655,0.0,0.0
16473,0.0,0.0,0.0,0.0,0.0,0.0
16474,0.0,0.0,0.0,0.030082987551867217,0.0,0.0
16475,0.0,0.0,0.0,0.0,0.0,0.0
16476,0.0,0.0,0.0,0.04912516823687752,0.0,0.0
16477,0.0,0.0,0.0,0.028517110266159693,0.0,0.0
16478,0.0,0.0,0.0,0.0,0.0,0.0
16479,0.0,0.0,0.0,0.058577405857740586,0.0,0.0
16480,0.0,0.0,0.0,0.0,0.0,0.0
16481,0.0,0.0,0.0,0.0658682634730539,0.0,0.0
16482,0.0,0.0,0.0,0.0,0.0,0.0
16483,0.0,0.0,0.0,0.0,0.0,0.0
16484,0.0,0.0,0.0,0.06521739130434782,0.0,0.0
16485,0.0,0.0,0.0,0.02015677491601344,0.0,0.0
16486,0.0,0.0,0.0,0.3253588516746411,0.0,0.0
16487,0.0,0.0,0.0,0.0,0.0,0.0
16488,0.0,0.0,0.0,0.0,0.0,0.0
16489,0.0,0.0,0.0,0.038,0.0,0.0
16490,0.0,0.0,0.0,0.0,0.0,0.0
16491,0.0,0.0,0.0,0.030054644808743168,0.0,0.0
16492,0.0,0.0,0.0,0.0784313725490196,0.0,0.0
16493,0.0,0.0,0.0,0.0972972972972973,0.0,0.0
16494,0.0,0.0,0.0,0.00909090909090909,0.0,0.0
16495,0.0,0.0,0.0,0.016755521706016754,0.0,0.0
16496,0.0,0.0,0.0,0.0579110651499483,0.0,0.0
16497,0.0,0.0,0.0,0.0,0.0,0.0
16498,0.0,0.0,0.0,0.0392156862745098,0.0,0.0
16499,0.0,0.0,0.0,0.0,0.0,0.0
16500,0.0,0.0,0.0,0.0,0.0,0.0
16501,0.0,0.0,0.0,0.2521572387344199,0.0,0.0
16502,0.0,0.0,0.0,0.2313810556760665,0.0,0.0
16503,0.0,0.0,0.0,0.0,0.0,0.0
16504,0.0,0.0,0.0,0.03412073490813648,0.0,0.0
16505,0.0,0.0,0.0,0.0,0.0,0.0
16506,0.0,0.0,0.0,0.13979591836734695,0.0,0.0
16507,0.0,0.0,0.0,0.0,0.0,0.0
16508,0.0,0.0,0.0,0.15384615384615385,0.0,0.0
16509,0.0,0.0,0.0,0.017123287671232876,0.0,0.0
16510,0.0,0.0,0.0,0.0,0.0,0.0
16511,0.0,0.0,0.0,0.0,0.0,0.0
16512,0.0,0.0,0.0,0.0,0.0,0.0
16513,0.0,0.0,0.0,0.05925925925925926,0.0,0.0
16514,0.0,0.0,0.0,0.01908065915004337,0.0,0.0
16515,0.0,0.0,0.0,0.04522613065326633,0.0,0.0
16516,0.0,0.0,0.0,0.0,0.0,0.0
16517,0.0,0.0,0.0,0.0,0.0,0.0
16518,0.0,0.0,0.0,0.08138101109741061,0.0,0.0
16519,0.0,0.0,0.0,0.0,0.0,0.0
16520,0.0,0.0,0.0,0.05701078582434515,0.0,0.0
16521,0.0,0.0,0.0,0.07874015748031496,0.0,0.0
16522,0.0,0.0,0.0,0.07844630616907845,0.0,0.0
16523,0.0,0.0,0.0,0.11366120218579236,0.0,0.0
16524,0.0,0.0,0.0,0.036036036036036036,0.0,0.0
16525,0.0,0.0,0.0,0.04766355140186916,0.0,0.0
16526,0.0,0.0,0.0,0.08293838862559241,0.0,0.0
16527,0.0176678445229682,0.0,0.0,0.1060070671378092,0.0,0.0
16528,0.04912998976458546,0.0,0.0,0.07267144319344933,0.0,0.0
16529,0.0,0.0,0.0,0.0,0.0,0.0
16530,0.0,0.0,0.0,0.03523238380809595,0.0,0.0
16531,0.0,0.0,0.0,0.006821282401091405,0.0,0.0
16532,0.0,0.0,0.0,0.06329113924050632,0.0,0.0
16533,0.0,0.0,0.0,0.03402646502835538,0.0,0.0
16534,0.0,0.0,0.0,0.016423357664233574,0.0,0.0
16535,0.01697792869269949,0.0,0.0,0.17572156196943972,0.0,0.0
16536,0.0,0.0,0.0,0.0,0.0,0.0
16537,0.057142857142857134,0.0,0.0,0.22857142857142854,0.0,0.0
16538,0.0,0.0,0.0,0.03571428571428571,0.0,0.0
16539,0.0,0.0,0.0,0.0,0.0,0.0
16540,0.0,0.0,0.0,0.0,0.0,0.0
16541,0.0,0.0,0.0,0.19230769230769232,0.0,0.0
16542,0.0,0.0,0.0,0.0,0.0,0.0
16543,0.0,0.0,0.0,0.0,0.0,0.0
16544,0.0,0.0,0.0,0.0,0.0,0.0
16545,0.03932151117964534,0.015420200462606013,0.0,0.2914417887432537,0.0,0.0
16546,0.0,0.0,0.0,0.0,0.0,0.0
16547,0.0,0.0,0.0,0.0,0.0,0.0
16548,0.0,0.0,0.0,0.0,0.0,0.0
16549,0.0,0.0,0.0,0.0,0.0,0.0
16550,0.0,0.0,0.0,0.052173913043478265,0.0,0.0
16551,0.0,0.0,0.0,0.0,0.0,0.0
16552,0.0,0.0,0.0,0.08456486042692939,0.0,0.0
16553,0.0,0.0,0.0,0.02564102564102564,0.0,0.0
16554,0.0,0.0,0.0,0.0,0.0,0.0
16555,0.0,0.0,0.0,0.0,0.0,0.0
16556,0.0,0.0,0.0,0.019776440240756664,0.0,0.0
16557,0.0,0.0,0.0,0.12,0.0,0.0
16558,0.0,0.0,0.0,0.0,0.0,0.0
16559,0.0,0.0,0.0,0.02564102564102564,0.0,0.0
16560,0.0,0.0,0.0,0.0,0.0,0.0
16561,0.0,0.0,0.0,0.01809954751131222,0.0,0.0
16562,0.0,0.0,0.0,0.0,0.0,0.0
16563,0.0,0.0,0.0,0.038803556992724336,0.0,0.0
16564,0.0,0.0,0.0,0.0,0.0,0.0
16565,0.0,0.0,0.0,0.01577287066246057,0.0,0.0
16566,0.0,0.0,0.0,0.0,0.0,0.0
16567,0.0,0.0,0.0,0.11886304909560726,0.0,0.0
16568,0.0,0.0,0.0,0.0,0.0,0.0
16569,0.0,0.0,0.0,0.024390243902439025,0.0,0.0
16570,0.0,0.0,0.0,0.0,0.0,0.0
16571,0.0,0.0,0.0,0.0,0.0,0.0
16572,0.0,0.0,0.0,0.0,0.0,0.0
16573,0.0,0.0,0.0,0.0,0.0,0.0
16574,0.0,0.0,0.0,0.01649175412293853,0.0,0.0
16575,0.0,0.0,0.0,0.21518987341772156,0.0,0.0
16576,0.0,0.0,0.0,0.0,0.0,0.0
16577,0.0,0.0,0.0,0.0,0.0,0.0
16578,0.0,0.0,0.0,0.0,0.0,0.0
16579,0.0,0.0,0.0,0.0,0.0,0.0
16580,0.0,0.0,0.0,0.11428571428571427,0.0,0.0
16581,0.0,0.0,0.0,0.0,0.0,0.0
16582,0.0,0.0,0.0,0.0,0.0,0.0
16583,0.0,0.0,0.0,0.1489841986455982,0.0,0.0
16584,0.0,0.0,0.0,0.01050420168067227,0.0,0.0
16585,0.0,0.0,0.0,0.3878787878787879,0.0,0.0
16586,0.0,0.0,0.0,0.0013097576948264572,0.0,0.0
16587,0.0,0.0,0.0,0.0,0.0,0.0
16588,0.0,0.0,0.0,0.02254791431792559,0.0,0.0
16589,0.0,0.0,0.0,0.0,0.0,0.0
16590,0.0,0.0,0.0,0.0,0.0,0.0
16591,0.0,0.0,0.0,0.16049382716049382,0.0,0.0
16592,0.0,0.0,0.0,0.16666666666666666,0.0,0.0
16593,0.0,0.0,0.0,0.4664070107108082,0.0,0.0
16594,0.0,0.0,0.0,0.03286384976525822,0.0,0.0
16595,0.0,0.0,0.0,0.05483405483405483,0.0,0.0
16596,0.0,0.0,0.0,0.0,0.0,0.0
16597,0.0,0.0,0.0,0.21621621621621626,0.0,0.0
16598,0.0,0.0,0.0,0.0,0.0,0.0
16599,0.0,0.0,0.0,0.0625,0.0,0.0
16600,0.0,0.0,0.0,0.02404809619238477,0.0,0.0
16601,0.0,0.0,0.0,0.0,0.0,0.0
16602,0.0,0.0,0.0,0.0,0.0,0.0
16603,0.0,0.0,0.0,0.0,0.0,0.0
16604,0.0,0.0,0.0,0.0,0.0,0.0
16605,0.0,0.0,0.0,0.16784869976359335,0.0,0.0
16606,0.0,0.0,0.0,0.0,0.0,0.0
16607,0.0,0.0,0.0,0.0,0.0,0.0
16608,0.0,0.0,0.0,0.4144144144144144,0.0,0.0
16609,0.0,0.0,0.0,0.08459869848156182,0.0,0.0
16610,0.0,0.0,0.0,0.024742268041237112,0.0,0.0
16611,0.0,0.0,0.0,0.0,0.0,0.0
16612,0.0,0.0,0.0,0.13533834586466165,0.0,0.0
16613,0.0,0.0,0.0,0.04574468085106383,0.0,0.0
16614,0.0,0.0,0.0,0.018573996405032957,0.0,0.0
16615,0.0,0.0,0.0,0.0,0.0,0.0
16616,0.0,0.0,0.0,0.001851851851851852,0.0,0.0
16617,0.0,0.0,0.0,0.0,0.0,0.0
16618,0.0,0.0,0.0,0.009126466753585395,0.0,0.0
16619,0.0,0.0,0.0,0.0,0.0,0.0
16620,0.0,0.0,0.0,0.0821917808219178,0.0,0.0
16621,0.0,0.0,0.0,0.04324324324324325,0.0,0.0
16622,0.0,0.0,0.0,0.03043478260869565,0.0,0.0
16623,0.0,0.0,0.0,0.05773420479302833,0.0,0.0
16624,0.0,0.0,0.0,0.0,0.0,0.0
16625,0.0,0.0,0.0,0.0,0.0,0.0
16626,0.0,0.0,0.0,0.0109375,0.0,0.0
16627,0.0,0.0,0.0,0.2446087492298213,0.0,0.0
16628,0.0,0.0,0.0,0.2847222222222222,0.0,0.0
16629,0.0,0.0,0.0,0.3783783783783784,0.0,0.0
16630,0.0,0.0,0.0,0.0,0.0,0.0
16631,0.0,0.0,0.0,0.0,0.0,0.0
16632,0.0,0.0,0.0,0.0,0.0,0.0
16633,0.0,0.0,0.0,0.0,0.0,0.0
16634,0.0,0.0,0.0,0.0,0.0,0.0
16635,0.0,0.0,0.0,0.0,0.0,0.0
16636,0.0,0.0,0.0,0.07086614173228346,0.0,0.0
16637,0.0,0.0,0.0,0.013819095477386936,0.0,0.0
16638,0.0,0.0,0.0,0.0,0.0,0.0
16639,0.0,0.0,0.0,0.0,0.0,0.0
16640,0.0,0.0,0.0,0.0,0.0,0.0
16641,0.0,0.0,0.0,0.14879227053140096,0.0,0.0
16642,0.0,0.0,0.0,0.027898866608544032,0.0,0.0
16643,0.0246800731261426,0.0,0.0,0.01828153564899452,0.0,0.0
16644,0.0,0.0,0.0,0.0,0.0,0.0
16645,0.0,0.0,0.0,0.25676720804331016,0.011600928074245941,0.011600928074245941
16646,0.0,0.0,0.0,0.397864768683274,0.0,0.0
16647,0.0,0.0,0.0,0.35294117647058826,0.0,0.0
16648,0.0,0.0,0.0,0.09990749306197964,0.0,0.0
16649,0.0,0.0,0.0,0.0,0.0,0.0
16650,0.0,0.0,0.0,0.0,0.0,0.0
16651,0.0,0.0,0.0,0.0,0.0,0.0
16652,0.0,0.0,0.0,0.017385257301808066,0.0,0.0
16653,0.0,0.0,0.0,0.0,0.0,0.0
16654,0.0,0.0,0.0,0.0,0.0,0.0
16655,0.0,0.0,0.0,0.0,0.0,0.0
16656,0.0,0.0,0.0,0.0,0.0,0.0
16657,0.0,0.0,0.0,0.0,0.0,0.0
16658,0.0,0.0,0.0,0.2315270935960591,0.0,0.0
16659,0.0,0.0,0.0,0.03359858532272325,0.0,0.0
16660,0.0,0.0,0.0,0.0,0.0,0.0
16661,0.0,0.0,0.0,0.0,0.0,0.0
16662,0.0,0.0,0.0,0.051369863013698634,0.0,0.0
16663,0.0,0.0,0.0,0.0,0.0,0.0
16664,0.0,0.0,0.0,0.0,0.0,0.0
16665,0.0,0.0,0.0,0.0,0.0,0.0
16666,0.0,0.0,0.0,0.011377245508982036,0.0,0.0
16667,0.0,0.0,0.0,0.1460775473399459,0.0,0.0
16668,0.0,0.0,0.0,0.0,0.0,0.0
16669,0.0,0.0,0.0,0.0,0.0,0.0
16670,0.0,0.0,0.0,0.0,0.0,0.0
16671,0.0,0.0,0.0,0.10497237569060773,0.0,0.0
16672,0.0,0.0,0.0,0.030249110320284694,0.0,0.0
16673,0.0,0.0,0.0,0.11375661375661375,0.0,0.0
16674,0.0,0.0,0.0,0.0,0.0,0.0
16675,0.0,0.0,0.0,0.16576576576576574,0.0,0.0
16676,0.0,0.0,0.0,0.0,0.0,0.0
16677,0.0,0.0,0.0,0.0,0.0,0.0
16678,0.0,0.0,0.0,0.0,0.0,0.0
16679,0.020850040096230957,0.0,0.0,0.040096230954290296,0.01603849238171612,0.01603849238171612
16680,0.0,0.0,0.0,0.0,0.0,0.0
16681,0.0,0.0,0.0,0.0,0.0,0.0
16682,0.032982456140350884,0.016140350877192983,0.0,0.07929824561403509,0.0,0.0
16683,0.0,0.0,0.0,0.029034436191762318,0.0,0.0
16684,0.0,0.0,0.0,0.08279569892473118,0.0,0.0
16685,0.0,0.0,0.0,0.12070566388115135,0.0,0.0
16686,0.0,0.0,0.0,0.0,0.0,0.0
16687,0.0,0.0,0.0,0.010373443983402491,0.0,0.0
16688,0.0,0.0,0.0,0.0032388663967611326,0.0,0.0
16689,0.014619883040935672,0.0,0.0,0.22417153996101366,0.0,0.0
16690,0.0,0.0,0.0,0.0,0.0,0.0
16691,0.0,0.0,0.0,0.0,0.0,0.0
16692,0.0,0.0,0.0,0.06462585034013606,0.0,0.0
16693,0.0,0.0,0.0,0.006265664160401002,0.0,0.0
16694,0.0,0.0,0.0,0.0,0.0,0.0
16695,0.0,0.0,0.0,0.0,0.0,0.0
16696,0.0,0.0,0.0,0.0,0.0,0.0
16697,0.0,0.0,0.0,0.0066469719350073855,0.0,0.0
16698,0.0,0.0,0.0,0.0,0.0,0.0
16699,0.0,0.0,0.0,0.0,0.0,0.0
16700,0.0,0.0,0.0,0.0,0.0,0.0
16701,0.0,0.0,0.0,0.08473282442748091,0.0,0.0
16702,0.0,0.0,0.0,0.0,0.0,0.0
16703,0.0,0.0,0.0,0.029985007496251874,0.0,0.0
16704,0.0,0.0,0.0,0.0,0.0,0.0
16705,0.0,0.0,0.0,0.0,0.0,0.0
16706,0.0,0.0,0.0,0.0,0.0,0.0
16707,0.0,0.0,0.0,0.0,0.0,0.0
16708,0.0,0.0,0.0,0.015578635014836797,0.0,0.0
16709,0.0,0.0,0.0,0.002403846153846154,0.0,0.0
16710,0.0,0.0,0.0,0.01303780964797914,0.0,0.0
16711,0.0,0.0,0.0,0.019566736547868627,0.0,0.0
16712,0.0,0.0,0.0,0.17307692307692307,0.0,0.0
16713,0.0,0.0,0.0,0.03343782654127482,0.0,0.0
16714,0.0,0.0,0.0,0.05630252100840336,0.0,0.0
16715,0.0,0.0,0.0,0.3037974683544304,0.0,0.0
16716,0.045248868778280535,0.045248868778280535,0.045248868778280535,0.05882352941176471,0.0,0.0
16717,0.0,0.0,0.0,0.21428571428571427,0.0,0.0
16718,0.0,0.0,0.0,0.0,0.0,0.0
16719,0.0,0.0,0.0,0.0,0.0,0.0
16720,0.0,0.0,0.0,0.041202672605790636,0.0,0.0
16721,0.0,0.0,0.0,0.0,0.0,0.0
16722,0.0,0.0,0.0,0.0,0.0,0.0
16723,0.0,0.0,0.0,0.0,0.0,0.0
16724,0.0,0.0,0.0,0.0,0.0,0.0
16725,0.0,0.0,0.0,0.0,0.0,0.0
16726,0.0,0.0,0.0,0.0,0.0,0.0
16727,0.0,0.0,0.0,0.0,0.0,0.0
16728,0.0,0.0,0.0,0.038318912237330034,0.0,0.0
16729,0.0,0.0,0.0,0.023443815683104285,0.0,0.0
16730,0.0,0.0,0.0,0.019298245614035092,0.0,0.0
16731,0.0,0.0,0.0,0.046288906624102164,0.0,0.0
16732,0.0,0.0,0.0,0.06454545454545453,0.0,0.0
16733,0.0,0.0,0.0,0.0,0.0,0.0
16734,0.0,0.0,0.0,0.10606060606060606,0.0,0.0
16735,0.0,0.0,0.0,0.0,0.0,0.0
16736,0.0,0.0,0.0,0.0,0.0,0.0
16737,0.0,0.0,0.0,0.0,0.0,0.0
16738,0.0,0.023181454836131096,0.0,0.08952837729816147,0.007194244604316547,0.0
16739,0.0,0.0,0.0,0.012269938650306749,0.0,0.0
16740,0.0,0.0,0.0,0.22641509433962265,0.0,0.0
16741,0.0,0.0,0.0,0.015770609318996414,0.0,0.0
16742,0.0,0.0,0.0,0.0,0.0,0.0
16743,0.0,0.0,0.0,0.0,0.0,0.0
16744,0.0,0.0,0.0,0.0,0.0,0.0
16745,0.0,0.0,0.0,0.11755725190839696,0.0,0.0
16746,0.0,0.0,0.0,0.0,0.0,0.0
16747,0.0,0.0,0.0,0.0,0.0,0.0
16748,0.0,0.0,0.0,0.08646917534027222,0.0,0.0
16749,0.0,0.0,0.0,0.030124908155767818,0.0,0.0
16750,0.0,0.0,0.0,0.0,0.0,0.0
16751,0.0,0.0,0.0,0.08768971332209106,0.0,0.0
16752,0.0,0.0,0.0,0.0,0.0,0.0
16753,0.0,0.0,0.0,0.02058319039451115,0.0,0.0
16754,0.0,0.0,0.0,0.0,0.0,0.0
16755,0.0,0.0,0.0,0.007194244604316547,0.0,0.0
16756,0.0,0.0,0.0,0.0,0.0,0.0
16757,0.0,0.0,0.0,0.3047091412742382,0.0,0.0
16758,0.0,0.0,0.0,0.0,0.0,0.0
16759,0.0,0.0,0.0,0.0,0.0,0.0
16760,0.0,0.0,0.0,0.0,0.0,0.0
16761,0.0,0.0,0.0,0.013448607108549471,0.0,0.0
16762,0.0,0.0,0.0,0.05802047781569966,0.0,0.0
16763,0.0,0.0,0.0,0.026383526383526385,0.0,0.0
16764,0.0,0.0,0.0,0.016105417276720352,0.0,0.0
16765,0.07692307692307693,0.0,0.0,0.0,0.0,0.0
16766,0.0,0.0,0.0,0.0,0.0,0.0
16767,0.0,0.0,0.0,0.0,0.0,0.0
16768,0.0,0.0,0.0,0.019768234492160874,0.0,0.0
16769,0.0,0.0,0.0,0.0,0.0,0.0
16770,0.0,0.0,0.0,0.01893004115226337,0.0,0.0
16771,0.0,0.0,0.0,0.0,0.0,0.0
16772,0.0,0.0,0.0,0.004324324324324324,0.0,0.0
16773,0.0,0.0,0.0,0.0,0.0,0.0
16774,0.0,0.0,0.0,0.0,0.0,0.0
16775,0.0,0.0,0.0,0.1901840490797546,0.0,0.0
16776,0.0,0.0,0.0,0.3129689174705252,0.0,0.0
16777,0.0,0.0,0.0,0.001597444089456869,0.0,0.0
16778,0.0,0.0,0.0,0.13569937369519833,0.0,0.0
16779,0.0,0.0,0.0,0.0,0.0,0.0
16780,0.050884955752212385,0.0,0.0,0.16592920353982302,0.0,0.0
16781,0.06368159203980099,0.0,0.0,0.07263681592039803,0.0,0.0
16782,0.0,0.0,0.0,0.0,0.0,0.0
16783,0.0,0.0,0.0,0.0,0.0,0.0
16784,0.0,0.0,0.0,0.0,0.0,0.0
16785,0.0,0.0,0.0,0.047244094488188976,0.0,0.0
16786,0.0,0.0,0.0,0.0,0.0,0.0
16787,0.0,0.0,0.0,0.13043478260869565,0.0,0.0
16788,0.0,0.0,0.0,0.0,0.0,0.0
16789,0.0,0.0,0.0,0.0,0.0,0.0
16790,0.0,0.0,0.0,0.375,0.0,0.0
16791,0.0,0.0,0.0,0.0,0.0,0.0
16792,0.0,0.0,0.0,0.0,0.0,0.0
16793,0.0,0.0,0.0,0.0,0.0,0.0
16794,0.0,0.0,0.0,0.21428571428571427,0.0,0.0
16795,0.0,0.0,0.0,0.017797552836484983,0.0,0.0
16796,0.01442672741078208,0.0,0.0,0.11465451784358392,0.0,0.0
16797,0.0,0.0,0.0,0.0,0.0,0.0
16798,0.0,0.0,0.0,0.0,0.0,0.0
16799,0.0,0.0,0.0,0.0,0.0,0.0
16800,0.0,0.0,0.0,0.029126213592233014,0.0,0.0
16801,0.0,0.0,0.0,0.0,0.0,0.0
16802,0.0,0.0,0.0,0.009287925696594429,0.0,0.0
16803,0.02019446522064323,0.02019446522064323,0.0,0.0,0.0,0.0
16804,0.0,0.0,0.0,0.20679886685552407,0.0,0.0
16805,0.0,0.0,0.0,0.0,0.0,0.0
16806,0.0,0.0,0.0,0.0,0.0,0.0
16807,0.0,0.0,0.0,0.0,0.0,0.0
16808,0.0,0.0,0.0,0.009523809523809523,0.0,0.0
16809,0.0,0.0,0.0,0.2631578947368421,0.0,0.0
16810,0.0,0.0,0.0,0.01762917933130699,0.0,0.0
16811,0.0,0.0,0.0,0.026168224299065426,0.0,0.0
16812,0.0,0.0,0.0,0.022872827081427263,0.0,0.0
16813,0.0,0.0,0.0,0.0,0.0,0.0
16814,0.0,0.0,0.0,0.07482993197278913,0.0,0.0
16815,0.0,0.0,0.0,0.0,0.0,0.0
16816,0.0,0.0,0.0,0.0,0.0,0.0
16817,0.0,0.0,0.0,0.1320754716981132,0.0,0.0
16818,0.0,0.0,0.0,0.03815580286168521,0.0,0.0
16819,0.0,0.0,0.0,0.0,0.0,0.0
16820,0.0,0.0,0.0,0.02402135231316726,0.0,0.0
16821,0.0,0.0,0.0,0.0,0.0,0.0
16822,0.0,0.0,0.0,0.10344827586206896,0.0,0.0
16823,0.0,0.0,0.0,0.0,0.0,0.0
16824,0.0,0.0,0.0,0.3507972665148064,0.0,0.0
16825,0.0,0.0,0.0,0.0,0.0,0.0
16826,0.0,0.0,0.0,0.0,0.0,0.0
16827,0.0,0.0,0.0,0.20689655172413796,0.0,0.0
16828,0.0,0.0,0.0,0.14285714285714285,0.0,0.0
16829,0.0,0.0,0.0,0.09610389610389612,0.0,0.0
16830,0.0,0.0,0.0,0.2505966587112172,0.0,0.0
16831,0.0,0.0,0.0,0.0,0.0,0.0
16832,0.0,0.0,0.0,0.08074534161490682,0.0,0.0
16833,0.0,0.0,0.0,0.12188895979578812,0.0,0.0
16834,0.0,0.0,0.0,0.0,0.0,0.0
16835,0.0,0.0,0.0,0.375886524822695,0.0,0.0
16836,0.0,0.0,0.0,0.0,0.0,0.0
16837,0.0,0.0,0.0,0.0,0.0,0.0
16838,0.0,0.0,0.0,0.047244094488188976,0.0,0.0
16839,0.0,0.0,0.0,0.04697380307136405,0.0,0.0
16840,0.0,0.0,0.0,0.0,0.0,0.0
16841,0.0,0.0,0.0,0.17820867959372114,0.0,0.0
16842,0.0,0.0,0.0,0.0042796005706134095,0.0,0.0
16843,0.0,0.0,0.0,0.0137875101378751,0.0,0.0
16844,0.0,0.0,0.0,0.1644295302013423,0.0,0.0
16845,0.0,0.0,0.0,0.0,0.0,0.0
16846,0.0,0.0,0.0,0.078125,0.0,0.0
16847,0.0,0.0,0.0,0.01148600143575018,0.0,0.0
16848,0.0,0.0,0.0,0.013793103448275862,0.0,0.0
16849,0.0,0.0,0.0,0.29465301478953354,0.0,0.0
16850,0.0,0.0,0.0,0.07106164383561643,0.0,0.0
16851,0.0,0.0,0.0,0.0,0.0,0.0
16852,0.0,0.0,0.0,0.0036496350364963507,0.0,0.0
16853,0.0,0.0,0.0,0.056751467710371824,0.0,0.0
16854,0.010061242344706912,0.0,0.0,0.0726159230096238,0.011811023622047244,0.011811023622047244
16855,0.0,0.0,0.0,0.0,0.0,0.0
16856,0.02,0.0,0.0,0.2632,0.0,0.0
16857,0.0,0.0,0.0,0.0,0.0,0.0
16858,0.0,0.0,0.0,0.025306122448979597,0.0,0.0
16859,0.0,0.0,0.0,0.0,0.0,0.0
16860,0.0,0.0,0.0,0.0,0.0,0.0
16861,0.0,0.0,0.0,0.2382198952879581,0.026178010471204192,0.026178010471204192
16862,0.0,0.0,0.0,0.09803921568627452,0.0,0.0
16863,0.0,0.0,0.0,0.0,0.0,0.0
16864,0.0,0.0,0.0,0.0,0.0,0.0
16865,0.0,0.0,0.0,0.11805555555555555,0.0,0.0
16866,0.0,0.0,0.0,0.014746543778801843,0.0,0.0
16867,0.0,0.0,0.0,0.18874172185430466,0.0,0.0
16868,0.04859335038363171,0.016624040920716114,0.016624040920716114,0.1815856777493606,0.015345268542199487,0.015345268542199487
16869,0.0,0.0,0.0,0.021215043394406944,0.0,0.0
16870,0.0,0.0,0.0,0.2465373961218837,0.0,0.0
16871,0.0,0.0,0.0,0.0,0.0,0.0
16872,0.0,0.0,0.0,0.08888888888888889,0.0,0.0
16873,0.0,0.0,0.0,0.004812319538017324,0.0,0.0
16874,0.0,0.0,0.0,0.0576923076923077,0.0,0.0
16875,0.0,0.0,0.0,0.0,0.0,0.0
16876,0.0,0.0,0.0,0.0,0.0,0.0
16877,0.0,0.0,0.0,0.0,0.0,0.0
16878,0.0,0.0,0.0,0.0,0.0,0.0
16879,0.0,0.0,0.0,0.0,0.0,0.0
16880,0.0,0.0,0.0,0.2375478927203065,0.0,0.0
16881,0.0,0.0,0.0,0.0,0.0,0.0
16882,0.0,0.0,0.0,0.0,0.0,0.0
16883,0.0,0.0,0.0,0.018498367791077257,0.0,0.0
16884,0.0,0.0,0.0,0.030947775628626693,0.0,0.0
16885,0.0,0.0,0.0,0.0,0.0,0.0
16886,0.0,0.0,0.0,0.13157894736842105,0.0,0.0
16887,0.0,0.0,0.0,0.0,0.0,0.0
16888,0.0,0.0,0.0,0.014958863126402391,0.0,0.0
16889,0.0,0.0,0.0,0.0,0.0,0.0
16890,0.0,0.0,0.0,0.07425742574257425,0.0,0.0
16891,0.0,0.0,0.0,0.0,0.0,0.0
16892,0.0,0.0,0.0,0.0,0.0,0.0
16893,0.0,0.0,0.0,0.0351493848857645,0.0,0.0
16894,0.0,0.0,0.0,0.0,0.0,0.0
16895,0.0,0.0,0.0,0.040076335877862586,0.0,0.0
16896,0.0,0.0,0.0,0.2,0.0,0.0
16897,0.0,0.0,0.0,0.2098635886673662,0.005246589716684155,0.005246589716684155
16898,0.0,0.0,0.0,0.0,0.0,0.0
16899,0.0,0.0,0.0,0.30612244897959184,0.0,0.0
16900,0.0,0.0,0.0,0.0,0.0,0.0
16901,0.0,0.0,0.0,0.17647058823529413,0.0,0.0
16902,0.0,0.0,0.0,0.0,0.0,0.0
16903,0.0,0.0,0.0,0.0,0.0,0.0
16904,0.0,0.0,0.0,0.0,0.0,0.0
16905,0.028549962434259963,0.0,0.0,0.09391435011269722,0.0,0.0
16906,0.0,0.0,0.0,0.0,0.0,0.0
16907,0.0,0.0,0.0,0.0,0.0,0.0
16908,0.0,0.0,0.0,0.0,0.0,0.0
16909,0.019953952417498082,0.0,0.0,0.10437452033768227,0.0,0.0
16910,0.0,0.0,0.0,0.0,0.0,0.0
16911,0.0,0.0,0.0,0.02681388012618296,0.0,0.0
16912,0.0,0.0,0.0,0.038461538461538464,0.0,0.0
16913,0.0,0.0,0.0,0.0,0.0,0.0
16914,0.0,0.0,0.0,0.09360518999073217,0.0,0.0
16915,0.0,0.0,0.0,0.05680473372781065,0.0,0.0
16916,0.0,0.0,0.0,0.24,0.0,0.0
16917,0.0,0.0,0.0,0.052727272727272734,0.0,0.0
16918,0.0,0.0,0.0,0.0,0.0,0.0
16919,0.0,0.0,0.0,0.0,0.0,0.0
16920,0.0,0.0,0.0,0.0,0.0,0.0
16921,0.0,0.0,0.0,0.004410143329658214,0.0,0.0
16922,0.0,0.0,0.0,0.0,0.0,0.0
16923,0.0,0.0,0.0,0.2857142857142857,0.0,0.0
16924,0.0,0.0,0.0,0.0,0.0,0.0
16925,0.0,0.0,0.0,0.3345111896348645,0.0,0.0
16926,0.0,0.0,0.0,0.0,0.0,0.0
16927,0.0,0.0,0.0,0.03283582089552239,0.0,0.0
16928,0.0,0.0,0.0,0.011310711909514305,0.0,0.0
16929,0.0,0.0,0.0,0.0,0.0,0.0
16930,0.0,0.0,0.0,0.0,0.0,0.0
16931,0.0,0.0,0.0,0.4444444444444444,0.0,0.0
16932,0.03713892709766162,0.0,0.0,0.033012379642365884,0.0,0.0
16933,0.0,0.0,0.0,0.01644528779253637,0.0,0.0
16934,0.0,0.0,0.0,0.13636363636363635,0.0,0.0
16935,0.0,0.0,0.0,0.0,0.0,0.0
16936,0.0,0.0,0.0,0.0,0.0,0.0
16937,0.0,0.0,0.0,0.0,0.0,0.0
16938,0.0,0.0,0.0,0.0456140350877193,0.0,0.0
16939,0.0,0.0,0.0,0.01644736842105263,0.0,0.0
16940,0.0,0.0,0.0,0.0,0.0,0.0
16941,0.0,0.0,0.0,0.1785063752276867,0.0,0.0
16942,0.0,0.0,0.0,0.0,0.0,0.0
16943,0.0,0.0,0.0,0.0,0.0,0.0
16944,0.0,0.0,0.0,0.0,0.0,0.0
16945,0.0,0.0,0.0,0.0,0.0,0.0
16946,0.0,0.0,0.0,0.06116504854368932,0.0,0.0
16947,0.0,0.0,0.0,0.0,0.0,0.0
16948,0.0,0.0,0.0,0.0,0.0,0.0
16949,0.0,0.0,0.0,0.08859223300970874,0.0,0.0
16950,0.06993006993006994,0.0,0.0,0.24575424575424576,0.0,0.0
16951,0.0,0.0,0.0,0.0,0.0,0.0
16952,0.0,0.0,0.0,0.041158536585365856,0.0,0.0
16953,0.0,0.0,0.0,0.06666666666666668,0.0,0.0
16954,0.0,0.0,0.0,0.0,0.0,0.0
16955,0.0,0.0,0.0,0.0,0.0,0.0
16956,0.0,0.0,0.0,0.012582781456953645,0.0,0.0
16957,0.0,0.0,0.0,0.0,0.0,0.0
16958,0.0,0.0,0.0,0.06555671175858481,0.0,0.0
16959,0.0,0.0,0.0,0.0,0.0,0.0
16960,0.0,0.0,0.0,0.0,0.0,0.0
16961,0.0,0.0,0.0,0.04314329738058552,0.0,0.0
16962,0.0,0.0,0.0,0.05243445692883896,0.0,0.0
16963,0.0,0.0,0.0,0.0,0.0,0.0
16964,0.0,0.0,0.0,0.0,0.0,0.0
16965,0.0,0.0,0.0,0.0,0.0,0.0
16966,0.0,0.0,0.0,0.020462633451957292,0.0,0.0
16967,0.0,0.0,0.0,0.0,0.0,0.0
16968,0.0,0.0,0.0,0.06699751861042183,0.0,0.0
16969,0.0,0.0,0.0,0.0,0.0,0.0
16970,0.0,0.0,0.0,0.0,0.0,0.0
16971,0.0,0.0,0.0,0.2568981921979068,0.0,0.0
16972,0.0,0.0,0.0,0.0,0.0,0.0
16973,0.0,0.0,0.0,0.00910010111223458,0.0,0.0
16974,0.0,0.0,0.0,0.0,0.0,0.0
16975,0.0,0.0,0.0,0.0,0.0,0.0
16976,0.0,0.0,0.0,0.0,0.0,0.0
16977,0.02316960148285449,0.0,0.0,0.0,0.0,0.0
16978,0.0,0.0,0.0,0.0,0.0,0.0
16979,0.0,0.0,0.0,0.003703703703703704,0.0,0.0
16980,0.0,0.0,0.0,0.16666666666666666,0.0,0.0
16981,0.0,0.0,0.0,0.0,0.0,0.0
16982,0.0,0.0,0.0,0.024,0.0,0.0
16983,0.0,0.0,0.0,0.0,0.0,0.0
16984,0.0,0.0,0.0,0.031835205992509365,0.0,0.0
16985,0.0,0.0,0.0,0.2144578313253012,0.0,0.0
16986,0.0,0.0,0.0,0.014705882352941175,0.0,0.0
16987,0.03382187147688838,0.0,0.0,0.133032694475761,0.0,0.0
16988,0.0,0.0,0.0,0.006066734074823054,0.0,0.0
16989,0.0,0.0,0.0,0.005422153369481022,0.0,0.0
16990,0.0,0.0,0.0,0.0,0.0,0.0
16991,0.0,0.0,0.0,0.0,0.0,0.0
16992,0.0,0.0,0.0,0.0,0.0,0.0
16993,0.0,0.0,0.0,0.0,0.0,0.0
16994,0.0,0.0,0.0,0.0,0.0,0.0
16995,0.0,0.0,0.0,0.0,0.0,0.0
16996,0.0,0.0,0.0,0.016205910390848427,0.0,0.0
16997,0.0,0.0,0.0,0.013970588235294118,0.0,0.0
16998,0.0,0.0,0.0,0.0,0.0,0.0
16999,0.0,0.0,0.0,0.08701957940536621,0.0,0.0
17000,0.0,0.0,0.0,0.04332129963898917,0.0,0.0
17001,0.0,0.0,0.0,0.08176100628930817,0.0,0.0
17002,0.0,0.0,0.0,0.0,0.0,0.0
17003,0.0,0.0,0.0,0.0,0.0,0.0
17004,0.0,0.0,0.0,0.0,0.0,0.0
17005,0.0,0.0,0.0,0.0,0.0,0.0
17006,0.0,0.0,0.0,0.08695652173913042,0.0,0.0
17007,0.0,0.0,0.0,0.0,0.0,0.0
17008,0.0,0.0,0.0,0.0,0.0,0.0
17009,0.0,0.0,0.0,0.01201923076923077,0.0,0.0
17010,0.2,0.2,0.0,0.2,0.2,0.0
17011,0.0,0.0,0.0,0.0,0.0,0.0
17012,0.0,0.0,0.0,0.193515704154002,0.0,0.0
17013,0.07706422018348624,0.0,0.0,0.09357798165137617,0.056880733944954125,0.056880733944954125
17014,0.0,0.0,0.0,0.2972972972972973,0.0,0.0
17015,0.0,0.0,0.0,0.15724815724815724,0.0,0.0
17016,0.0,0.0,0.0,0.031944444444444435,0.0,0.0
17017,0.0,0.0,0.0,0.0,0.0,0.0
17018,0.0,0.0,0.0,0.08983050847457627,0.0,0.0
17019,0.0,0.0,0.0,0.024193548387096774,0.0,0.0
17020,0.0,0.0,0.0,0.0,0.0,0.0
17021,0.0,0.0,0.0,0.0,0.0,0.0
17022,0.0,0.0,0.0,0.04882154882154882,0.0,0.0
17023,0.0,0.0,0.0,0.0,0.0,0.0
17024,0.0,0.0,0.0,0.0,0.0,0.0
17025,0.0,0.0,0.0,0.04166666666666666,0.0,0.0
17026,0.0,0.0,0.0,0.021897810218978103,0.0,0.0
17027,0.0,0.0,0.0,0.06339468302658488,0.0,0.0
17028,0.0,0.0,0.0,0.0,0.0,0.0
17029,0.0,0.0,0.0,0.12953367875647667,0.0,0.0
17030,0.0,0.0,0.0,0.0,0.0,0.0
17031,0.0,0.0,0.0,0.0,0.0,0.0
17032,0.0,0.0,0.0,0.04491017964071856,0.0,0.0
17033,0.0,0.0,0.0,0.0,0.0,0.0
17034,0.0,0.0,0.0,0.0,0.0,0.0
17035,0.0,0.0,0.0,0.13372781065088754,0.0,0.0
17036,0.0,0.09523809523809523,0.0,0.19047619047619047,0.0,0.0
17037,0.0,0.0,0.0,0.3140495867768595,0.0,0.0
17038,0.0,0.0,0.0,0.0,0.0,0.0
17039,0.1287512100677638,0.0,0.0,0.2323330106485963,0.0,0.0
17040,0.0,0.0,0.0,0.17367949865711724,0.0,0.0
17041,0.0,0.0,0.0,0.0,0.0,0.0
17042,0.0,0.0,0.0,0.0,0.0,0.0
17043,0.0,0.0,0.0,0.011042944785276074,0.0,0.0
17044,0.0,0.0,0.0,0.0,0.0,0.0
17045,0.0,0.0,0.0,0.0,0.0,0.0
17046,0.0,0.0,0.0,0.0,0.0,0.0
17047,0.0,0.0,0.0,0.0,0.0,0.0
17048,0.0,0.0,0.0,0.0,0.0,0.0
17049,0.0,0.0,0.0,0.0,0.0,0.0
17050,0.0,0.0,0.0,0.011216056670602123,0.0,0.0
17051,0.0,0.0,0.0,0.0,0.0,0.0
17052,0.0,0.0,0.0,0.0,0.0,0.0
17053,0.0,0.0,0.0,0.047619047619047616,0.0,0.0
17054,0.0,0.0,0.0,0.0,0.0,0.0
17055,0.0,0.0,0.0,0.001579778830963665,0.0,0.0
17056,0.0,0.0,0.0,0.0,0.0,0.0
17057,0.0,0.0,0.0,0.0,0.0,0.0
17058,0.0,0.0,0.0,0.34162162162162163,0.0,0.0
17059,0.0,0.0,0.0,0.29617021276595745,0.0,0.0
17060,0.0,0.0,0.0,0.0,0.0,0.0
17061,0.0,0.0,0.0,0.0,0.0,0.0
17062,0.0,0.0,0.0,0.005675368898978434,0.0,0.0
17063,0.0,0.0,0.0,0.0,0.0,0.0
17064,0.0,0.0,0.0,0.0351008215085885,0.0,0.0
17065,0.0,0.0,0.0,0.0,0.0,0.0
17066,0.0,0.0,0.0,0.0,0.0,0.0
17067,0.0,0.0,0.0,0.0,0.0,0.0
17068,0.0,0.0,0.0,0.2467661691542289,0.0,0.0
17069,0.0,0.0,0.0,0.0,0.0,0.0
17070,0.02586975914362177,0.0,0.0,0.1168599464763604,0.0,0.0
17071,0.0,0.0,0.0,0.2148997134670487,0.0,0.0
17072,0.0,0.0,0.0,0.0,0.0,0.0
17073,0.0,0.0,0.0,0.0,0.0,0.0
17074,0.0,0.0,0.0,0.0,0.0,0.0
17075,0.0,0.0,0.0,0.0,0.0,0.0
17076,0.0,0.0,0.0,0.0,0.0,0.0
17077,0.0,0.0,0.0,0.0,0.0,0.0
17078,0.0,0.0,0.0,0.0,0.0,0.0
17079,0.0,0.0,0.0,0.0,0.0,0.0
17080,0.0,0.0,0.0,0.030243261012491782,0.0,0.0
17081,0.0,0.0,0.0,0.08459051724137931,0.0,0.0
17082,0.0,0.0,0.0,0.0,0.0,0.0
17083,0.0,0.0,0.0,0.06202209005947324,0.0,0.0
17084,0.0,0.0,0.0,0.09105180533751962,0.0,0.0
17085,0.0,0.0,0.0,0.0,0.0,0.0
17086,0.0,0.0,0.0,0.0,0.0,0.0
17087,0.07225806451612904,0.0,0.0,0.17548387096774193,0.0,0.0
17088,0.0,0.0,0.0,0.22764227642276424,0.0,0.0
17089,0.0,0.0,0.0,0.061538461538461535,0.0,0.0
17090,0.0,0.0,0.0,0.07236842105263158,0.0,0.0
17091,0.0,0.0,0.0,0.0,0.0,0.0
17092,0.0,0.0,0.0,0.002949852507374631,0.0,0.0
17093,0.0,0.0,0.0,0.06227106227106227,0.0,0.0
17094,0.0,0.0,0.0,0.25054624908958484,0.0,0.0
17095,0.0,0.0,0.0,0.0505050505050505,0.0,0.0
17096,0.0,0.0,0.0,0.0,0.0,0.0
17097,0.0,0.0,0.0,0.0,0.0,0.0
17098,0.0,0.0,0.0,0.03724928366762178,0.0,0.0
17099,0.0,0.0,0.0,0.08360128617363344,0.0,0.0
17100,0.0,0.0,0.0,0.049056603773584916,0.0,0.0
17101,0.0,0.0,0.0,0.0,0.0,0.0
17102,0.0,0.0,0.0,0.0,0.0,0.0
17103,0.0,0.0,0.0,0.01892147587511826,0.0,0.0
17104,0.0,0.0,0.0,0.0,0.0,0.0
17105,0.0,0.0,0.0,0.0,0.0,0.0
17106,0.0,0.0,0.0,0.0,0.0,0.0
17107,0.0,0.0,0.0,0.0,0.0,0.0
17108,0.0,0.0,0.0,0.0,0.0,0.0
17109,0.0,0.0,0.0,0.0,0.0,0.0
17110,0.0,0.0,0.0,0.0,0.0,0.0
17111,0.0,0.0,0.0,0.0,0.0,0.0
17112,0.0,0.0,0.0,0.047386759581881537,0.0,0.0
17113,0.0,0.0,0.0,0.0,0.0,0.0
17114,0.0,0.0,0.0,0.027027027027027032,0.0,0.0
17115,0.0,0.0,0.0,0.0236734693877551,0.0,0.0
17116,0.0,0.0,0.0,0.0,0.0,0.0
17117,0.28185328185328185,0.0,0.0,0.08108108108108109,0.0,0.0
17118,0.0,0.0,0.0,0.0,0.0,0.0
17119,0.0,0.0,0.0,0.0,0.0,0.0
17120,0.0,0.0,0.0,0.0,0.0,0.0
17121,0.0,0.0,0.0,0.12608695652173912,0.0,0.0
17122,0.0,0.0,0.0,0.0,0.0,0.0
17123,0.0,0.0,0.0,0.0,0.0,0.0
17124,0.0,0.0,0.0,0.0,0.0,0.0
17125,0.0,0.0,0.0,0.0,0.0,0.0
17126,0.006437768240343348,0.0,0.0,0.04291845493562232,0.0,0.0
17127,0.0,0.0,0.0,0.013829787234042552,0.0,0.0
17128,0.0,0.0,0.0,0.07729468599033816,0.0,0.0
17129,0.0,0.0,0.0,0.0,0.0,0.0
17130,0.0,0.0,0.0,0.0,0.0,0.0
17131,0.0,0.0,0.0,0.20689655172413796,0.0,0.0
17132,0.0,0.0,0.0,0.006493506493506494,0.0,0.0
17133,0.0,0.0,0.0,0.0,0.0,0.0
17134,0.0,0.0,0.0,0.0,0.0,0.0
17135,0.0,0.0,0.0,0.0,0.0,0.0
17136,0.0,0.0,0.0,0.03237410071942446,0.0,0.0
17137,0.0,0.0,0.0,0.0,0.0,0.0
17138,0.0,0.0,0.0,0.0,0.0,0.0
17139,0.0,0.0,0.0,0.0,0.0,0.0
17140,0.0,0.0,0.0,0.06589595375722543,0.0,0.0
17141,0.02477291494632535,0.0,0.0,0.1593724194880264,0.0,0.0
17142,0.0,0.0,0.0,0.0028922631959508315,0.0,0.0
17143,0.0,0.0,0.0,0.0,0.0,0.0
17144,0.0,0.0,0.0,0.05785123966942149,0.0,0.0
17145,0.0,0.0,0.0,0.0,0.0,0.0
17146,0.0,0.0,0.0,0.0,0.0,0.0
17147,0.0,0.0,0.0,0.0,0.0,0.0
17148,0.0,0.0,0.0,0.0,0.0,0.0
17149,0.0,0.0,0.0,0.0,0.0,0.0
17150,0.0,0.0,0.0,0.0014914243102162564,0.0,0.0
17151,0.0,0.0,0.0,0.2544802867383513,0.0,0.0
17152,0.0,0.0,0.0,0.0,0.0,0.0
17153,0.0,0.0,0.0,0.0,0.0,0.0
17154,0.0,0.0,0.0,0.0,0.0,0.0
17155,0.0,0.0,0.0,0.06523534269199009,0.0,0.0
17156,0.0,0.0,0.0,0.0,0.0,0.0
17157,0.030516431924882632,0.0,0.0,0.10211267605633803,0.0,0.0
17158,0.0,0.0,0.0,0.0,0.0,0.0
17159,0.0,0.0,0.0,0.09473684210526316,0.0,0.0
17160,0.07806691449814128,0.05328376703841388,0.05328376703841388,0.027261462205700124,0.009913258983890954,0.009913258983890954
17161,0.0,0.0,0.0,0.020958083832335328,0.0,0.0
17162,0.0,0.0,0.0,0.0,0.0,0.0
17163,0.0,0.0,0.0,0.0,0.0,0.0
17164,0.0,0.0,0.0,0.0,0.0,0.0
17165,0.0,0.0,0.0,0.0,0.0,0.0
17166,0.0,0.0,0.0,0.0,0.0,0.0
17167,0.4,0.0,0.0,0.0,0.0,0.0
17168,0.0,0.0,0.0,0.07442888725128961,0.0,0.0
17169,0.0,0.0,0.0,0.125,0.0,0.0
17170,0.0,0.0,0.0,0.011026878015161955,0.0,0.0
17171,0.0,0.0,0.0,0.06521739130434782,0.0,0.0
17172,0.0,0.0,0.0,0.0,0.0,0.0
17173,0.0,0.0,0.0,0.0,0.0,0.0
17174,0.0,0.0,0.0,0.02479338842975207,0.0,0.0
17175,0.0,0.0,0.0,0.0,0.0,0.0
17176,0.03346456692913386,0.0,0.0,0.031496062992125984,0.0,0.0
17177,0.0,0.0,0.0,0.0277613703484938,0.0,0.0
17178,0.0,0.0,0.0,0.0,0.0,0.0
17179,0.0,0.0,0.0,0.0,0.0,0.0
17180,0.0,0.0,0.0,0.016655562958027982,0.0,0.0
17181,0.0,0.0,0.0,0.0,0.0,0.0
17182,0.0,0.0,0.0,0.0,0.0,0.0
17183,0.0,0.0,0.0,0.1756007393715342,0.0,0.0
17184,0.0,0.0,0.0,0.0,0.0,0.0
17185,0.0,0.0,0.0,0.0233837689133425,0.0,0.0
17186,0.0,0.0,0.0,0.057351407716371226,0.0,0.0
17187,0.0,0.0,0.0,0.0,0.0,0.0
17188,0.0,0.0,0.0,0.0,0.0,0.0
17189,0.0,0.0,0.0,0.005923000987166831,0.0,0.0
17190,0.0,0.0,0.0,0.028350515463917526,0.0,0.0
17191,0.0,0.0,0.0,0.0,0.0,0.0
17192,0.0,0.0,0.0,0.0,0.0,0.0
17193,0.0,0.0,0.0,0.0,0.0,0.0
17194,0.0,0.0,0.0,0.05599369085173502,0.0,0.0
17195,0.0,0.0,0.0,0.025806451612903226,0.0,0.0
17196,0.0,0.0,0.0,0.007874015748031496,0.0,0.0
17197,0.0,0.0,0.0,0.06761006289308176,0.0,0.0
17198,0.0,0.0,0.0,0.0,0.0,0.0
17199,0.0,0.0,0.0,0.02097902097902098,0.0,0.0
17200,0.0,0.0,0.0,0.03079884504331088,0.0,0.0
17201,0.0,0.0,0.0,0.0,0.0,0.0
17202,0.0,0.0,0.0,0.052739726027397266,0.0,0.0
17203,0.0,0.0,0.0,0.0,0.0,0.0
17204,0.0,0.0,0.0,0.0,0.0,0.0
17205,0.0,0.0,0.0,0.019588638589618027,0.0,0.0
17206,0.0,0.0,0.0,0.3467048710601719,0.0,0.0
17207,0.0,0.0,0.0,0.023880597014925373,0.0,0.0
17208,0.0,0.0,0.0,0.18503937007874016,0.0,0.0
17209,0.0,0.0,0.0,0.0,0.0,0.0
17210,0.0,0.0,0.0,0.2727272727272727,0.0,0.0
17211,0.0,0.0,0.0,0.0,0.0,0.0
17212,0.0,0.0,0.0,0.0,0.0,0.0
17213,0.0,0.0,0.0,0.0,0.0,0.0
17214,0.0,0.0,0.0,0.0,0.0,0.0
17215,0.0,0.0,0.0,0.0,0.0,0.0
17216,0.0,0.0,0.0,0.002822201317027281,0.0,0.0
17217,0.0,0.0,0.0,0.0,0.0,0.0
17218,0.0,0.0,0.0,0.0,0.0,0.0
17219,0.0,0.0,0.0,0.0,0.0,0.0
17220,0.01916666666666666,0.0,0.0,0.11333333333333333,0.01,0.0
17221,0.0,0.0,0.0,0.0,0.0,0.0
17222,0.0,0.0,0.0,0.0,0.0,0.0
17223,0.0,0.0,0.0,0.19932998324958126,0.0,0.0
17224,0.0,0.0,0.0,0.0,0.0,0.0
17225,0.0,0.0,0.0,0.11280487804878048,0.0,0.0
17226,0.0,0.0,0.0,0.0,0.0,0.0
17227,0.0,0.0,0.0,0.0,0.0,0.0
17228,0.0,0.0,0.0,0.0,0.0,0.0
17229,0.0,0.0,0.0,0.0,0.0,0.0
17230,0.0,0.0,0.0,0.0,0.0,0.0
17231,0.0,0.0,0.0,0.0,0.0,0.0
17232,0.0,0.0,0.0,0.0,0.0,0.0
17233,0.0,0.0,0.0,0.0,0.0,0.0
17234,0.0,0.0,0.0,0.0,0.0,0.0
17235,0.0,0.0,0.0,0.6119402985074627,0.0,0.0
17236,0.0,0.0,0.0,0.0,0.0,0.0
17237,0.0,0.0,0.0,0.03536067892503536,0.0,0.0
17238,0.0,0.0,0.0,0.0,0.0,0.0
17239,0.0,0.0,0.0,0.0,0.0,0.0
17240,0.0,0.0,0.0,0.052227342549923186,0.0,0.0
17241,0.0,0.0,0.0,0.052910052910052914,0.0,0.0
17242,0.0,0.0,0.0,0.0,0.0,0.0
17243,0.0,0.0,0.0,0.0,0.0,0.0
17244,0.0,0.0,0.0,0.007128969539857421,0.0,0.0
17245,0.0,0.0,0.0,0.12764350453172205,0.0,0.0
17246,0.0,0.0,0.0,0.0,0.0,0.0
17247,0.0,0.0,0.0,0.00842358604091456,0.0,0.0
17248,0.0,0.0,0.0,0.0,0.0,0.0
17249,0.0,0.0,0.0,0.4,0.0,0.0
17250,0.0,0.0,0.0,0.0,0.0,0.0
17251,0.0,0.0,0.0,0.03382480485689505,0.0,0.0
17252,0.0,0.0,0.0,0.009882643607164916,0.0,0.0
17253,0.0,0.0,0.0,0.04758128469468675,0.0,0.0
17254,0.0,0.0,0.0,0.2308802308802309,0.0,0.0
17255,0.0,0.0,0.0,0.07921810699588477,0.0,0.0
17256,0.0,0.0,0.0,0.0,0.0,0.0
17257,0.0,0.0,0.0,0.0,0.0,0.0
17258,0.0,0.0,0.0,0.07527881040892194,0.0,0.0
17259,0.0,0.0,0.0,0.0,0.0,0.0
17260,0.0,0.0,0.0,0.0,0.0,0.0
17261,0.0,0.0,0.0,0.0,0.0,0.0
17262,0.0,0.0,0.0,0.04166666666666666,0.0,0.0
17263,0.0,0.0,0.0,0.0,0.0,0.0
17264,0.0,0.0,0.0,0.0,0.0,0.0
17265,0.0,0.0,0.0,0.02535657686212361,0.0,0.0
17266,0.0,0.0,0.0,0.06324110671936757,0.0,0.0
17267,0.0,0.0,0.0,0.16911764705882354,0.0,0.0
17268,0.0,0.0,0.0,0.01406799531066823,0.0,0.0
17269,0.0,0.0,0.0,0.02072538860103627,0.0,0.0
17270,0.0,0.0,0.0,0.0,0.0,0.0
17271,0.0,0.0,0.0,0.0006626905235255137,0.0,0.0
17272,0.0,0.0,0.0,0.3333333333333333,0.0,0.0
17273,0.0,0.0,0.0,0.016091954022988506,0.0,0.0
17274,0.0,0.0,0.0,0.0525,0.0,0.0
17275,0.0,0.0,0.0,0.03347280334728033,0.0,0.0
17276,0.0,0.0,0.0,0.1875957120980092,0.0,0.0
17277,0.0,0.0,0.0,0.0,0.0,0.0
17278,0.0,0.0,0.0,0.020984665052461663,0.0,0.0
17279,0.0,0.0,0.0,0.0,0.0,0.0
17280,0.0,0.0,0.0,0.0,0.0,0.0
17281,0.0,0.0,0.0,0.0,0.0,0.0
17282,0.0,0.0,0.0,0.0,0.0,0.0
17283,0.0,0.0,0.0,0.0,0.0,0.0
17284,0.0,0.0,0.0,0.0017064846416382253,0.0,0.0
17285,0.0,0.0,0.0,0.14465408805031446,0.0,0.0
17286,0.0,0.0,0.0,0.1425206124852768,0.0,0.0
17287,0.0,0.0,0.0,0.08385876418663303,0.0,0.0
17288,0.0,0.0,0.0,0.038117927337701016,0.0,0.0
17289,0.0,0.0,0.0,0.09117647058823528,0.0,0.0
17290,0.0,0.0,0.0,0.0,0.0,0.0
17291,0.0,0.0,0.0,0.0240506329113924,0.0,0.0
17292,0.0,0.0,0.0,0.016843971631205674,0.0,0.0
17293,0.0,0.0,0.0,0.0,0.0,0.0
17294,0.0,0.0,0.0,0.3056994818652849,0.0,0.0
17295,0.0,0.0,0.0,0.0,0.0,0.0
17296,0.0,0.0,0.0,0.0,0.0,0.0
17297,0.015173410404624275,0.0,0.0,0.02023121387283237,0.0,0.0
17298,0.0,0.0,0.0,0.017227877838684416,0.0,0.0
17299,0.0,0.0,0.0,0.0,0.0,0.0
17300,0.0,0.0,0.0,0.0,0.0,0.0
17301,0.0,0.0,0.0,0.0,0.0,0.0
17302,0.0,0.0,0.0,0.0,0.0,0.0
17303,0.0,0.0,0.0,0.0,0.0,0.0
17304,0.0,0.0,0.0,0.0,0.0,0.0
17305,0.0,0.0,0.0,0.04143646408839779,0.0,0.0
17306,0.0,0.0,0.0,0.0,0.0,0.0
17307,0.0,0.0,0.0,0.17056396148555708,0.0,0.0
17308,0.0,0.0,0.0,0.0,0.0,0.0
17309,0.0,0.0,0.0,0.07056694813027745,0.013872135102533172,0.013872135102533172
17310,0.0,0.0,0.0,0.0,0.0,0.0
17311,0.0,0.0,0.0,0.0030441400304414,0.0,0.0
17312,0.0,0.0,0.0,0.0275735294117647,0.0,0.0
17313,0.0,0.0,0.0,0.0,0.0,0.0
17314,0.0,0.0,0.0,0.0,0.0,0.0
17315,0.0,0.0,0.0,0.1145124716553288,0.0,0.0
17316,0.0,0.0,0.0,0.024390243902439025,0.0,0.0
17317,0.0,0.0,0.0,0.0006863417982155112,0.0,0.0
17318,0.0,0.0,0.0,0.22416302765647744,0.0,0.0
17319,0.0,0.0,0.0,0.018292682926829267,0.0,0.0
17320,0.0,0.0,0.0,0.0,0.0,0.0
17321,0.0,0.0,0.0,0.0,0.0,0.0
17322,0.0,0.0,0.0,0.0,0.0,0.0
17323,0.0,0.0,0.0,0.03968253968253968,0.0,0.0
17324,0.0,0.0,0.0,0.21889554224883567,0.0,0.0
17325,0.0,0.0,0.0,0.03453568687643899,0.0,0.0
17326,0.0,0.0,0.0,0.2670940170940171,0.0,0.0
17327,0.0,0.0,0.0,0.0,0.0,0.0
17328,0.0,0.0,0.0,0.14285714285714285,0.0,0.0
17329,0.0,0.0,0.0,0.023391812865497075,0.0,0.0
17330,0.007927519818799545,0.0,0.0,0.0,0.0,0.0
17331,0.0,0.0,0.0,0.0,0.0,0.0
17332,0.03576341127922971,0.01513067400275103,0.01513067400275103,0.16643741403026135,0.0,0.0
17333,0.0,0.0,0.0,0.0,0.0,0.0
17334,0.0,0.0,0.0,0.0,0.0,0.0
17335,0.0,0.0,0.0,0.06349206349206349,0.0,0.0
17336,0.0,0.0,0.0,0.0,0.0,0.0
17337,0.0,0.0,0.0,0.7222222222222222,0.0,0.0
17338,0.0,0.0,0.0,0.0,0.0,0.0
17339,0.0,0.0,0.0,0.05339805825242718,0.0,0.0
17340,0.0,0.0,0.0,0.019649122807017545,0.0,0.0
17341,0.0,0.0,0.0,0.0,0.0,0.0
17342,0.0,0.0,0.0,0.0,0.0,0.0
17343,0.0,0.0,0.0,0.0,0.0,0.0
17344,0.0,0.0,0.0,0.0,0.0,0.0
17345,0.0,0.0,0.0,0.1716867469879518,0.0,0.0
17346,0.0,0.0,0.0,0.0,0.0,0.0
17347,0.0,0.0,0.0,0.02338709677419355,0.0,0.0
17348,0.0,0.0,0.0,0.19426048565121407,0.0,0.0
17349,0.0,0.0,0.0,0.0,0.0,0.0
17350,0.0,0.0,0.0,0.0,0.0,0.0
17351,0.0,0.0,0.0,0.0,0.0,0.0
17352,0.0,0.0,0.0,0.0,0.0,0.0
17353,0.0,0.0,0.0,0.0,0.0,0.0
17354,0.0,0.0,0.0,0.0,0.0,0.0
17355,0.0,0.0,0.0,0.15254237288135594,0.0,0.0
17356,0.03142857142857143,0.0,0.0,0.17333333333333334,0.0,0.0
17357,0.0,0.0,0.0,0.02961672473867596,0.0,0.0
17358,0.0,0.0,0.0,0.0929535232383808,0.017991004497751126,0.0
17359,0.0,0.0,0.0,0.007246376811594203,0.0,0.0
17360,0.0,0.0,0.0,0.0,0.0,0.0
17361,0.0,0.0,0.0,0.0,0.0,0.0
17362,0.0,0.0,0.0,0.0,0.0,0.0
17363,0.0,0.0,0.0,0.0,0.0,0.0
17364,0.0,0.0,0.0,0.025,0.0,0.0
17365,0.0,0.0,0.0,0.07529280535415504,0.0,0.0
17366,0.0,0.0,0.0,0.02679275019700552,0.0,0.0
17367,0.0,0.0,0.0,0.0,0.0,0.0
17368,0.0,0.0,0.0,0.0,0.0,0.0
17369,0.0,0.0,0.0,0.0273972602739726,0.0,0.0
17370,0.0,0.0,0.0,0.16153846153846155,0.0,0.0
17371,0.0,0.0,0.0,0.0,0.0,0.0
17372,0.056245434623813005,0.010226442658875092,0.010226442658875092,0.1358655953250548,0.0,0.0
17373,0.0216998191681736,0.0,0.0,0.10397830018083183,0.0,0.0
17374,0.0,0.0,0.0,0.0,0.0,0.0
17375,0.0,0.0,0.0,0.1375796178343949,0.0,0.0
17376,0.0,0.0,0.0,0.0,0.0,0.0
17377,0.0,0.0,0.0,0.0,0.0,0.0
17378,0.0,0.0,0.0,0.06882591093117409,0.0,0.0
17379,0.0,0.0,0.0,0.14583333333333334,0.0,0.0
17380,0.0,0.0,0.0,0.0,0.0,0.0
17381,0.0,0.0,0.0,0.031088082901554407,0.0,0.0
17382,0.0,0.0,0.0,0.0,0.0,0.0
17383,0.0,0.0,0.0,0.0,0.0,0.0
17384,0.0,0.023978685612788632,0.0,0.1438721136767318,0.023978685612788632,0.023978685612788632
17385,0.0,0.0,0.0,0.0,0.0,0.0
17386,0.0,0.0,0.0,0.14033850493653033,0.0,0.0
17387,0.0,0.0,0.0,0.0,0.0,0.0
17388,0.0,0.0,0.0,0.0,0.0,0.0
17389,0.11285266457680253,0.0,0.0,0.10658307210031348,0.0,0.0
17390,0.0,0.0,0.0,0.03026481715006305,0.0,0.0
17391,0.0,0.0,0.0,0.1348122866894198,0.0,0.0
17392,0.0,0.0,0.0,0.0,0.0,0.0
17393,0.0,0.0,0.0,0.09033613445378152,0.0,0.0
17394,0.0,0.0,0.0,0.0,0.0,0.0
17395,0.0,0.0,0.0,0.058912386706948636,0.0,0.0
17396,0.0,0.0,0.0,0.0,0.0,0.0
17397,0.0,0.0,0.0,0.0,0.0,0.0
17398,0.07042253521126761,0.0,0.0,0.2605633802816901,0.0,0.0
17399,0.0,0.0,0.0,0.023809523809523808,0.0,0.0
17400,0.0,0.0,0.0,0.0,0.0,0.0
17401,0.0,0.0,0.0,0.0,0.0,0.0
17402,0.0,0.0,0.0,0.6203703703703703,0.0,0.0
17403,0.0,0.0,0.0,0.019753086419753086,0.0,0.0
17404,0.0,0.0,0.0,0.0,0.0,0.0
17405,0.0,0.0,0.0,0.01815038893690579,0.0,0.0
17406,0.0,0.0,0.0,0.0,0.0,0.0
17407,0.0,0.0,0.0,0.028571428571428567,0.0,0.0
17408,0.0,0.0,0.0,0.0,0.0,0.0
17409,0.0,0.0,0.0,0.0,0.0,0.0
17410,0.0,0.0,0.0,0.0,0.0,0.0
17411,0.0,0.0,0.0,0.05034550839091807,0.0,0.0
17412,0.0,0.0,0.0,0.0,0.0,0.0
17413,0.0,0.0,0.0,0.1892583120204604,0.0,0.0
17414,0.0,0.0,0.0,0.0,0.0,0.0
17415,0.0,0.0,0.0,0.0,0.0,0.0
17416,0.0,0.0,0.0,0.0,0.0,0.0
17417,0.0,0.0,0.0,0.09803921568627452,0.0,0.0
17418,0.0,0.0,0.0,0.16666666666666666,0.0,0.0
17419,0.0,0.0,0.0,0.03333333333333333,0.0,0.0
17420,0.0,0.0,0.0,0.0,0.0,0.0
17421,0.11650485436893206,0.05825242718446603,0.05825242718446603,0.1262135922330097,0.0,0.0
17422,0.0,0.0,0.0,0.0,0.0,0.0
17423,0.0,0.0,0.0,0.0,0.0,0.0
17424,0.0,0.0,0.0,0.0,0.0,0.0
17425,0.0,0.0,0.0,0.0,0.0,0.0
17426,0.0,0.0,0.0,0.07707509881422925,0.0,0.0
17427,0.0,0.0,0.0,0.0,0.0,0.0
17428,0.0,0.0,0.0,0.0,0.0,0.0
17429,0.0,0.0,0.0,0.03308519437551696,0.0,0.0
17430,0.0,0.0,0.0,0.0,0.0,0.0
17431,0.0,0.0,0.0,0.0,0.0,0.0
17432,0.0,0.0,0.0,0.18493611297915266,0.0,0.0
17433,0.0,0.0,0.0,0.0497131931166348,0.0,0.0
17434,0.0,0.0,0.0,0.03535353535353535,0.0,0.0
17435,0.0,0.0,0.0,0.022884882108183083,0.0,0.0
17436,0.0,0.0,0.0,0.1027190332326284,0.0,0.0
17437,0.0,0.0,0.0,0.0,0.0,0.0
17438,0.0,0.0,0.0,0.04263565891472868,0.0,0.0
17439,0.0,0.0,0.0,0.030303030303030307,0.0,0.0
17440,0.0,0.0,0.0,0.0,0.0,0.0
17441,0.0,0.0,0.0,0.0,0.0,0.0
17442,0.0,0.0,0.0,0.0,0.0,0.0
17443,0.0,0.0,0.0,0.0,0.0,0.0
17444,0.0,0.0,0.0,0.08695652173913042,0.0,0.0
17445,0.0,0.0,0.0,0.006313131313131313,0.0,0.0
17446,0.0,0.0,0.0,0.03785488958990536,0.0,0.0
17447,0.0,0.0,0.0,0.10784313725490197,0.0,0.0
17448,0.0,0.0,0.0,0.0,0.0,0.0
17449,0.0,0.0,0.0,0.0,0.0,0.0
17450,0.0,0.0,0.0,0.028244274809160308,0.0,0.0
17451,0.0,0.0,0.0,0.08223684210526316,0.0,0.0
17452,0.0,0.0,0.0,0.0,0.0,0.0
17453,0.0,0.0,0.0,0.0,0.0,0.0
17454,0.0,0.0,0.0,0.0,0.0,0.0
17455,0.0,0.0,0.0,0.05146198830409357,0.0,0.0
17456,0.0,0.0,0.0,0.09939759036144577,0.0,0.0
17457,0.0,0.0,0.0,0.0,0.0,0.0
17458,0.0,0.0,0.0,0.012909632571996028,0.0,0.0
17459,0.0,0.0,0.0,0.11541218637992832,0.0,0.0
17460,0.0,0.0,0.0,0.0,0.0,0.0
